DEPTH = 32768;
WIDTH = 8;
ADDRESS_RADIX = HEX;
DATA_RADIX = HEX;
CONTENT
BEGIN
0 : F3;
1 : C3;
2 : 12;
3 : 0D;
4 : BF;
5 : 1B;
6 : 98;
7 : 98;
8 : C3;
9 : 92;
A : 11;
B : 00;
C : C3;
D : D2;
E : 23;
F : 00;
10 : C3;
11 : A4;
12 : 11;
13 : 00;
14 : C3;
15 : 13;
16 : 24;
17 : 00;
18 : C3;
19 : C0;
1A : 11;
1B : 00;
1C : C3;
1D : 47;
1E : 24;
1F : 00;
20 : C3;
21 : C6;
22 : 11;
23 : 00;
24 : C3;
25 : 86;
26 : 24;
27 : 00;
28 : C3;
29 : CC;
2A : 11;
2B : 21;
2C : 02;
2D : 01;
2E : 00;
2F : 00;
30 : C3;
31 : DE;
32 : 11;
33 : 00;
34 : 00;
35 : 00;
36 : 00;
37 : 00;
38 : C3;
39 : 9A;
3A : 19;
3B : C3;
3C : F3;
3D : 11;
3E : C3;
3F : FD;
40 : 11;
41 : C3;
42 : 16;
43 : 02;
44 : C3;
45 : 22;
46 : 02;
47 : C3;
48 : 2E;
49 : 02;
4A : C3;
4B : 51;
4C : 02;
4D : C3;
4E : 57;
4F : 02;
50 : C3;
51 : 5F;
52 : 02;
53 : C3;
54 : 71;
55 : 02;
56 : C3;
57 : 85;
58 : 02;
59 : C3;
5A : A4;
5B : 02;
5C : C3;
5D : C3;
5E : 02;
5F : C3;
60 : E2;
61 : 02;
62 : C3;
63 : EB;
64 : 02;
65 : 00;
66 : C3;
67 : 12;
68 : 1A;
69 : C3;
6A : 35;
6B : 03;
6C : C3;
6D : 94;
6E : 03;
6F : C3;
70 : 9D;
71 : 03;
72 : C3;
73 : A6;
74 : 03;
75 : C3;
76 : AF;
77 : 03;
78 : C3;
79 : B8;
7A : 03;
7B : C3;
7C : 10;
7D : 04;
7E : C3;
7F : 3F;
80 : 04;
81 : C3;
82 : 72;
83 : 04;
84 : C3;
85 : C8;
86 : 04;
87 : C3;
88 : DB;
89 : 04;
8A : C3;
8B : E5;
8C : 04;
8D : C3;
8E : F0;
8F : 04;
90 : C3;
91 : EE;
92 : 17;
93 : C3;
94 : 06;
95 : 18;
96 : C3;
97 : 10;
98 : 18;
99 : C3;
9A : 0F;
9B : 12;
9C : C3;
9D : 21;
9E : 12;
9F : C3;
A0 : 34;
A1 : 12;
A2 : C3;
A3 : 59;
A4 : 12;
A5 : C3;
A6 : 8D;
A7 : 15;
A8 : C3;
A9 : B7;
AA : 15;
AB : C3;
AC : C5;
AD : 15;
AE : C3;
AF : EA;
B0 : 15;
B1 : C3;
B2 : 08;
B3 : 16;
B4 : C3;
B5 : FF;
B6 : 15;
B7 : C3;
B8 : D9;
B9 : 16;
BA : C3;
BB : F5;
BC : 16;
BD : C3;
BE : 07;
BF : 17;
C0 : C3;
C1 : 0A;
C2 : 17;
C3 : C3;
C4 : 29;
C5 : 07;
C6 : C3;
C7 : 1A;
C8 : 17;
C9 : C3;
CA : 1E;
CB : 17;
CC : C3;
CD : 2F;
CE : 17;
CF : C3;
D0 : 41;
D1 : 17;
D2 : C3;
D3 : 53;
D4 : 17;
D5 : C3;
D6 : 43;
D7 : 18;
D8 : C3;
D9 : B6;
DA : 18;
DB : C3;
DC : FB;
DD : 18;
DE : C3;
DF : 0D;
E0 : 19;
E1 : C3;
E2 : 66;
E3 : 17;
E4 : C3;
E5 : 79;
E6 : 17;
E7 : C3;
E8 : 8B;
E9 : 17;
EA : C3;
EB : 9D;
EC : 17;
ED : C3;
EE : B0;
EF : 17;
F0 : C3;
F1 : C3;
F2 : 17;
F3 : C3;
F4 : D5;
F5 : 17;
F6 : C3;
F7 : 1E;
F8 : 19;
F9 : C3;
FA : 2D;
FB : 19;
FC : C3;
FD : 50;
FE : 08;
FF : C3;
100 : 62;
101 : 08;
102 : C3;
103 : 73;
104 : 08;
105 : C3;
106 : 82;
107 : 08;
108 : C3;
109 : 92;
10A : 08;
10B : C3;
10C : A3;
10D : 08;
10E : C3;
10F : B5;
110 : 08;
111 : C3;
112 : C5;
113 : 08;
114 : C3;
115 : 00;
116 : 09;
117 : C3;
118 : 0E;
119 : 09;
11A : C3;
11B : 20;
11C : 09;
11D : C3;
11E : 32;
11F : 09;
120 : C3;
121 : 43;
122 : 09;
123 : C3;
124 : 53;
125 : 09;
126 : C3;
127 : 65;
128 : 09;
129 : C3;
12A : 77;
12B : 09;
12C : C3;
12D : 89;
12E : 09;
12F : C3;
130 : 9A;
131 : 09;
132 : C3;
133 : 5B;
134 : 19;
135 : C3;
136 : 15;
137 : 18;
138 : C3;
139 : 1E;
13A : 18;
13B : C3;
13C : 21;
13D : 18;
13E : C3;
13F : 24;
140 : 18;
141 : C3;
142 : 27;
143 : 18;
144 : C3;
145 : 36;
146 : 18;
147 : C3;
148 : 3A;
149 : 18;
14A : C3;
14B : 3E;
14C : 18;
14D : C3;
14E : 67;
14F : 19;
150 : C3;
151 : 79;
152 : 19;
153 : C3;
154 : 7D;
155 : 19;
156 : C3;
157 : 93;
158 : 19;
159 : C3;
15A : 24;
15B : 1B;
15C : C3;
15D : ED;
15E : 1A;
15F : C3;
160 : F3;
161 : 1A;
162 : C3;
163 : DE;
164 : 10;
165 : C3;
166 : 2C;
167 : 06;
168 : C3;
169 : 3B;
16A : 1B;
16B : C3;
16C : 32;
16D : 06;
16E : C3;
16F : 47;
170 : 06;
171 : C3;
172 : 51;
173 : 06;
174 : C3;
175 : 8D;
176 : 06;
177 : C3;
178 : 93;
179 : 06;
17A : 00;
17B : 00;
17C : 00;
17D : 00;
17E : 00;
17F : 00;
180 : 00;
181 : 00;
182 : 00;
183 : 00;
184 : 00;
185 : 00;
186 : 00;
187 : 00;
188 : 00;
189 : 00;
18A : 00;
18B : 00;
18C : 00;
18D : 00;
18E : 00;
18F : 00;
190 : 00;
191 : 00;
192 : 00;
193 : 00;
194 : 00;
195 : 00;
196 : 00;
197 : 00;
198 : 00;
199 : 00;
19A : 00;
19B : 00;
19C : 00;
19D : 00;
19E : 00;
19F : 00;
1A0 : 00;
1A1 : 00;
1A2 : 00;
1A3 : 00;
1A4 : 00;
1A5 : 00;
1A6 : 00;
1A7 : 00;
1A8 : 00;
1A9 : 00;
1AA : 00;
1AB : 00;
1AC : 00;
1AD : 00;
1AE : 00;
1AF : 00;
1B0 : 00;
1B1 : 00;
1B2 : 00;
1B3 : 00;
1B4 : 00;
1B5 : 00;
1B6 : 00;
1B7 : 00;
1B8 : 00;
1B9 : 00;
1BA : 00;
1BB : 00;
1BC : 00;
1BD : 00;
1BE : 00;
1BF : 00;
1C0 : 00;
1C1 : 00;
1C2 : 00;
1C3 : 00;
1C4 : 00;
1C5 : 00;
1C6 : 00;
1C7 : 00;
1C8 : 00;
1C9 : 00;
1CA : 00;
1CB : 00;
1CC : 00;
1CD : 00;
1CE : 00;
1CF : 00;
1D0 : 00;
1D1 : 00;
1D2 : 00;
1D3 : 00;
1D4 : 00;
1D5 : 00;
1D6 : 00;
1D7 : 00;
1D8 : 00;
1D9 : 00;
1DA : 00;
1DB : 00;
1DC : 00;
1DD : 00;
1DE : 00;
1DF : 00;
1E0 : 00;
1E1 : 00;
1E2 : 00;
1E3 : 00;
1E4 : 00;
1E5 : 00;
1E6 : 00;
1E7 : 00;
1E8 : 00;
1E9 : 00;
1EA : 00;
1EB : 00;
1EC : 00;
1ED : 00;
1EE : 00;
1EF : 00;
1F0 : 00;
1F1 : 00;
1F2 : 00;
1F3 : 00;
1F4 : 00;
1F5 : 00;
1F6 : 00;
1F7 : 00;
1F8 : 00;
1F9 : 00;
1FA : 00;
1FB : 00;
1FC : 00;
1FD : 00;
1FE : 00;
1FF : 00;
200 : 4F;
201 : 06;
202 : 00;
203 : 09;
204 : 09;
205 : C3;
206 : 11;
207 : 02;
208 : BE;
209 : 23;
20A : 28;
20B : 05;
20C : 23;
20D : 23;
20E : 10;
20F : F8;
210 : C9;
211 : 4E;
212 : 23;
213 : 66;
214 : 69;
215 : E9;
216 : 3A;
217 : E0;
218 : F3;
219 : E6;
21A : BF;
21B : 47;
21C : 0E;
21D : 01;
21E : CD;
21F : 2E;
220 : 02;
221 : C9;
222 : 3A;
223 : E0;
224 : F3;
225 : F6;
226 : 40;
227 : 47;
228 : 0E;
229 : 01;
22A : CD;
22B : 2E;
22C : 02;
22D : C9;
22E : F3;
22F : CB;
230 : B9;
231 : 78;
232 : D3;
233 : 99;
234 : 79;
235 : F6;
236 : 80;
237 : D3;
238 : 99;
239 : FB;
23A : E5;
23B : 21;
23C : DF;
23D : F3;
23E : 79;
23F : FE;
240 : 08;
241 : 38;
242 : 07;
243 : FE;
244 : 18;
245 : 30;
246 : 08;
247 : 21;
248 : DF;
249 : FF;
24A : 78;
24B : 06;
24C : 00;
24D : 09;
24E : 77;
24F : E1;
250 : C9;
251 : CD;
252 : 5F;
253 : 02;
254 : DB;
255 : 98;
256 : C9;
257 : F5;
258 : CD;
259 : 71;
25A : 02;
25B : F1;
25C : D3;
25D : 98;
25E : C9;
25F : F3;
260 : AF;
261 : D3;
262 : 99;
263 : 3E;
264 : 8E;
265 : D3;
266 : 99;
267 : 7D;
268 : D3;
269 : 99;
26A : 7C;
26B : E6;
26C : 3F;
26D : D3;
26E : 99;
26F : FB;
270 : C9;
271 : F3;
272 : AF;
273 : D3;
274 : 99;
275 : 3E;
276 : 8E;
277 : D3;
278 : 99;
279 : 7D;
27A : D3;
27B : 99;
27C : 7C;
27D : E6;
27E : 3F;
27F : F6;
280 : 40;
281 : D3;
282 : 99;
283 : FB;
284 : C9;
285 : F5;
286 : 3A;
287 : AF;
288 : FC;
289 : FE;
28A : 05;
28B : 30;
28C : 05;
28D : CD;
28E : 71;
28F : 02;
290 : 18;
291 : 03;
292 : CD;
293 : 51;
294 : 06;
295 : 0B;
296 : 0C;
297 : 78;
298 : 41;
299 : 4F;
29A : 0C;
29B : F1;
29C : D3;
29D : 98;
29E : 10;
29F : FC;
2A0 : 0D;
2A1 : 20;
2A2 : F9;
2A3 : C9;
2A4 : 3A;
2A5 : AF;
2A6 : FC;
2A7 : FE;
2A8 : 04;
2A9 : 30;
2AA : 05;
2AB : CD;
2AC : 5F;
2AD : 02;
2AE : 18;
2AF : 03;
2B0 : CD;
2B1 : 47;
2B2 : 06;
2B3 : E5;
2B4 : EB;
2B5 : 0B;
2B6 : 0C;
2B7 : 78;
2B8 : 41;
2B9 : 3C;
2BA : 0E;
2BB : 98;
2BC : ED;
2BD : B2;
2BE : 3D;
2BF : 20;
2C0 : FB;
2C1 : E1;
2C2 : C9;
2C3 : EB;
2C4 : 3A;
2C5 : AF;
2C6 : FC;
2C7 : FE;
2C8 : 04;
2C9 : 30;
2CA : 05;
2CB : CD;
2CC : 71;
2CD : 02;
2CE : 18;
2CF : 03;
2D0 : CD;
2D1 : 51;
2D2 : 06;
2D3 : EB;
2D4 : 0B;
2D5 : 0C;
2D6 : 78;
2D7 : 41;
2D8 : 3C;
2D9 : 0E;
2DA : 98;
2DB : ED;
2DC : B3;
2DD : 3D;
2DE : 20;
2DF : FB;
2E0 : EB;
2E1 : C9;
2E2 : DD;
2E3 : E5;
2E4 : DD;
2E5 : 21;
2E6 : D1;
2E7 : 00;
2E8 : C3;
2E9 : ED;
2EA : 1A;
2EB : 3A;
2EC : AF;
2ED : FC;
2EE : FE;
2EF : 08;
2F0 : 28;
2F1 : 3A;
2F2 : 3D;
2F3 : F5;
2F4 : 3A;
2F5 : E9;
2F6 : F3;
2F7 : 07;
2F8 : 07;
2F9 : 07;
2FA : 07;
2FB : E6;
2FC : F0;
2FD : 6F;
2FE : 3A;
2FF : EB;
300 : F3;
301 : B5;
302 : 47;
303 : 0E;
304 : 07;
305 : CD;
306 : 2E;
307 : 02;
308 : F1;
309 : C0;
30A : 3A;
30B : E9;
30C : F3;
30D : 07;
30E : 07;
30F : 07;
310 : 07;
311 : E6;
312 : F0;
313 : 21;
314 : EA;
315 : F3;
316 : B6;
317 : 2A;
318 : BF;
319 : F3;
31A : 01;
31B : 20;
31C : 00;
31D : F5;
31E : CD;
31F : 71;
320 : 02;
321 : F1;
322 : D3;
323 : 98;
324 : F5;
325 : 0B;
326 : 78;
327 : B1;
328 : 20;
329 : F7;
32A : F1;
32B : C9;
32C : 3A;
32D : EB;
32E : F3;
32F : 47;
330 : 0E;
331 : 07;
332 : C3;
333 : 2E;
334 : 02;
335 : 3A;
336 : AF;
337 : FC;
338 : B7;
339 : C8;
33A : CD;
33B : 5F;
33C : 03;
33D : 3A;
33E : AF;
33F : FC;
340 : FE;
341 : 04;
342 : 38;
343 : 10;
344 : 2A;
345 : 28;
346 : F9;
347 : 25;
348 : 25;
349 : 01;
34A : 00;
34B : 02;
34C : 3A;
34D : E9;
34E : F3;
34F : E6;
350 : 0F;
351 : CD;
352 : 32;
353 : 06;
354 : 2A;
355 : 26;
356 : F9;
357 : 01;
358 : 00;
359 : 08;
35A : AF;
35B : CD;
35C : 32;
35D : 06;
35E : C9;
35F : 3A;
360 : AF;
361 : FC;
362 : FE;
363 : 04;
364 : 38;
365 : 04;
366 : 1E;
367 : D9;
368 : 18;
369 : 02;
36A : 1E;
36B : D1;
36C : 2A;
36D : 28;
36E : F9;
36F : CD;
370 : 51;
371 : 06;
372 : 3A;
373 : E9;
374 : F3;
375 : 57;
376 : 01;
377 : 00;
378 : 20;
379 : F3;
37A : 7B;
37B : D3;
37C : 98;
37D : 3E;
37E : 00;
37F : D3;
380 : 98;
381 : 79;
382 : D3;
383 : 98;
384 : 0C;
385 : CD;
386 : E5;
387 : 04;
388 : 30;
389 : 03;
38A : 0C;
38B : 0C;
38C : 0C;
38D : 7A;
38E : D3;
38F : 98;
390 : 10;
391 : E8;
392 : FB;
393 : C9;
394 : DD;
395 : E5;
396 : DD;
397 : 21;
398 : D5;
399 : 00;
39A : C3;
39B : ED;
39C : 1A;
39D : DD;
39E : E5;
39F : DD;
3A0 : 21;
3A1 : D9;
3A2 : 00;
3A3 : C3;
3A4 : ED;
3A5 : 1A;
3A6 : DD;
3A7 : E5;
3A8 : DD;
3A9 : 21;
3AA : DD;
3AB : 00;
3AC : C3;
3AD : ED;
3AE : 1A;
3AF : DD;
3B0 : E5;
3B1 : DD;
3B2 : 21;
3B3 : E1;
3B4 : 00;
3B5 : C3;
3B6 : ED;
3B7 : 1A;
3B8 : 3A;
3B9 : B0;
3BA : F3;
3BB : FE;
3BC : 29;
3BD : 30;
3BE : 28;
3BF : 3A;
3C0 : DF;
3C1 : F3;
3C2 : E6;
3C3 : F1;
3C4 : 47;
3C5 : 0E;
3C6 : 00;
3C7 : CD;
3C8 : 2E;
3C9 : 02;
3CA : 3A;
3CB : E0;
3CC : F3;
3CD : E6;
3CE : E7;
3CF : F6;
3D0 : 10;
3D1 : 47;
3D2 : 0C;
3D3 : CD;
3D4 : 2E;
3D5 : 02;
3D6 : 11;
3D7 : B3;
3D8 : F3;
3D9 : 0E;
3DA : 02;
3DB : AF;
3DC : CD;
3DD : A3;
3DE : 04;
3DF : 13;
3E0 : 13;
3E1 : 0C;
3E2 : AF;
3E3 : CD;
3E4 : A3;
3E5 : 04;
3E6 : C9;
3E7 : 3A;
3E8 : DF;
3E9 : F3;
3EA : E6;
3EB : F1;
3EC : F6;
3ED : 04;
3EE : 47;
3EF : 0E;
3F0 : 00;
3F1 : CD;
3F2 : 2E;
3F3 : 02;
3F4 : 3A;
3F5 : E0;
3F6 : F3;
3F7 : E6;
3F8 : E7;
3F9 : F6;
3FA : 10;
3FB : 47;
3FC : 0C;
3FD : CD;
3FE : 2E;
3FF : 02;
400 : 11;
401 : 22;
402 : F9;
403 : 0E;
404 : 02;
405 : 3E;
406 : 03;
407 : CD;
408 : A3;
409 : 04;
40A : 0C;
40B : AF;
40C : CD;
40D : A3;
40E : 04;
40F : C9;
410 : 3A;
411 : DF;
412 : F3;
413 : E6;
414 : F1;
415 : 47;
416 : 0E;
417 : 00;
418 : CD;
419 : 2E;
41A : 02;
41B : 3A;
41C : E0;
41D : F3;
41E : E6;
41F : E7;
420 : 47;
421 : 0C;
422 : CD;
423 : 2E;
424 : 02;
425 : 11;
426 : BD;
427 : F3;
428 : 0E;
429 : 02;
42A : AF;
42B : CD;
42C : A3;
42D : 04;
42E : AF;
42F : CD;
430 : A3;
431 : 04;
432 : AF;
433 : CD;
434 : A3;
435 : 04;
436 : AF;
437 : CD;
438 : A3;
439 : 04;
43A : AF;
43B : CD;
43C : A3;
43D : 04;
43E : C9;
43F : 3A;
440 : DF;
441 : F3;
442 : E6;
443 : F1;
444 : F6;
445 : 02;
446 : 47;
447 : 0E;
448 : 00;
449 : CD;
44A : 2E;
44B : 02;
44C : 3A;
44D : E0;
44E : F3;
44F : E6;
450 : E7;
451 : 47;
452 : 0C;
453 : CD;
454 : 2E;
455 : 02;
456 : 11;
457 : C7;
458 : F3;
459 : 0E;
45A : 02;
45B : AF;
45C : CD;
45D : A3;
45E : 04;
45F : 3E;
460 : 7F;
461 : CD;
462 : A3;
463 : 04;
464 : 3E;
465 : 03;
466 : CD;
467 : A3;
468 : 04;
469 : AF;
46A : CD;
46B : A3;
46C : 04;
46D : AF;
46E : CD;
46F : A3;
470 : 04;
471 : C9;
472 : 3A;
473 : DF;
474 : F3;
475 : E6;
476 : F1;
477 : 47;
478 : 0E;
479 : 00;
47A : CD;
47B : 2E;
47C : 02;
47D : 3A;
47E : E0;
47F : F3;
480 : E6;
481 : E7;
482 : F6;
483 : 08;
484 : 47;
485 : 0C;
486 : CD;
487 : 2E;
488 : 02;
489 : 11;
48A : D1;
48B : F3;
48C : 0E;
48D : 02;
48E : AF;
48F : CD;
490 : A3;
491 : 04;
492 : AF;
493 : CD;
494 : A3;
495 : 04;
496 : AF;
497 : CD;
498 : A3;
499 : 04;
49A : AF;
49B : CD;
49C : A3;
49D : 04;
49E : AF;
49F : CD;
4A0 : A3;
4A1 : 04;
4A2 : C9;
4A3 : D5;
4A4 : F5;
4A5 : 21;
4A6 : C1;
4A7 : 04;
4A8 : 06;
4A9 : 00;
4AA : 09;
4AB : 46;
4AC : EB;
4AD : 7E;
4AE : 23;
4AF : 66;
4B0 : 6F;
4B1 : 29;
4B2 : 8F;
4B3 : 10;
4B4 : FC;
4B5 : 47;
4B6 : F1;
4B7 : B0;
4B8 : 47;
4B9 : CD;
4BA : 2E;
4BB : 02;
4BC : D1;
4BD : 13;
4BE : 13;
4BF : 0C;
4C0 : C9;
4C1 : 00;
4C2 : 00;
4C3 : 06;
4C4 : 0A;
4C5 : 05;
4C6 : 09;
4C7 : 05;
4C8 : 26;
4C9 : 00;
4CA : 6F;
4CB : 29;
4CC : 29;
4CD : 29;
4CE : CD;
4CF : E5;
4D0 : 04;
4D1 : 30;
4D2 : 02;
4D3 : 29;
4D4 : 29;
4D5 : ED;
4D6 : 5B;
4D7 : 26;
4D8 : F9;
4D9 : 19;
4DA : C9;
4DB : 87;
4DC : 87;
4DD : 2A;
4DE : 28;
4DF : F9;
4E0 : 16;
4E1 : 00;
4E2 : 5F;
4E3 : 19;
4E4 : C9;
4E5 : 3A;
4E6 : E0;
4E7 : F3;
4E8 : 0F;
4E9 : 0F;
4EA : 3E;
4EB : 08;
4EC : D0;
4ED : 3E;
4EE : 20;
4EF : C9;
4F0 : F5;
4F1 : FE;
4F2 : 20;
4F3 : 38;
4F4 : 0D;
4F5 : 3A;
4F6 : AF;
4F7 : FC;
4F8 : FE;
4F9 : 02;
4FA : 28;
4FB : 2B;
4FC : FE;
4FD : 05;
4FE : 30;
4FF : 1C;
500 : F1;
501 : C9;
502 : FE;
503 : 0D;
504 : 20;
505 : FA;
506 : F1;
507 : E5;
508 : C5;
509 : 2A;
50A : B9;
50B : FC;
50C : 01;
50D : 08;
50E : 00;
50F : 09;
510 : 22;
511 : B9;
512 : FC;
513 : 21;
514 : 00;
515 : 00;
516 : 22;
517 : B7;
518 : FC;
519 : C1;
51A : E1;
51B : C9;
51C : F1;
51D : DD;
51E : E5;
51F : DD;
520 : 21;
521 : 89;
522 : 00;
523 : C3;
524 : ED;
525 : 1A;
526 : C9;
527 : F1;
528 : E5;
529 : D5;
52A : C5;
52B : F5;
52C : CD;
52D : 2E;
52E : 08;
52F : ED;
530 : 5B;
531 : B9;
532 : FC;
533 : ED;
534 : 4B;
535 : B7;
536 : FC;
537 : CD;
538 : C5;
539 : 08;
53A : 3A;
53B : E9;
53C : F3;
53D : 32;
53E : F2;
53F : F3;
540 : 2A;
541 : 2A;
542 : F9;
543 : ED;
544 : 4B;
545 : CB;
546 : F3;
547 : 09;
548 : 11;
549 : 40;
54A : FC;
54B : 3A;
54C : B9;
54D : FC;
54E : E6;
54F : 07;
550 : 06;
551 : 00;
552 : 4F;
553 : 09;
554 : CD;
555 : 74;
556 : 05;
557 : 01;
558 : F0;
559 : 00;
55A : 09;
55B : 3A;
55C : B9;
55D : FC;
55E : 2F;
55F : E6;
560 : 07;
561 : 4F;
562 : CD;
563 : 74;
564 : 05;
565 : 2A;
566 : B7;
567 : FC;
568 : 01;
569 : 08;
56A : 00;
56B : 09;
56C : 22;
56D : B7;
56E : FC;
56F : F1;
570 : C1;
571 : D1;
572 : E1;
573 : C9;
574 : 3A;
575 : B7;
576 : FC;
577 : E6;
578 : 07;
579 : F5;
57A : C5;
57B : D5;
57C : E5;
57D : CD;
57E : FD;
57F : 05;
580 : 3A;
581 : B7;
582 : FC;
583 : E6;
584 : 07;
585 : 28;
586 : 1A;
587 : 3A;
588 : 2C;
589 : F9;
58A : 2F;
58B : 32;
58C : 2C;
58D : F9;
58E : E1;
58F : 01;
590 : 08;
591 : 00;
592 : 09;
593 : D1;
594 : C1;
595 : F1;
596 : CD;
597 : FD;
598 : 05;
599 : 3A;
59A : 2C;
59B : F9;
59C : 2F;
59D : 32;
59E : 2C;
59F : F9;
5A0 : C9;
5A1 : C1;
5A2 : 01;
5A3 : 08;
5A4 : 00;
5A5 : 09;
5A6 : C1;
5A7 : C1;
5A8 : F1;
5A9 : C9;
5AA : F5;
5AB : E5;
5AC : C5;
5AD : D5;
5AE : 57;
5AF : 58;
5B0 : ED;
5B1 : 4B;
5B2 : C9;
5B3 : F3;
5B4 : 09;
5B5 : 4F;
5B6 : 3A;
5B7 : F2;
5B8 : F3;
5B9 : E6;
5BA : 0F;
5BB : 47;
5BC : CD;
5BD : 51;
5BE : 02;
5BF : F5;
5C0 : E6;
5C1 : 0F;
5C2 : B8;
5C3 : 28;
5C4 : 11;
5C5 : F1;
5C6 : F5;
5C7 : 0F;
5C8 : 0F;
5C9 : 0F;
5CA : 0F;
5CB : E6;
5CC : 0F;
5CD : B8;
5CE : 20;
5CF : 0D;
5D0 : F1;
5D1 : D1;
5D2 : C1;
5D3 : E1;
5D4 : F1;
5D5 : C9;
5D6 : F1;
5D7 : D1;
5D8 : C1;
5D9 : E1;
5DA : F1;
5DB : 2F;
5DC : C9;
5DD : 7A;
5DE : B3;
5DF : FE;
5E0 : FF;
5E1 : 28;
5E2 : 11;
5E3 : F1;
5E4 : CB;
5E5 : 00;
5E6 : CB;
5E7 : 00;
5E8 : CB;
5E9 : 00;
5EA : CB;
5EB : 00;
5EC : E6;
5ED : 0F;
5EE : B0;
5EF : CD;
5F0 : 57;
5F1 : 02;
5F2 : 18;
5F3 : DD;
5F4 : F1;
5F5 : E6;
5F6 : F0;
5F7 : B0;
5F8 : CD;
5F9 : 57;
5FA : 02;
5FB : 18;
5FC : DA;
5FD : 41;
5FE : 3C;
5FF : 4F;
600 : 3E;
601 : 07;
602 : A8;
603 : 3C;
604 : 47;
605 : C5;
606 : CD;
607 : 51;
608 : 02;
609 : 47;
60A : 1A;
60B : CD;
60C : AA;
60D : 05;
60E : 0D;
60F : 28;
610 : 03;
611 : 0F;
612 : 18;
613 : FA;
614 : 4F;
615 : 3A;
616 : 2C;
617 : F9;
618 : A1;
619 : 4F;
61A : 78;
61B : B1;
61C : CD;
61D : 57;
61E : 02;
61F : 23;
620 : 13;
621 : C1;
622 : 10;
623 : E1;
624 : C9;
625 : 47;
626 : 52;
627 : 50;
628 : 50;
629 : 52;
62A : 54;
62B : 00;
62C : 3A;
62D : AF;
62E : FC;
62F : FE;
630 : 05;
631 : C9;
632 : F5;
633 : CD;
634 : 51;
635 : 06;
636 : 0B;
637 : 0C;
638 : 78;
639 : 41;
63A : 4F;
63B : 0C;
63C : F1;
63D : F3;
63E : D3;
63F : 98;
640 : 10;
641 : FC;
642 : 0D;
643 : 20;
644 : F9;
645 : FB;
646 : C9;
647 : CD;
648 : 5D;
649 : 06;
64A : 7C;
64B : E6;
64C : 3F;
64D : D3;
64E : 99;
64F : FB;
650 : C9;
651 : CD;
652 : 5D;
653 : 06;
654 : 7C;
655 : E6;
656 : 3F;
657 : F6;
658 : 40;
659 : D3;
65A : 99;
65B : FB;
65C : C9;
65D : 3A;
65E : F6;
65F : FA;
660 : B7;
661 : 28;
662 : 10;
663 : 3A;
664 : AF;
665 : FC;
666 : FE;
667 : 05;
668 : DA;
669 : 71;
66A : 02;
66B : FE;
66C : 07;
66D : 3A;
66E : F6;
66F : FA;
670 : 38;
671 : 01;
672 : 87;
673 : E5;
674 : E6;
675 : 03;
676 : 0F;
677 : 6F;
678 : E6;
679 : 80;
67A : AC;
67B : 17;
67C : CB;
67D : 15;
67E : 17;
67F : 7D;
680 : 17;
681 : F3;
682 : D3;
683 : 99;
684 : 3E;
685 : 8E;
686 : D3;
687 : 99;
688 : E1;
689 : 7D;
68A : D3;
68B : 99;
68C : C9;
68D : CD;
68E : 47;
68F : 06;
690 : DB;
691 : 98;
692 : C9;
693 : F5;
694 : CD;
695 : 51;
696 : 06;
697 : F1;
698 : D3;
699 : 98;
69A : C9;
69B : F3;
69C : D3;
69D : 99;
69E : 3E;
69F : 8F;
6A0 : D3;
6A1 : 99;
6A2 : DB;
6A3 : 99;
6A4 : F5;
6A5 : AF;
6A6 : D3;
6A7 : 99;
6A8 : 3E;
6A9 : 8F;
6AA : D3;
6AB : 99;
6AC : FB;
6AD : F1;
6AE : C9;
6AF : DB;
6B0 : 99;
6B1 : 01;
6B2 : 00;
6B3 : 00;
6B4 : CD;
6B5 : 2E;
6B6 : 02;
6B7 : 01;
6B8 : 01;
6B9 : E0;
6BA : CD;
6BB : 2E;
6BC : 02;
6BD : 01;
6BE : 02;
6BF : 00;
6C0 : CD;
6C1 : 2E;
6C2 : 02;
6C3 : 01;
6C4 : 03;
6C5 : 80;
6C6 : CD;
6C7 : 2E;
6C8 : 02;
6C9 : 01;
6CA : 04;
6CB : 01;
6CC : CD;
6CD : 2E;
6CE : 02;
6CF : 01;
6D0 : 08;
6D1 : 08;
6D2 : CD;
6D3 : 2E;
6D4 : 02;
6D5 : 3E;
6D6 : 01;
6D7 : 32;
6D8 : DC;
6D9 : F3;
6DA : 32;
6DB : DD;
6DC : F3;
6DD : CD;
6DE : 5A;
6DF : 07;
6E0 : 3E;
6E1 : 00;
6E2 : 21;
6E3 : 00;
6E4 : 08;
6E5 : 01;
6E6 : 00;
6E7 : 08;
6E8 : CD;
6E9 : 85;
6EA : 02;
6EB : 3E;
6EC : F5;
6ED : 21;
6EE : 00;
6EF : 20;
6F0 : 01;
6F1 : 20;
6F2 : 00;
6F3 : CD;
6F4 : 85;
6F5 : 02;
6F6 : 01;
6F7 : 07;
6F8 : F5;
6F9 : CD;
6FA : 2E;
6FB : 02;
6FC : 21;
6FD : BF;
6FE : 1B;
6FF : 11;
700 : 00;
701 : 08;
702 : 01;
703 : 00;
704 : 08;
705 : CD;
706 : C3;
707 : 02;
708 : C9;
709 : 01;
70A : 14;
70B : 00;
70C : CD;
70D : 2E;
70E : 02;
70F : 01;
710 : 15;
711 : 3B;
712 : CD;
713 : 2E;
714 : 02;
715 : 01;
716 : 16;
717 : 05;
718 : CD;
719 : 2E;
71A : 02;
71B : C9;
71C : 21;
71D : BF;
71E : 1B;
71F : ED;
720 : 5B;
721 : 24;
722 : F9;
723 : 01;
724 : 00;
725 : 08;
726 : C3;
727 : C3;
728 : 02;
729 : C0;
72A : 3A;
72B : AF;
72C : FC;
72D : FE;
72E : 09;
72F : D0;
730 : E5;
731 : 21;
732 : 39;
733 : 07;
734 : CD;
735 : 00;
736 : 02;
737 : E1;
738 : C9;
739 : 4B;
73A : 07;
73B : 5A;
73C : 07;
73D : 76;
73E : 07;
73F : 8C;
740 : 07;
741 : 76;
742 : 07;
743 : A0;
744 : 07;
745 : B0;
746 : 07;
747 : C3;
748 : 07;
749 : D3;
74A : 07;
74B : 3A;
74C : B0;
74D : F3;
74E : FE;
74F : 28;
750 : 01;
751 : C0;
752 : 03;
753 : 38;
754 : 08;
755 : 01;
756 : 80;
757 : 07;
758 : 18;
759 : 03;
75A : 01;
75B : 00;
75C : 03;
75D : 2A;
75E : 22;
75F : F9;
760 : 3E;
761 : 20;
762 : CD;
763 : 85;
764 : 02;
765 : 3E;
766 : 01;
767 : 21;
768 : B2;
769 : FB;
76A : 77;
76B : 11;
76C : B3;
76D : FB;
76E : 01;
76F : 17;
770 : 00;
771 : ED;
772 : B0;
773 : C3;
774 : EA;
775 : 12;
776 : AF;
777 : 01;
778 : 00;
779 : 18;
77A : 2A;
77B : 24;
77C : F9;
77D : 6F;
77E : C5;
77F : CD;
780 : 85;
781 : 02;
782 : C1;
783 : 3A;
784 : EA;
785 : F3;
786 : 2A;
787 : C9;
788 : F3;
789 : C3;
78A : 85;
78B : 02;
78C : 3A;
78D : EA;
78E : F3;
78F : E6;
790 : 0F;
791 : 47;
792 : 07;
793 : 07;
794 : 07;
795 : 07;
796 : B0;
797 : 01;
798 : 00;
799 : 08;
79A : 2A;
79B : 24;
79C : F9;
79D : C3;
79E : 85;
79F : 02;
7A0 : 3A;
7A1 : EA;
7A2 : F3;
7A3 : E6;
7A4 : 0F;
7A5 : 47;
7A6 : 07;
7A7 : 07;
7A8 : 07;
7A9 : 07;
7AA : B0;
7AB : 21;
7AC : 00;
7AD : 01;
7AE : 18;
7AF : 29;
7B0 : 3A;
7B1 : EA;
7B2 : F3;
7B3 : E6;
7B4 : 03;
7B5 : 47;
7B6 : 07;
7B7 : 07;
7B8 : B0;
7B9 : 07;
7BA : 07;
7BB : 07;
7BC : 07;
7BD : B0;
7BE : 21;
7BF : 00;
7C0 : 02;
7C1 : 18;
7C2 : 16;
7C3 : 3A;
7C4 : EA;
7C5 : F3;
7C6 : E6;
7C7 : 0F;
7C8 : 47;
7C9 : 07;
7CA : 07;
7CB : 07;
7CC : 07;
7CD : B0;
7CE : 21;
7CF : 00;
7D0 : 02;
7D1 : 18;
7D2 : 06;
7D3 : 3A;
7D4 : EA;
7D5 : F3;
7D6 : 21;
7D7 : 00;
7D8 : 01;
7D9 : F5;
7DA : CD;
7DB : 25;
7DC : 08;
7DD : F1;
7DE : 0E;
7DF : 2C;
7E0 : CD;
7E1 : 1B;
7E2 : 08;
7E3 : 0E;
7E4 : 28;
7E5 : CD;
7E6 : 15;
7E7 : 08;
7E8 : 21;
7E9 : D4;
7EA : 00;
7EB : 0E;
7EC : 2A;
7ED : CD;
7EE : 15;
7EF : 08;
7F0 : 21;
7F1 : 00;
7F2 : 00;
7F3 : 0E;
7F4 : 24;
7F5 : CD;
7F6 : 15;
7F7 : 08;
7F8 : 3A;
7F9 : F6;
7FA : FA;
7FB : 67;
7FC : 2E;
7FD : 00;
7FE : 0E;
7FF : 26;
800 : CD;
801 : 15;
802 : 08;
803 : 3E;
804 : 00;
805 : 0E;
806 : 2D;
807 : CD;
808 : 1B;
809 : 08;
80A : 3E;
80B : C0;
80C : 0E;
80D : 2E;
80E : CD;
80F : 1B;
810 : 08;
811 : CD;
812 : 25;
813 : 08;
814 : C9;
815 : 7D;
816 : CD;
817 : 1B;
818 : 08;
819 : 0C;
81A : 7C;
81B : F3;
81C : D3;
81D : 99;
81E : 79;
81F : F6;
820 : 80;
821 : D3;
822 : 99;
823 : FB;
824 : C9;
825 : 3E;
826 : 02;
827 : CD;
828 : 9B;
829 : 06;
82A : 1F;
82B : 38;
82C : F8;
82D : C9;
82E : ED;
82F : 4B;
830 : 20;
831 : F9;
832 : 6F;
833 : 26;
834 : 00;
835 : 29;
836 : 29;
837 : 29;
838 : 09;
839 : 06;
83A : 08;
83B : 11;
83C : 40;
83D : FC;
83E : C5;
83F : D5;
840 : E5;
841 : 3A;
842 : 1F;
843 : F9;
844 : CD;
845 : D2;
846 : 23;
847 : E1;
848 : D1;
849 : C1;
84A : 12;
84B : 13;
84C : 23;
84D : 10;
84E : EF;
84F : C9;
850 : E5;
851 : F5;
852 : 21;
853 : 5B;
854 : 08;
855 : CD;
856 : AB;
857 : 09;
858 : F1;
859 : E1;
85A : C9;
85B : 52;
85C : 49;
85D : 47;
85E : 48;
85F : 54;
860 : 43;
861 : 00;
862 : E5;
863 : F5;
864 : 21;
865 : 6D;
866 : 08;
867 : CD;
868 : AB;
869 : 09;
86A : F1;
86B : E1;
86C : C9;
86D : 4C;
86E : 45;
86F : 46;
870 : 54;
871 : 43;
872 : 00;
873 : E5;
874 : F5;
875 : 21;
876 : 7E;
877 : 08;
878 : CD;
879 : AB;
87A : 09;
87B : F1;
87C : E1;
87D : C9;
87E : 55;
87F : 50;
880 : 43;
881 : 00;
882 : E5;
883 : F5;
884 : 21;
885 : 8D;
886 : 08;
887 : CD;
888 : AB;
889 : 09;
88A : F1;
88B : E1;
88C : C9;
88D : 54;
88E : 55;
88F : 50;
890 : 43;
891 : 00;
892 : E5;
893 : F5;
894 : 21;
895 : 9D;
896 : 08;
897 : CD;
898 : AB;
899 : 09;
89A : F1;
89B : E1;
89C : C9;
89D : 44;
89E : 4F;
89F : 57;
8A0 : 4E;
8A1 : 43;
8A2 : 00;
8A3 : E5;
8A4 : F5;
8A5 : 21;
8A6 : AE;
8A7 : 08;
8A8 : CD;
8A9 : AB;
8AA : 09;
8AB : F1;
8AC : E1;
8AD : C9;
8AE : 54;
8AF : 44;
8B0 : 4F;
8B1 : 57;
8B2 : 4E;
8B3 : 43;
8B4 : 00;
8B5 : ED;
8B6 : 4B;
8B7 : B7;
8B8 : FC;
8B9 : ED;
8BA : 5B;
8BB : B9;
8BC : FC;
8BD : C9;
8BE : 53;
8BF : 43;
8C0 : 41;
8C1 : 4C;
8C2 : 58;
8C3 : 59;
8C4 : 00;
8C5 : C5;
8C6 : ED;
8C7 : 43;
8C8 : B7;
8C9 : FC;
8CA : ED;
8CB : 53;
8CC : B9;
8CD : FC;
8CE : 2A;
8CF : B9;
8D0 : FC;
8D1 : 29;
8D2 : 29;
8D3 : 29;
8D4 : 29;
8D5 : 29;
8D6 : 2E;
8D7 : 00;
8D8 : 06;
8D9 : 00;
8DA : 3E;
8DB : FF;
8DC : 32;
8DD : 2C;
8DE : F9;
8DF : 79;
8E0 : E6;
8E1 : 07;
8E2 : 28;
8E3 : 0A;
8E4 : 47;
8E5 : 3E;
8E6 : FF;
8E7 : A7;
8E8 : 1F;
8E9 : 10;
8EA : FC;
8EB : 32;
8EC : 2C;
8ED : F9;
8EE : 79;
8EF : E6;
8F0 : F8;
8F1 : 4F;
8F2 : 06;
8F3 : 00;
8F4 : 09;
8F5 : 22;
8F6 : 2A;
8F7 : F9;
8F8 : C1;
8F9 : C9;
8FA : 4D;
8FB : 41;
8FC : 50;
8FD : 58;
8FE : 59;
8FF : 00;
900 : 3A;
901 : 2C;
902 : F9;
903 : 2A;
904 : 2A;
905 : F9;
906 : C9;
907 : 46;
908 : 45;
909 : 54;
90A : 43;
90B : 48;
90C : 43;
90D : 00;
90E : E5;
90F : F5;
910 : 21;
911 : 19;
912 : 09;
913 : CD;
914 : AB;
915 : 09;
916 : F1;
917 : E1;
918 : C9;
919 : 53;
91A : 54;
91B : 4F;
91C : 52;
91D : 45;
91E : 43;
91F : 00;
920 : E5;
921 : F5;
922 : 21;
923 : 2B;
924 : 09;
925 : CD;
926 : AB;
927 : 09;
928 : F1;
929 : E1;
92A : C9;
92B : 53;
92C : 45;
92D : 54;
92E : 41;
92F : 54;
930 : 52;
931 : 00;
932 : E5;
933 : F5;
934 : 21;
935 : 3D;
936 : 09;
937 : CD;
938 : AB;
939 : 09;
93A : F1;
93B : E1;
93C : C9;
93D : 52;
93E : 45;
93F : 41;
940 : 44;
941 : 43;
942 : 00;
943 : E5;
944 : F5;
945 : 21;
946 : 4E;
947 : 09;
948 : CD;
949 : AB;
94A : 09;
94B : F1;
94C : E1;
94D : C9;
94E : 53;
94F : 45;
950 : 54;
951 : 43;
952 : 00;
953 : E5;
954 : F5;
955 : 21;
956 : 5E;
957 : 09;
958 : CD;
959 : AB;
95A : 09;
95B : F1;
95C : E1;
95D : C9;
95E : 4E;
95F : 53;
960 : 45;
961 : 54;
962 : 43;
963 : 58;
964 : 00;
965 : E5;
966 : F5;
967 : 21;
968 : 70;
969 : 09;
96A : CD;
96B : AB;
96C : 09;
96D : F1;
96E : E1;
96F : C9;
970 : 47;
971 : 54;
972 : 41;
973 : 53;
974 : 50;
975 : 43;
976 : 00;
977 : E5;
978 : F5;
979 : 21;
97A : 82;
97B : 09;
97C : CD;
97D : AB;
97E : 09;
97F : F1;
980 : E1;
981 : C9;
982 : 50;
983 : 4E;
984 : 54;
985 : 49;
986 : 4E;
987 : 49;
988 : 00;
989 : E5;
98A : F5;
98B : 21;
98C : 94;
98D : 09;
98E : CD;
98F : AB;
990 : 09;
991 : F1;
992 : E1;
993 : C9;
994 : 53;
995 : 43;
996 : 41;
997 : 4E;
998 : 52;
999 : 00;
99A : E5;
99B : F5;
99C : 21;
99D : A5;
99E : 09;
99F : CD;
9A0 : AB;
9A1 : 09;
9A2 : F1;
9A3 : E1;
9A4 : C9;
9A5 : 53;
9A6 : 43;
9A7 : 41;
9A8 : 4E;
9A9 : 4C;
9AA : 00;
9AB : 3E;
9AC : 23;
9AD : D3;
9AE : 2E;
9AF : CD;
9B0 : B7;
9B1 : 09;
9B2 : 3E;
9B3 : 00;
9B4 : D3;
9B5 : 2E;
9B6 : C9;
9B7 : 7E;
9B8 : 23;
9B9 : B7;
9BA : C8;
9BB : D3;
9BC : 2F;
9BD : 18;
9BE : F8;
9BF : E6;
9C0 : 0F;
9C1 : FE;
9C2 : 0A;
9C3 : 30;
9C4 : 05;
9C5 : C6;
9C6 : 30;
9C7 : D3;
9C8 : 2F;
9C9 : C9;
9CA : C6;
9CB : 37;
9CC : D3;
9CD : 2F;
9CE : C9;
9CF : F5;
9D0 : 0F;
9D1 : 0F;
9D2 : 0F;
9D3 : 0F;
9D4 : CD;
9D5 : BF;
9D6 : 09;
9D7 : F1;
9D8 : CD;
9D9 : BF;
9DA : 09;
9DB : C9;
9DC : 7C;
9DD : CD;
9DE : CF;
9DF : 09;
9E0 : 7D;
9E1 : CD;
9E2 : CF;
9E3 : 09;
9E4 : C9;
9E5 : 00;
9E6 : 00;
9E7 : 00;
9E8 : 00;
9E9 : 00;
9EA : 00;
9EB : 00;
9EC : 00;
9ED : 00;
9EE : 00;
9EF : 00;
9F0 : 00;
9F1 : 00;
9F2 : 00;
9F3 : 00;
9F4 : 00;
9F5 : 00;
9F6 : 00;
9F7 : 00;
9F8 : 00;
9F9 : 00;
9FA : 00;
9FB : 00;
9FC : 00;
9FD : 00;
9FE : 00;
9FF : 00;
A00 : 00;
A01 : 00;
A02 : 00;
A03 : 00;
A04 : 00;
A05 : 00;
A06 : 00;
A07 : 00;
A08 : 00;
A09 : 00;
A0A : 00;
A0B : 00;
A0C : 00;
A0D : 00;
A0E : 00;
A0F : 00;
A10 : 00;
A11 : 00;
A12 : 00;
A13 : 00;
A14 : 00;
A15 : 00;
A16 : 00;
A17 : 00;
A18 : 00;
A19 : 00;
A1A : 00;
A1B : 00;
A1C : 00;
A1D : 00;
A1E : 00;
A1F : 00;
A20 : 00;
A21 : 00;
A22 : 00;
A23 : 00;
A24 : 00;
A25 : 00;
A26 : 00;
A27 : 00;
A28 : 00;
A29 : 00;
A2A : 00;
A2B : 00;
A2C : 00;
A2D : 00;
A2E : 00;
A2F : 00;
A30 : 00;
A31 : 00;
A32 : 00;
A33 : 00;
A34 : 00;
A35 : 00;
A36 : 00;
A37 : 00;
A38 : 00;
A39 : 00;
A3A : 00;
A3B : 00;
A3C : 00;
A3D : 00;
A3E : 00;
A3F : 00;
A40 : 00;
A41 : 00;
A42 : 00;
A43 : 00;
A44 : 00;
A45 : 00;
A46 : 00;
A47 : 00;
A48 : 00;
A49 : 00;
A4A : 00;
A4B : 00;
A4C : 00;
A4D : 00;
A4E : 00;
A4F : 00;
A50 : 00;
A51 : 00;
A52 : 00;
A53 : 00;
A54 : 00;
A55 : 00;
A56 : 00;
A57 : 00;
A58 : 00;
A59 : 00;
A5A : 00;
A5B : 00;
A5C : 00;
A5D : 00;
A5E : 00;
A5F : 00;
A60 : 00;
A61 : 00;
A62 : 00;
A63 : 00;
A64 : 00;
A65 : 00;
A66 : 00;
A67 : 00;
A68 : 00;
A69 : 00;
A6A : 00;
A6B : 00;
A6C : 00;
A6D : 00;
A6E : 00;
A6F : 00;
A70 : 00;
A71 : 00;
A72 : 00;
A73 : 00;
A74 : 00;
A75 : 00;
A76 : 00;
A77 : 00;
A78 : 00;
A79 : 00;
A7A : 00;
A7B : 00;
A7C : 00;
A7D : 00;
A7E : 00;
A7F : 00;
A80 : 00;
A81 : 00;
A82 : 00;
A83 : 00;
A84 : 00;
A85 : 00;
A86 : 00;
A87 : 00;
A88 : 00;
A89 : 00;
A8A : 00;
A8B : 00;
A8C : 00;
A8D : 00;
A8E : 00;
A8F : 00;
A90 : 00;
A91 : 00;
A92 : 00;
A93 : 00;
A94 : 00;
A95 : 00;
A96 : 00;
A97 : 00;
A98 : 00;
A99 : 00;
A9A : 00;
A9B : 00;
A9C : 00;
A9D : 00;
A9E : 00;
A9F : 00;
AA0 : 00;
AA1 : 00;
AA2 : 00;
AA3 : 00;
AA4 : 00;
AA5 : 00;
AA6 : 00;
AA7 : 00;
AA8 : 00;
AA9 : 00;
AAA : 00;
AAB : 00;
AAC : 00;
AAD : 00;
AAE : 00;
AAF : 00;
AB0 : 00;
AB1 : 00;
AB2 : 00;
AB3 : 00;
AB4 : 00;
AB5 : 00;
AB6 : 00;
AB7 : 00;
AB8 : 00;
AB9 : 00;
ABA : 00;
ABB : 00;
ABC : 00;
ABD : 00;
ABE : 00;
ABF : 00;
AC0 : 00;
AC1 : 00;
AC2 : 00;
AC3 : 00;
AC4 : 00;
AC5 : 00;
AC6 : 00;
AC7 : 00;
AC8 : 00;
AC9 : 00;
ACA : 00;
ACB : 00;
ACC : 00;
ACD : 00;
ACE : 00;
ACF : 00;
AD0 : 00;
AD1 : 00;
AD2 : 00;
AD3 : 00;
AD4 : 00;
AD5 : 00;
AD6 : 00;
AD7 : 00;
AD8 : 00;
AD9 : 00;
ADA : 00;
ADB : 00;
ADC : 00;
ADD : 00;
ADE : 00;
ADF : 00;
AE0 : 00;
AE1 : 00;
AE2 : 00;
AE3 : 00;
AE4 : 00;
AE5 : 00;
AE6 : 00;
AE7 : 00;
AE8 : 00;
AE9 : 00;
AEA : 00;
AEB : 00;
AEC : 00;
AED : 00;
AEE : 00;
AEF : 00;
AF0 : 00;
AF1 : 00;
AF2 : 00;
AF3 : 00;
AF4 : 00;
AF5 : 00;
AF6 : 00;
AF7 : 00;
AF8 : 00;
AF9 : 00;
AFA : 00;
AFB : 00;
AFC : 00;
AFD : 00;
AFE : 00;
AFF : 00;
B00 : 00;
B01 : 00;
B02 : 00;
B03 : 00;
B04 : 00;
B05 : 00;
B06 : 00;
B07 : 00;
B08 : 00;
B09 : 00;
B0A : 00;
B0B : 00;
B0C : 00;
B0D : 00;
B0E : 00;
B0F : 00;
B10 : 00;
B11 : 00;
B12 : 00;
B13 : 00;
B14 : 00;
B15 : 00;
B16 : 00;
B17 : 00;
B18 : 00;
B19 : 00;
B1A : 00;
B1B : 00;
B1C : 00;
B1D : 00;
B1E : 00;
B1F : 00;
B20 : 00;
B21 : 00;
B22 : 00;
B23 : 00;
B24 : 00;
B25 : 00;
B26 : 00;
B27 : 00;
B28 : 00;
B29 : 00;
B2A : 00;
B2B : 00;
B2C : 00;
B2D : 00;
B2E : 00;
B2F : 00;
B30 : 00;
B31 : 00;
B32 : 00;
B33 : 00;
B34 : 00;
B35 : 00;
B36 : 00;
B37 : 00;
B38 : 00;
B39 : 00;
B3A : 00;
B3B : 00;
B3C : 00;
B3D : 00;
B3E : 00;
B3F : 00;
B40 : 00;
B41 : 00;
B42 : 00;
B43 : 00;
B44 : 00;
B45 : 00;
B46 : 00;
B47 : 00;
B48 : 00;
B49 : 00;
B4A : 00;
B4B : 00;
B4C : 00;
B4D : 00;
B4E : 00;
B4F : 00;
B50 : 00;
B51 : 00;
B52 : 00;
B53 : 00;
B54 : 00;
B55 : 00;
B56 : 00;
B57 : 00;
B58 : 00;
B59 : 00;
B5A : 00;
B5B : 00;
B5C : 00;
B5D : 00;
B5E : 00;
B5F : 00;
B60 : 00;
B61 : 00;
B62 : 00;
B63 : 00;
B64 : 00;
B65 : 00;
B66 : 00;
B67 : 00;
B68 : 00;
B69 : 00;
B6A : 00;
B6B : 00;
B6C : 00;
B6D : 00;
B6E : 00;
B6F : 00;
B70 : 00;
B71 : 00;
B72 : 00;
B73 : 00;
B74 : 00;
B75 : 00;
B76 : 00;
B77 : 00;
B78 : 00;
B79 : 00;
B7A : 00;
B7B : 00;
B7C : 00;
B7D : 00;
B7E : 00;
B7F : 00;
B80 : 00;
B81 : 00;
B82 : 00;
B83 : 00;
B84 : 00;
B85 : 00;
B86 : 00;
B87 : 00;
B88 : 00;
B89 : 00;
B8A : 00;
B8B : 00;
B8C : 00;
B8D : 00;
B8E : 00;
B8F : 00;
B90 : 00;
B91 : 00;
B92 : 00;
B93 : 00;
B94 : 00;
B95 : 00;
B96 : 00;
B97 : 00;
B98 : 00;
B99 : 00;
B9A : 00;
B9B : 00;
B9C : 00;
B9D : 00;
B9E : 00;
B9F : 00;
BA0 : 00;
BA1 : 00;
BA2 : 00;
BA3 : 00;
BA4 : 00;
BA5 : 00;
BA6 : 00;
BA7 : 00;
BA8 : 00;
BA9 : 00;
BAA : 00;
BAB : 00;
BAC : 00;
BAD : 00;
BAE : 00;
BAF : 00;
BB0 : 00;
BB1 : 00;
BB2 : 00;
BB3 : 00;
BB4 : 00;
BB5 : 00;
BB6 : 00;
BB7 : 00;
BB8 : 00;
BB9 : 00;
BBA : 00;
BBB : 00;
BBC : 00;
BBD : 00;
BBE : 00;
BBF : 00;
BC0 : 00;
BC1 : 00;
BC2 : 00;
BC3 : 00;
BC4 : 00;
BC5 : 00;
BC6 : 00;
BC7 : 00;
BC8 : 00;
BC9 : 00;
BCA : 00;
BCB : 00;
BCC : 00;
BCD : 00;
BCE : 00;
BCF : 00;
BD0 : 00;
BD1 : 00;
BD2 : 00;
BD3 : 00;
BD4 : 00;
BD5 : 00;
BD6 : 00;
BD7 : 00;
BD8 : 00;
BD9 : 00;
BDA : 00;
BDB : 00;
BDC : 00;
BDD : 00;
BDE : 00;
BDF : 00;
BE0 : 00;
BE1 : 00;
BE2 : 00;
BE3 : 00;
BE4 : 00;
BE5 : 00;
BE6 : 00;
BE7 : 00;
BE8 : 00;
BE9 : 00;
BEA : 00;
BEB : 00;
BEC : 00;
BED : 00;
BEE : 00;
BEF : 00;
BF0 : 00;
BF1 : 00;
BF2 : 00;
BF3 : 00;
BF4 : 00;
BF5 : 00;
BF6 : 00;
BF7 : 00;
BF8 : 00;
BF9 : 00;
BFA : 00;
BFB : 00;
BFC : 00;
BFD : 00;
BFE : 00;
BFF : 00;
C00 : 00;
C01 : 00;
C02 : 00;
C03 : 00;
C04 : 00;
C05 : 00;
C06 : 00;
C07 : 00;
C08 : 00;
C09 : 00;
C0A : 00;
C0B : 00;
C0C : 00;
C0D : 00;
C0E : 00;
C0F : 00;
C10 : 00;
C11 : 00;
C12 : 00;
C13 : 00;
C14 : 00;
C15 : 00;
C16 : 00;
C17 : 00;
C18 : 00;
C19 : 00;
C1A : 00;
C1B : 00;
C1C : 00;
C1D : 00;
C1E : 00;
C1F : 00;
C20 : 00;
C21 : 00;
C22 : 00;
C23 : 00;
C24 : 00;
C25 : 00;
C26 : 00;
C27 : 00;
C28 : 00;
C29 : 00;
C2A : 00;
C2B : 00;
C2C : 00;
C2D : 00;
C2E : 00;
C2F : 00;
C30 : 00;
C31 : 00;
C32 : 00;
C33 : 00;
C34 : 00;
C35 : 00;
C36 : 00;
C37 : 00;
C38 : 00;
C39 : 00;
C3A : 00;
C3B : 00;
C3C : 00;
C3D : 00;
C3E : 00;
C3F : 00;
C40 : 00;
C41 : 00;
C42 : 00;
C43 : 00;
C44 : 00;
C45 : 00;
C46 : 00;
C47 : 00;
C48 : 00;
C49 : 00;
C4A : 00;
C4B : 00;
C4C : 00;
C4D : 00;
C4E : 00;
C4F : 00;
C50 : 00;
C51 : 00;
C52 : 00;
C53 : 00;
C54 : 00;
C55 : 00;
C56 : 00;
C57 : 00;
C58 : 00;
C59 : 00;
C5A : 00;
C5B : 00;
C5C : 00;
C5D : 00;
C5E : 00;
C5F : 00;
C60 : 00;
C61 : 00;
C62 : 00;
C63 : 00;
C64 : 00;
C65 : 00;
C66 : 00;
C67 : 00;
C68 : 00;
C69 : 00;
C6A : 00;
C6B : 00;
C6C : 00;
C6D : 00;
C6E : 00;
C6F : 00;
C70 : 00;
C71 : 00;
C72 : 00;
C73 : 00;
C74 : 00;
C75 : 00;
C76 : 00;
C77 : 00;
C78 : 00;
C79 : 00;
C7A : 00;
C7B : 00;
C7C : 00;
C7D : 00;
C7E : 00;
C7F : 00;
C80 : 00;
C81 : 00;
C82 : 00;
C83 : 00;
C84 : 00;
C85 : 00;
C86 : 00;
C87 : 00;
C88 : 00;
C89 : 00;
C8A : 00;
C8B : 00;
C8C : 00;
C8D : 00;
C8E : 00;
C8F : 00;
C90 : 00;
C91 : 00;
C92 : 00;
C93 : 00;
C94 : 00;
C95 : 00;
C96 : 00;
C97 : 00;
C98 : 00;
C99 : 00;
C9A : 00;
C9B : 00;
C9C : 00;
C9D : 00;
C9E : 00;
C9F : 00;
CA0 : 00;
CA1 : 00;
CA2 : 00;
CA3 : 00;
CA4 : 00;
CA5 : 00;
CA6 : 00;
CA7 : 00;
CA8 : 00;
CA9 : 00;
CAA : 00;
CAB : 00;
CAC : 00;
CAD : 00;
CAE : 00;
CAF : 00;
CB0 : 00;
CB1 : 00;
CB2 : 00;
CB3 : 00;
CB4 : 00;
CB5 : 00;
CB6 : 00;
CB7 : 00;
CB8 : 00;
CB9 : 00;
CBA : 00;
CBB : 00;
CBC : 00;
CBD : 00;
CBE : 00;
CBF : 00;
CC0 : 00;
CC1 : 00;
CC2 : 00;
CC3 : 00;
CC4 : 00;
CC5 : 00;
CC6 : 00;
CC7 : 00;
CC8 : 00;
CC9 : 00;
CCA : 00;
CCB : 00;
CCC : 00;
CCD : 00;
CCE : 00;
CCF : 00;
CD0 : 00;
CD1 : 00;
CD2 : 00;
CD3 : 00;
CD4 : 00;
CD5 : 00;
CD6 : 00;
CD7 : 00;
CD8 : 00;
CD9 : 00;
CDA : 00;
CDB : 00;
CDC : 00;
CDD : 00;
CDE : 00;
CDF : 00;
CE0 : 00;
CE1 : 00;
CE2 : 00;
CE3 : 00;
CE4 : 00;
CE5 : 00;
CE6 : 00;
CE7 : 00;
CE8 : 00;
CE9 : 00;
CEA : 00;
CEB : 00;
CEC : 00;
CED : 00;
CEE : 00;
CEF : 00;
CF0 : 00;
CF1 : 00;
CF2 : 00;
CF3 : 00;
CF4 : 00;
CF5 : 00;
CF6 : 00;
CF7 : 00;
CF8 : 00;
CF9 : 00;
CFA : 00;
CFB : 00;
CFC : 00;
CFD : 00;
CFE : 00;
CFF : 00;
D00 : 00;
D01 : C9;
D02 : DD;
D03 : E1;
D04 : FD;
D05 : E1;
D06 : F1;
D07 : C1;
D08 : D1;
D09 : E1;
D0A : D9;
D0B : 08;
D0C : F1;
D0D : C1;
D0E : D1;
D0F : E1;
D10 : FB;
D11 : C9;
D12 : 3E;
D13 : 82;
D14 : D3;
D15 : AB;
D16 : 3E;
D17 : 50;
D18 : D3;
D19 : AA;
D1A : AF;
D1B : D3;
D1C : FF;
D1D : 3C;
D1E : D3;
D1F : FE;
D20 : 3C;
D21 : D3;
D22 : FD;
D23 : 3C;
D24 : D3;
D25 : FC;
D26 : 21;
D27 : FF;
D28 : FF;
D29 : D9;
D2A : DB;
D2B : A8;
D2C : F6;
D2D : F0;
D2E : 47;
D2F : 78;
D30 : D3;
D31 : A8;
D32 : 3A;
D33 : FF;
D34 : FF;
D35 : 2F;
D36 : F6;
D37 : F0;
D38 : 4F;
D39 : 79;
D3A : 32;
D3B : FF;
D3C : FF;
D3D : 21;
D3E : 00;
D3F : FF;
D40 : 3E;
D41 : 0F;
D42 : 77;
D43 : BE;
D44 : 20;
D45 : 08;
D46 : 2F;
D47 : 77;
D48 : BE;
D49 : 20;
D4A : 03;
D4B : 25;
D4C : 18;
D4D : F2;
D4E : 24;
D4F : 7C;
D50 : B7;
D51 : 28;
D52 : 15;
D53 : D9;
D54 : BC;
D55 : 38;
D56 : 05;
D57 : 28;
D58 : 03;
D59 : D9;
D5A : 18;
D5B : 0C;
D5C : 2E;
D5D : 00;
D5E : 67;
D5F : D9;
D60 : 78;
D61 : D9;
D62 : 47;
D63 : D9;
D64 : 79;
D65 : D9;
D66 : 4F;
D67 : D9;
D68 : 79;
D69 : D6;
D6A : 10;
D6B : 4F;
D6C : 30;
D6D : CB;
D6E : 78;
D6F : D6;
D70 : 10;
D71 : 47;
D72 : 30;
D73 : BB;
D74 : D9;
D75 : 7D;
D76 : B7;
D77 : 28;
D78 : 06;
D79 : 11;
D7A : 0A;
D7B : 26;
D7C : C3;
D7D : 4C;
D7E : 1B;
D7F : 78;
D80 : D3;
D81 : A8;
D82 : 79;
D83 : 32;
D84 : FF;
D85 : FF;
D86 : D9;
D87 : 21;
D88 : 00;
D89 : F3;
D8A : F9;
D8B : CD;
D8C : 53;
D8D : 0F;
D8E : CD;
D8F : 97;
D90 : 10;
D91 : CD;
D92 : DE;
D93 : 10;
D94 : CD;
D95 : AF;
D96 : 06;
D97 : FB;
D98 : CD;
D99 : F3;
D9A : 11;
D9B : 06;
D9C : 0F;
D9D : 11;
D9E : 4F;
D9F : 0E;
DA0 : 21;
DA1 : 00;
DA2 : 80;
DA3 : C5;
DA4 : E5;
DA5 : D5;
DA6 : 3A;
DA7 : C1;
DA8 : FC;
DA9 : CD;
DAA : D2;
DAB : 23;
DAC : E1;
DAD : D1;
DAE : C1;
DAF : BE;
DB0 : 20;
DB1 : 12;
DB2 : EB;
DB3 : 13;
DB4 : 23;
DB5 : 10;
DB6 : EC;
DB7 : DD;
DB8 : 21;
DB9 : 10;
DBA : 80;
DBB : FD;
DBC : 2A;
DBD : C0;
DBE : FC;
DBF : CD;
DC0 : 47;
DC1 : 24;
DC2 : 18;
DC3 : 11;
DC4 : 3E;
DC5 : 05;
DC6 : 32;
DC7 : EA;
DC8 : F3;
DC9 : 32;
DCA : EB;
DCB : F3;
DCC : CD;
DCD : 9D;
DCE : 03;
DCF : 21;
DD0 : 69;
DD1 : 25;
DD2 : CD;
DD3 : 33;
DD4 : 11;
DD5 : F3;
DD6 : 3E;
DD7 : 04;
DD8 : D3;
DD9 : 99;
DDA : 3E;
DDB : 8E;
DDC : D3;
DDD : 99;
DDE : AF;
DDF : D3;
DE0 : 99;
DE1 : F6;
DE2 : 40;
DE3 : D3;
DE4 : 99;
DE5 : 3E;
DE6 : 76;
DE7 : D3;
DE8 : 98;
DE9 : AF;
DEA : D3;
DEB : 99;
DEC : 21;
DED : FC;
DEE : FA;
DEF : D3;
DF0 : 99;
DF1 : DB;
DF2 : 98;
DF3 : FE;
DF4 : 76;
DF5 : 28;
DF6 : 04;
DF7 : CB;
DF8 : CE;
DF9 : 18;
DFA : 02;
DFB : CB;
DFC : D6;
DFD : AF;
DFE : D3;
DFF : 99;
E00 : 3E;
E01 : 8E;
E02 : D3;
E03 : 99;
E04 : FB;
E05 : 06;
E06 : 78;
E07 : CD;
E08 : 2F;
E09 : 11;
E0A : CD;
E0B : BF;
E0C : 23;
E0D : 3E;
E0E : 04;
E0F : 32;
E10 : EB;
E11 : F3;
E12 : 3E;
E13 : 04;
E14 : 32;
E15 : EA;
E16 : F3;
E17 : 3E;
E18 : 0F;
E19 : 32;
E1A : E9;
E1B : F3;
E1C : 3E;
E1D : 1D;
E1E : 32;
E1F : AF;
E20 : F3;
E21 : CD;
E22 : 9D;
E23 : 03;
E24 : DD;
E25 : 21;
E26 : 41;
E27 : 01;
E28 : CD;
E29 : F3;
E2A : 1A;
E2B : 21;
E2C : 69;
E2D : 25;
E2E : CD;
E2F : 33;
E30 : 11;
E31 : CD;
E32 : 5E;
E33 : 0E;
E34 : CD;
E35 : DA;
E36 : FE;
E37 : CD;
E38 : 3D;
E39 : 0F;
E3A : 3E;
E3B : 01;
E3C : 32;
E3D : 99;
E3E : FD;
E3F : AF;
E40 : 32;
E41 : 29;
E42 : FB;
E43 : CD;
E44 : CB;
E45 : FE;
E46 : 21;
E47 : 44;
E48 : 26;
E49 : CD;
E4A : 33;
E4B : 11;
E4C : C3;
E4D : 19;
E4E : 1B;
E4F : 43;
E50 : 2D;
E51 : 42;
E52 : 49;
E53 : 4F;
E54 : 53;
E55 : 20;
E56 : 4C;
E57 : 6F;
E58 : 67;
E59 : 6F;
E5A : 20;
E5B : 52;
E5C : 4F;
E5D : 4D;
E5E : 21;
E5F : C9;
E60 : FC;
E61 : 11;
E62 : CA;
E63 : FC;
E64 : 01;
E65 : 3F;
E66 : 00;
E67 : 36;
E68 : 00;
E69 : ED;
E6A : B0;
E6B : 21;
E6C : C1;
E6D : FC;
E6E : AF;
E6F : E5;
E70 : B6;
E71 : 21;
E72 : 00;
E73 : 40;
E74 : CD;
E75 : A5;
E76 : 0E;
E77 : CC;
E78 : B2;
E79 : 0E;
E7A : 21;
E7B : 00;
E7C : 80;
E7D : CD;
E7E : A5;
E7F : 0E;
E80 : CC;
E81 : B2;
E82 : 0E;
E83 : CB;
E84 : 7F;
E85 : 28;
E86 : 06;
E87 : C6;
E88 : 04;
E89 : CB;
E8A : 67;
E8B : 28;
E8C : E4;
E8D : E1;
E8E : 23;
E8F : 3C;
E90 : E6;
E91 : 03;
E92 : 20;
E93 : DB;
E94 : C9;
E95 : 47;
E96 : CD;
E97 : D2;
E98 : 23;
E99 : 23;
E9A : F5;
E9B : 78;
E9C : CD;
E9D : D2;
E9E : 23;
E9F : 23;
EA0 : 57;
EA1 : F1;
EA2 : 5F;
EA3 : 78;
EA4 : C9;
EA5 : E5;
EA6 : CD;
EA7 : 95;
EA8 : 0E;
EA9 : 21;
EAA : 41;
EAB : 42;
EAC : CD;
EAD : C6;
EAE : 11;
EAF : 78;
EB0 : E1;
EB1 : C9;
EB2 : E5;
EB3 : F5;
EB4 : 21;
EB5 : D2;
EB6 : 25;
EB7 : CD;
EB8 : 33;
EB9 : 11;
EBA : F1;
EBB : F5;
EBC : 47;
EBD : E6;
EBE : 03;
EBF : C6;
EC0 : 30;
EC1 : CD;
EC2 : 59;
EC3 : 12;
EC4 : 78;
EC5 : CB;
EC6 : 78;
EC7 : 28;
EC8 : 0F;
EC9 : 3E;
ECA : 2E;
ECB : CD;
ECC : 59;
ECD : 12;
ECE : 78;
ECF : 0F;
ED0 : 0F;
ED1 : E6;
ED2 : 03;
ED3 : C6;
ED4 : 30;
ED5 : CD;
ED6 : 59;
ED7 : 12;
ED8 : 3E;
ED9 : 0D;
EDA : CD;
EDB : 59;
EDC : 12;
EDD : 3E;
EDE : 0A;
EDF : CD;
EE0 : 59;
EE1 : 12;
EE2 : F1;
EE3 : E1;
EE4 : 23;
EE5 : 23;
EE6 : CD;
EE7 : 34;
EE8 : 0F;
EE9 : 28;
EEA : 15;
EEB : 4F;
EEC : D5;
EED : DD;
EEE : E1;
EEF : F5;
EF0 : FD;
EF1 : E1;
EF2 : DB;
EF3 : 99;
EF4 : B7;
EF5 : FA;
EF6 : F2;
EF7 : 0E;
EF8 : F5;
EF9 : E5;
EFA : CD;
EFB : 47;
EFC : 24;
EFD : F3;
EFE : E1;
EFF : F1;
F00 : 0E;
F01 : 00;
F02 : CD;
F03 : 34;
F04 : 0F;
F05 : 28;
F06 : 02;
F07 : CB;
F08 : E9;
F09 : CD;
F0A : 34;
F0B : 0F;
F0C : 28;
F0D : 02;
F0E : CB;
F0F : F1;
F10 : CD;
F11 : 34;
F12 : 0F;
F13 : 28;
F14 : 02;
F15 : CB;
F16 : F9;
F17 : 47;
F18 : E6;
F19 : 0C;
F1A : 5F;
F1B : 78;
F1C : 07;
F1D : 07;
F1E : 07;
F1F : 07;
F20 : E6;
F21 : 30;
F22 : B3;
F23 : 5F;
F24 : 7C;
F25 : 07;
F26 : 07;
F27 : E6;
F28 : 03;
F29 : B3;
F2A : 21;
F2B : C9;
F2C : FC;
F2D : 16;
F2E : 00;
F2F : 5F;
F30 : 19;
F31 : 71;
F32 : 78;
F33 : C9;
F34 : C5;
F35 : CD;
F36 : 95;
F37 : 0E;
F38 : 7A;
F39 : B3;
F3A : 78;
F3B : C1;
F3C : C9;
F3D : 21;
F3E : C9;
F3F : FC;
F40 : 06;
F41 : 40;
F42 : 7E;
F43 : CB;
F44 : 7F;
F45 : 28;
F46 : 08;
F47 : E5;
F48 : 21;
F49 : E5;
F4A : 25;
F4B : CD;
F4C : 33;
F4D : 11;
F4E : E1;
F4F : 23;
F50 : 10;
F51 : F0;
F52 : C9;
F53 : 3E;
F54 : 00;
F55 : 21;
F56 : 80;
F57 : F3;
F58 : 77;
F59 : 11;
F5A : 81;
F5B : F3;
F5C : 01;
F5D : 7D;
F5E : 0C;
F5F : ED;
F60 : B0;
F61 : 3E;
F62 : C9;
F63 : 21;
F64 : 00;
F65 : F3;
F66 : 77;
F67 : 11;
F68 : 01;
F69 : F3;
F6A : 01;
F6B : 7F;
F6C : 00;
F6D : ED;
F6E : B0;
F6F : 3E;
F70 : C9;
F71 : 21;
F72 : 9A;
F73 : FD;
F74 : 77;
F75 : 11;
F76 : 9B;
F77 : FD;
F78 : 01;
F79 : 4D;
F7A : 02;
F7B : ED;
F7C : B0;
F7D : 3E;
F7E : FF;
F7F : 21;
F80 : DA;
F81 : FB;
F82 : 77;
F83 : 11;
F84 : DB;
F85 : FB;
F86 : 01;
F87 : 15;
F88 : 00;
F89 : ED;
F8A : B0;
F8B : 3E;
F8C : 00;
F8D : 21;
F8E : F0;
F8F : FB;
F90 : 77;
F91 : 11;
F92 : F1;
F93 : FB;
F94 : 01;
F95 : 27;
F96 : 00;
F97 : ED;
F98 : B0;
F99 : 3E;
F9A : 00;
F9B : 21;
F9C : E7;
F9D : FF;
F9E : 77;
F9F : 11;
FA0 : E8;
FA1 : FF;
FA2 : 01;
FA3 : 0F;
FA4 : 00;
FA5 : ED;
FA6 : B0;
FA7 : 3E;
FA8 : 08;
FA9 : 32;
FAA : E7;
FAB : FF;
FAC : 3E;
FAD : 00;
FAE : 32;
FAF : E8;
FB0 : FF;
FB1 : 21;
FB2 : F0;
FB3 : FB;
FB4 : 22;
FB5 : F8;
FB6 : F3;
FB7 : 22;
FB8 : FA;
FB9 : F3;
FBA : D9;
FBB : 22;
FBC : 48;
FBD : FC;
FBE : D9;
FBF : 21;
FC0 : 80;
FC1 : F3;
FC2 : 22;
FC3 : 4A;
FC4 : FC;
FC5 : 22;
FC6 : 74;
FC7 : F6;
FC8 : 21;
FC9 : 4E;
FCA : 25;
FCB : 11;
FCC : 80;
FCD : F3;
FCE : 01;
FCF : 1A;
FD0 : 00;
FD1 : ED;
FD2 : B0;
FD3 : 21;
FD4 : 00;
FD5 : 00;
FD6 : 22;
FD7 : B3;
FD8 : F3;
FD9 : 21;
FDA : 00;
FDB : 08;
FDC : 22;
FDD : B7;
FDE : F3;
FDF : 21;
FE0 : 00;
FE1 : 18;
FE2 : 22;
FE3 : BD;
FE4 : F3;
FE5 : 21;
FE6 : 00;
FE7 : 20;
FE8 : 22;
FE9 : BF;
FEA : F3;
FEB : 21;
FEC : 00;
FED : 00;
FEE : 22;
FEF : C1;
FF0 : F3;
FF1 : 21;
FF2 : 00;
FF3 : 1B;
FF4 : 22;
FF5 : C3;
FF6 : F3;
FF7 : 21;
FF8 : 00;
FF9 : 38;
FFA : 22;
FFB : C5;
FFC : F3;
FFD : 21;
FFE : 00;
FFF : 18;
1000 : 22;
1001 : C7;
1002 : F3;
1003 : 21;
1004 : 00;
1005 : 20;
1006 : 22;
1007 : C9;
1008 : F3;
1009 : 21;
100A : 00;
100B : 00;
100C : 22;
100D : CB;
100E : F3;
100F : 21;
1010 : 00;
1011 : 1B;
1012 : 22;
1013 : CD;
1014 : F3;
1015 : 21;
1016 : 00;
1017 : 38;
1018 : 22;
1019 : CF;
101A : F3;
101B : 21;
101C : 00;
101D : 08;
101E : 22;
101F : D1;
1020 : F3;
1021 : 21;
1022 : 00;
1023 : 00;
1024 : 22;
1025 : D5;
1026 : F3;
1027 : 21;
1028 : 00;
1029 : 1B;
102A : 22;
102B : D7;
102C : F3;
102D : 21;
102E : 00;
102F : 38;
1030 : 22;
1031 : D9;
1032 : F3;
1033 : 21;
1034 : 59;
1035 : F9;
1036 : 22;
1037 : F3;
1038 : F3;
1039 : 21;
103A : 75;
103B : F9;
103C : 22;
103D : 5D;
103E : F9;
103F : 21;
1040 : F5;
1041 : F9;
1042 : 22;
1043 : 63;
1044 : F9;
1045 : 21;
1046 : 75;
1047 : FA;
1048 : 22;
1049 : 69;
104A : F9;
104B : 3E;
104C : 7F;
104D : 32;
104E : 5C;
104F : F9;
1050 : 32;
1051 : 62;
1052 : F9;
1053 : 32;
1054 : 68;
1055 : F9;
1056 : 3E;
1057 : 27;
1058 : 32;
1059 : AE;
105A : F3;
105B : 3E;
105C : 20;
105D : 32;
105E : AF;
105F : F3;
1060 : 3A;
1061 : AF;
1062 : F3;
1063 : 32;
1064 : B0;
1065 : F3;
1066 : 3E;
1067 : 18;
1068 : 32;
1069 : B1;
106A : F3;
106B : 3E;
106C : 04;
106D : 32;
106E : EB;
106F : F3;
1070 : 3E;
1071 : 04;
1072 : 32;
1073 : EA;
1074 : F3;
1075 : 3E;
1076 : 0F;
1077 : 32;
1078 : E9;
1079 : F3;
107A : 3E;
107B : A0;
107C : 32;
107D : E0;
107E : F3;
107F : 3A;
1080 : C1;
1081 : FC;
1082 : 32;
1083 : 1F;
1084 : F9;
1085 : 2A;
1086 : 04;
1087 : 00;
1088 : 22;
1089 : 20;
108A : F9;
108B : 3E;
108C : C3;
108D : 21;
108E : 59;
108F : 12;
1090 : 22;
1091 : E5;
1092 : FE;
1093 : 32;
1094 : E4;
1095 : FE;
1096 : C9;
1097 : F3;
1098 : 21;
1099 : C1;
109A : FC;
109B : DB;
109C : A8;
109D : 57;
109E : E6;
109F : 3F;
10A0 : 4F;
10A1 : D3;
10A2 : A8;
10A3 : 3A;
10A4 : FF;
10A5 : FF;
10A6 : 2F;
10A7 : 5F;
10A8 : E6;
10A9 : 0F;
10AA : 32;
10AB : FF;
10AC : FF;
10AD : 47;
10AE : 3A;
10AF : FF;
10B0 : FF;
10B1 : 2F;
10B2 : B8;
10B3 : 20;
10B4 : 15;
10B5 : 7B;
10B6 : E6;
10B7 : 0F;
10B8 : F6;
10B9 : 50;
10BA : 32;
10BB : FF;
10BC : FF;
10BD : 47;
10BE : 3A;
10BF : FF;
10C0 : FF;
10C1 : 2F;
10C2 : B8;
10C3 : 20;
10C4 : 05;
10C5 : 06;
10C6 : 80;
10C7 : 7B;
10C8 : 18;
10C9 : 04;
10CA : 06;
10CB : 00;
10CC : 7B;
10CD : 2F;
10CE : 32;
10CF : FF;
10D0 : FF;
10D1 : 7A;
10D2 : D3;
10D3 : A8;
10D4 : 70;
10D5 : 23;
10D6 : 79;
10D7 : C6;
10D8 : 40;
10D9 : 4F;
10DA : 30;
10DB : C5;
10DC : FB;
10DD : C9;
10DE : 01;
10DF : 00;
10E0 : 04;
10E1 : 21;
10E2 : C1;
10E3 : FC;
10E4 : C5;
10E5 : E5;
10E6 : 79;
10E7 : B6;
10E8 : CB;
10E9 : 7F;
10EA : 20;
10EB : 05;
10EC : CD;
10ED : 0D;
10EE : 11;
10EF : 18;
10F0 : 03;
10F1 : CD;
10F2 : 00;
10F3 : 11;
10F4 : E1;
10F5 : C1;
10F6 : D8;
10F7 : 23;
10F8 : 0C;
10F9 : 10;
10FA : E9;
10FB : AF;
10FC : 32;
10FD : F8;
10FE : FA;
10FF : C9;
1100 : 06;
1101 : 04;
1102 : C5;
1103 : CD;
1104 : 0D;
1105 : 11;
1106 : C1;
1107 : D8;
1108 : C6;
1109 : 04;
110A : 10;
110B : F6;
110C : C9;
110D : 4F;
110E : 32;
110F : F8;
1110 : FA;
1111 : 21;
1112 : 00;
1113 : 00;
1114 : CD;
1115 : 26;
1116 : 11;
1117 : FE;
1118 : 43;
1119 : 20;
111A : 06;
111B : 23;
111C : CD;
111D : 26;
111E : 11;
111F : FE;
1120 : 44;
1121 : 79;
1122 : 37;
1123 : C8;
1124 : B7;
1125 : C9;
1126 : 79;
1127 : C5;
1128 : E5;
1129 : CD;
112A : D2;
112B : 23;
112C : E1;
112D : C1;
112E : C9;
112F : 76;
1130 : 10;
1131 : FD;
1132 : C9;
1133 : 3A;
1134 : AF;
1135 : FC;
1136 : FE;
1137 : 05;
1138 : 30;
1139 : 09;
113A : 7E;
113B : B7;
113C : C8;
113D : CD;
113E : 59;
113F : 12;
1140 : 23;
1141 : 18;
1142 : F7;
1143 : 7E;
1144 : B7;
1145 : C8;
1146 : DD;
1147 : 21;
1148 : 89;
1149 : 00;
114A : CD;
114B : F3;
114C : 1A;
114D : 23;
114E : 18;
114F : F3;
1150 : 0E;
1151 : 20;
1152 : 3A;
1153 : AF;
1154 : FC;
1155 : B7;
1156 : C0;
1157 : 0E;
1158 : 28;
1159 : 3A;
115A : B0;
115B : F3;
115C : FE;
115D : 29;
115E : D8;
115F : 0E;
1160 : 50;
1161 : C9;
1162 : C5;
1163 : F5;
1164 : CD;
1165 : 50;
1166 : 11;
1167 : 3A;
1168 : B0;
1169 : F3;
116A : ED;
116B : 44;
116C : 81;
116D : 3C;
116E : CB;
116F : 3F;
1170 : 6F;
1171 : 3A;
1172 : DD;
1173 : F3;
1174 : 3D;
1175 : 85;
1176 : 6F;
1177 : 26;
1178 : 00;
1179 : 44;
117A : 3A;
117B : DC;
117C : F3;
117D : 3D;
117E : CB;
117F : 3F;
1180 : 30;
1181 : 01;
1182 : 09;
1183 : CB;
1184 : 21;
1185 : CB;
1186 : 10;
1187 : B7;
1188 : 20;
1189 : F4;
118A : ED;
118B : 4B;
118C : 22;
118D : F9;
118E : 09;
118F : F1;
1190 : C1;
1191 : C9;
1192 : E5;
1193 : F5;
1194 : 21;
1195 : 9D;
1196 : 11;
1197 : CD;
1198 : AB;
1199 : 09;
119A : F1;
119B : E1;
119C : C9;
119D : 53;
119E : 59;
119F : 4E;
11A0 : 43;
11A1 : 48;
11A2 : 52;
11A3 : 00;
11A4 : CD;
11A5 : 48;
11A6 : FF;
11A7 : 7E;
11A8 : 23;
11A9 : FE;
11AA : 00;
11AB : C8;
11AC : FE;
11AD : 3A;
11AE : C8;
11AF : FE;
11B0 : 30;
11B1 : 38;
11B2 : 03;
11B3 : FE;
11B4 : 3A;
11B5 : D8;
11B6 : FE;
11B7 : 20;
11B8 : 28;
11B9 : ED;
11BA : FE;
11BB : 09;
11BC : 28;
11BD : E9;
11BE : B7;
11BF : C9;
11C0 : F5;
11C1 : CD;
11C2 : E4;
11C3 : FE;
11C4 : F1;
11C5 : C9;
11C6 : 7C;
11C7 : BA;
11C8 : C0;
11C9 : 7D;
11CA : BB;
11CB : C9;
11CC : E5;
11CD : F5;
11CE : 21;
11CF : D7;
11D0 : 11;
11D1 : CD;
11D2 : AB;
11D3 : 09;
11D4 : F1;
11D5 : E1;
11D6 : C9;
11D7 : 47;
11D8 : 45;
11D9 : 54;
11DA : 59;
11DB : 50;
11DC : 52;
11DD : 00;
11DE : 08;
11DF : D9;
11E0 : E1;
11E1 : 7E;
11E2 : 23;
11E3 : 5E;
11E4 : 23;
11E5 : 56;
11E6 : 23;
11E7 : D5;
11E8 : DD;
11E9 : E1;
11EA : F5;
11EB : FD;
11EC : E1;
11ED : E5;
11EE : 08;
11EF : D9;
11F0 : C3;
11F1 : 47;
11F2 : 24;
11F3 : 1E;
11F4 : 8F;
11F5 : 3E;
11F6 : 0F;
11F7 : CD;
11F8 : 06;
11F9 : 18;
11FA : C3;
11FB : EE;
11FC : 17;
11FD : E5;
11FE : F5;
11FF : 21;
1200 : 08;
1201 : 12;
1202 : CD;
1203 : AB;
1204 : 09;
1205 : F1;
1206 : E1;
1207 : C9;
1208 : 49;
1209 : 4E;
120A : 49;
120B : 46;
120C : 4E;
120D : 4B;
120E : 00;
120F : E5;
1210 : F5;
1211 : 21;
1212 : 1A;
1213 : 12;
1214 : CD;
1215 : AB;
1216 : 09;
1217 : F1;
1218 : E1;
1219 : C9;
121A : 53;
121B : 54;
121C : 52;
121D : 54;
121E : 4D;
121F : 53;
1220 : 00;
1221 : FB;
1222 : E5;
1223 : D5;
1224 : 2A;
1225 : FA;
1226 : F3;
1227 : ED;
1228 : 5B;
1229 : F8;
122A : F3;
122B : E7;
122C : 3E;
122D : FF;
122E : 20;
122F : 01;
1230 : AF;
1231 : D1;
1232 : E1;
1233 : C9;
1234 : CD;
1235 : C2;
1236 : FD;
1237 : E5;
1238 : D5;
1239 : 2A;
123A : FA;
123B : F3;
123C : ED;
123D : 5B;
123E : F8;
123F : F3;
1240 : E7;
1241 : 20;
1242 : 04;
1243 : FB;
1244 : 76;
1245 : 18;
1246 : F2;
1247 : 7E;
1248 : F5;
1249 : 23;
124A : 7D;
124B : FE;
124C : 18;
124D : 20;
124E : 03;
124F : 21;
1250 : F0;
1251 : FB;
1252 : 22;
1253 : FA;
1254 : F3;
1255 : F1;
1256 : D1;
1257 : E1;
1258 : C9;
1259 : E5;
125A : D5;
125B : C5;
125C : F5;
125D : CD;
125E : A4;
125F : FD;
1260 : 3A;
1261 : AF;
1262 : FC;
1263 : FE;
1264 : 02;
1265 : 30;
1266 : 13;
1267 : F1;
1268 : F5;
1269 : CD;
126A : B8;
126B : 14;
126C : F1;
126D : F5;
126E : CD;
126F : 7F;
1270 : 12;
1271 : CD;
1272 : CD;
1273 : 14;
1274 : 3A;
1275 : DD;
1276 : F3;
1277 : 32;
1278 : 61;
1279 : F6;
127A : F1;
127B : C1;
127C : D1;
127D : E1;
127E : C9;
127F : CD;
1280 : C5;
1281 : 15;
1282 : D0;
1283 : 28;
1284 : 12;
1285 : F5;
1286 : 3A;
1287 : A7;
1288 : FC;
1289 : B7;
128A : C2;
128B : 62;
128C : 13;
128D : F1;
128E : FE;
128F : 20;
1290 : 38;
1291 : 2A;
1292 : FE;
1293 : 7F;
1294 : CA;
1295 : AA;
1296 : 14;
1297 : CD;
1298 : 62;
1299 : 11;
129A : CD;
129B : 57;
129C : 02;
129D : 2A;
129E : DC;
129F : F3;
12A0 : 3A;
12A1 : B0;
12A2 : F3;
12A3 : 24;
12A4 : BC;
12A5 : 38;
12A6 : 04;
12A7 : 22;
12A8 : DC;
12A9 : F3;
12AA : C9;
12AB : 11;
12AC : B1;
12AD : FB;
12AE : 26;
12AF : 00;
12B0 : 19;
12B1 : AF;
12B2 : 77;
12B3 : 2A;
12B4 : DC;
12B5 : F3;
12B6 : CD;
12B7 : 11;
12B8 : 13;
12B9 : C3;
12BA : D3;
12BB : 12;
12BC : 06;
12BD : 0C;
12BE : 21;
12BF : 3C;
12C0 : 15;
12C1 : C3;
12C2 : 08;
12C3 : 02;
12C4 : 3E;
12C5 : 20;
12C6 : CD;
12C7 : 97;
12C8 : 12;
12C9 : 3A;
12CA : DD;
12CB : F3;
12CC : E6;
12CD : 07;
12CE : FE;
12CF : 01;
12D0 : 20;
12D1 : F2;
12D2 : C9;
12D3 : 2A;
12D4 : DC;
12D5 : F3;
12D6 : 3A;
12D7 : B1;
12D8 : F3;
12D9 : 2C;
12DA : BD;
12DB : 30;
12DC : 09;
12DD : E5;
12DE : CD;
12DF : EA;
12E0 : 12;
12E1 : CD;
12E2 : 35;
12E3 : 14;
12E4 : E1;
12E5 : 2D;
12E6 : 22;
12E7 : DC;
12E8 : F3;
12E9 : C9;
12EA : 21;
12EB : 01;
12EC : 01;
12ED : 22;
12EE : DC;
12EF : F3;
12F0 : C9;
12F1 : CD;
12F2 : D3;
12F3 : 13;
12F4 : 2A;
12F5 : DC;
12F6 : F3;
12F7 : E5;
12F8 : CD;
12F9 : 11;
12FA : 13;
12FB : 3A;
12FC : DC;
12FD : F3;
12FE : 21;
12FF : B1;
1300 : F3;
1301 : BE;
1302 : 30;
1303 : 08;
1304 : CD;
1305 : D3;
1306 : 12;
1307 : CD;
1308 : D3;
1309 : 13;
130A : 18;
130B : EF;
130C : E1;
130D : 22;
130E : DC;
130F : F3;
1310 : C9;
1311 : 3E;
1312 : 01;
1313 : 32;
1314 : DD;
1315 : F3;
1316 : C9;
1317 : 3E;
1318 : FF;
1319 : 32;
131A : A7;
131B : FC;
131C : C9;
131D : 3A;
131E : DD;
131F : F3;
1320 : 21;
1321 : B0;
1322 : F3;
1323 : BE;
1324 : 30;
1325 : 03;
1326 : 3C;
1327 : 18;
1328 : 1F;
1329 : 3A;
132A : DC;
132B : F3;
132C : 21;
132D : B1;
132E : F3;
132F : BE;
1330 : D0;
1331 : 3C;
1332 : 32;
1333 : DC;
1334 : F3;
1335 : 18;
1336 : DA;
1337 : 3A;
1338 : DD;
1339 : F3;
133A : 3D;
133B : 20;
133C : 0B;
133D : 3A;
133E : DC;
133F : F3;
1340 : 3D;
1341 : C8;
1342 : 32;
1343 : DC;
1344 : F3;
1345 : 3A;
1346 : B0;
1347 : F3;
1348 : 32;
1349 : DD;
134A : F3;
134B : C9;
134C : 3A;
134D : DC;
134E : F3;
134F : 3D;
1350 : C8;
1351 : 32;
1352 : DC;
1353 : F3;
1354 : C9;
1355 : 3A;
1356 : DC;
1357 : F3;
1358 : 21;
1359 : B1;
135A : F3;
135B : BE;
135C : D0;
135D : 3C;
135E : 32;
135F : DC;
1360 : F3;
1361 : C9;
1362 : 47;
1363 : 3C;
1364 : 20;
1365 : 0C;
1366 : 32;
1367 : A7;
1368 : FC;
1369 : F1;
136A : 06;
136B : 0F;
136C : 21;
136D : 60;
136E : 15;
136F : C3;
1370 : 08;
1371 : 02;
1372 : F1;
1373 : 10;
1374 : 04;
1375 : 0E;
1376 : 00;
1377 : 18;
1378 : 04;
1379 : 10;
137A : 18;
137B : 0E;
137C : 01;
137D : FE;
137E : 34;
137F : 28;
1380 : 06;
1381 : FE;
1382 : 35;
1383 : 28;
1384 : 08;
1385 : 18;
1386 : 2E;
1387 : 79;
1388 : 32;
1389 : AA;
138A : FC;
138B : 18;
138C : 28;
138D : 79;
138E : 32;
138F : A9;
1390 : FC;
1391 : 18;
1392 : 22;
1393 : 10;
1394 : 08;
1395 : 06;
1396 : 1F;
1397 : 90;
1398 : 32;
1399 : DD;
139A : F3;
139B : 18;
139C : 18;
139D : 10;
139E : 16;
139F : 06;
13A0 : 1F;
13A1 : 90;
13A2 : 32;
13A3 : DC;
13A4 : F3;
13A5 : 3E;
13A6 : 03;
13A7 : 18;
13A8 : 0D;
13A9 : 3E;
13AA : 01;
13AB : 18;
13AC : 09;
13AD : 3E;
13AE : 02;
13AF : 18;
13B0 : 05;
13B1 : 3E;
13B2 : 04;
13B3 : 18;
13B4 : 01;
13B5 : AF;
13B6 : 32;
13B7 : A7;
13B8 : FC;
13B9 : C9;
13BA : 3A;
13BB : DD;
13BC : F3;
13BD : 21;
13BE : B0;
13BF : F3;
13C0 : BE;
13C1 : D0;
13C2 : 3C;
13C3 : 32;
13C4 : DD;
13C5 : F3;
13C6 : C9;
13C7 : 3A;
13C8 : DD;
13C9 : F3;
13CA : 3D;
13CB : C8;
13CC : 32;
13CD : DD;
13CE : F3;
13CF : C9;
13D0 : CD;
13D1 : 11;
13D2 : 13;
13D3 : 21;
13D4 : B1;
13D5 : FB;
13D6 : 3A;
13D7 : DC;
13D8 : F3;
13D9 : 5F;
13DA : 16;
13DB : 00;
13DC : 19;
13DD : 77;
13DE : 3A;
13DF : B0;
13E0 : F3;
13E1 : 3C;
13E2 : 21;
13E3 : DD;
13E4 : F3;
13E5 : 96;
13E6 : 4F;
13E7 : 06;
13E8 : 00;
13E9 : 3E;
13EA : 20;
13EB : CD;
13EC : 62;
13ED : 11;
13EE : C3;
13EF : 85;
13F0 : 02;
13F1 : CD;
13F2 : 11;
13F3 : 13;
13F4 : 2A;
13F5 : DC;
13F6 : F3;
13F7 : E5;
13F8 : 45;
13F9 : 3A;
13FA : B1;
13FB : F3;
13FC : 32;
13FD : DC;
13FE : F3;
13FF : 90;
1400 : 47;
1401 : 04;
1402 : 3A;
1403 : DC;
1404 : F3;
1405 : 18;
1406 : 0E;
1407 : CD;
1408 : 62;
1409 : 11;
140A : EB;
140B : 3D;
140C : 32;
140D : DC;
140E : F3;
140F : CD;
1410 : 62;
1411 : 11;
1412 : CD;
1413 : 73;
1414 : 14;
1415 : 10;
1416 : F0;
1417 : E1;
1418 : 22;
1419 : DC;
141A : F3;
141B : 26;
141C : 00;
141D : 3A;
141E : B1;
141F : F3;
1420 : 57;
1421 : 1E;
1422 : 00;
1423 : 95;
1424 : 3D;
1425 : 4F;
1426 : 06;
1427 : 00;
1428 : 21;
1429 : B1;
142A : FB;
142B : 19;
142C : EB;
142D : 62;
142E : 6B;
142F : 2B;
1430 : ED;
1431 : B8;
1432 : C3;
1433 : D3;
1434 : 13;
1435 : CD;
1436 : 11;
1437 : 13;
1438 : 2A;
1439 : DC;
143A : F3;
143B : E5;
143C : 45;
143D : 3A;
143E : B1;
143F : F3;
1440 : 90;
1441 : 47;
1442 : 04;
1443 : 3A;
1444 : DC;
1445 : F3;
1446 : 18;
1447 : 0E;
1448 : CD;
1449 : 62;
144A : 11;
144B : EB;
144C : 3C;
144D : 32;
144E : DC;
144F : F3;
1450 : CD;
1451 : 62;
1452 : 11;
1453 : CD;
1454 : 73;
1455 : 14;
1456 : 10;
1457 : F0;
1458 : CD;
1459 : D3;
145A : 13;
145B : E1;
145C : 22;
145D : DC;
145E : F3;
145F : 26;
1460 : 00;
1461 : 3A;
1462 : B1;
1463 : F3;
1464 : 95;
1465 : 3D;
1466 : 4F;
1467 : 06;
1468 : 00;
1469 : 11;
146A : B1;
146B : FB;
146C : 19;
146D : 54;
146E : 5D;
146F : 23;
1470 : ED;
1471 : B0;
1472 : C9;
1473 : F5;
1474 : C5;
1475 : 06;
1476 : 00;
1477 : 3A;
1478 : B0;
1479 : F3;
147A : 4F;
147B : FE;
147C : 29;
147D : 38;
147E : 0B;
147F : 0E;
1480 : 28;
1481 : CD;
1482 : 90;
1483 : 14;
1484 : 3A;
1485 : B0;
1486 : F3;
1487 : D6;
1488 : 28;
1489 : 4F;
148A : CD;
148B : 90;
148C : 14;
148D : C1;
148E : F1;
148F : C9;
1490 : E5;
1491 : D5;
1492 : C5;
1493 : 11;
1494 : 18;
1495 : FC;
1496 : CD;
1497 : A4;
1498 : 02;
1499 : C1;
149A : D1;
149B : D5;
149C : C5;
149D : 21;
149E : 18;
149F : FC;
14A0 : CD;
14A1 : C3;
14A2 : 02;
14A3 : C1;
14A4 : E1;
14A5 : 09;
14A6 : EB;
14A7 : E1;
14A8 : 09;
14A9 : C9;
14AA : 3A;
14AB : DD;
14AC : F3;
14AD : FE;
14AE : 01;
14AF : C8;
14B0 : 3E;
14B1 : 20;
14B2 : CD;
14B3 : 97;
14B4 : 12;
14B5 : C3;
14B6 : 37;
14B7 : 13;
14B8 : 3A;
14B9 : A9;
14BA : FC;
14BB : FE;
14BC : 01;
14BD : C0;
14BE : 3A;
14BF : AF;
14C0 : FC;
14C1 : FE;
14C2 : 02;
14C3 : D0;
14C4 : 3A;
14C5 : CC;
14C6 : FB;
14C7 : CD;
14C8 : 62;
14C9 : 11;
14CA : C3;
14CB : 57;
14CC : 02;
14CD : 3A;
14CE : A9;
14CF : FC;
14D0 : FE;
14D1 : 01;
14D2 : C0;
14D3 : 3A;
14D4 : AF;
14D5 : FC;
14D6 : FE;
14D7 : 02;
14D8 : D0;
14D9 : CD;
14DA : 62;
14DB : 11;
14DC : CD;
14DD : 51;
14DE : 02;
14DF : 32;
14E0 : CC;
14E1 : FB;
14E2 : A7;
14E3 : 16;
14E4 : 00;
14E5 : 5F;
14E6 : CB;
14E7 : 13;
14E8 : CB;
14E9 : 12;
14EA : CB;
14EB : 13;
14EC : CB;
14ED : 12;
14EE : CB;
14EF : 13;
14F0 : CB;
14F1 : 12;
14F2 : AF;
14F3 : 21;
14F4 : AF;
14F5 : FC;
14F6 : BE;
14F7 : 20;
14F8 : 05;
14F9 : 2A;
14FA : B7;
14FB : F3;
14FC : 18;
14FD : 03;
14FE : 2A;
14FF : C1;
1500 : F3;
1501 : E5;
1502 : 19;
1503 : 11;
1504 : 18;
1505 : FC;
1506 : 01;
1507 : 08;
1508 : 00;
1509 : CD;
150A : A4;
150B : 02;
150C : 3A;
150D : AA;
150E : FC;
150F : FE;
1510 : 00;
1511 : 20;
1512 : 07;
1513 : 21;
1514 : 18;
1515 : FC;
1516 : 06;
1517 : 08;
1518 : 18;
1519 : 05;
151A : 21;
151B : 1E;
151C : FC;
151D : 06;
151E : 02;
151F : 7E;
1520 : 2F;
1521 : 77;
1522 : 23;
1523 : 10;
1524 : FA;
1525 : E1;
1526 : 11;
1527 : F8;
1528 : 07;
1529 : 19;
152A : EB;
152B : 21;
152C : 18;
152D : FC;
152E : 01;
152F : 08;
1530 : 00;
1531 : CD;
1532 : C3;
1533 : 02;
1534 : CD;
1535 : 62;
1536 : 11;
1537 : 3E;
1538 : FF;
1539 : C3;
153A : 57;
153B : 02;
153C : 07;
153D : 0A;
153E : 17;
153F : 08;
1540 : 37;
1541 : 13;
1542 : 09;
1543 : C4;
1544 : 12;
1545 : 0A;
1546 : D3;
1547 : 12;
1548 : 0B;
1549 : EA;
154A : 12;
154B : 0C;
154C : 2A;
154D : 07;
154E : 0D;
154F : 11;
1550 : 13;
1551 : 1B;
1552 : 17;
1553 : 13;
1554 : 1C;
1555 : 1D;
1556 : 13;
1557 : 1D;
1558 : 37;
1559 : 13;
155A : 1E;
155B : 4C;
155C : 13;
155D : 1F;
155E : 55;
155F : 13;
1560 : 6A;
1561 : 2A;
1562 : 07;
1563 : 45;
1564 : 2A;
1565 : 07;
1566 : 4B;
1567 : D3;
1568 : 13;
1569 : 4A;
156A : F1;
156B : 12;
156C : 6C;
156D : D0;
156E : 13;
156F : 4C;
1570 : F1;
1571 : 13;
1572 : 4D;
1573 : 35;
1574 : 14;
1575 : 59;
1576 : B1;
1577 : 13;
1578 : 41;
1579 : 4C;
157A : 13;
157B : 42;
157C : 55;
157D : 13;
157E : 43;
157F : BA;
1580 : 13;
1581 : 44;
1582 : C7;
1583 : 13;
1584 : 48;
1585 : EA;
1586 : 12;
1587 : 78;
1588 : A9;
1589 : 13;
158A : 79;
158B : AD;
158C : 13;
158D : CD;
158E : B6;
158F : FF;
1590 : F5;
1591 : CD;
1592 : D9;
1593 : 16;
1594 : 38;
1595 : 08;
1596 : CD;
1597 : B7;
1598 : 15;
1599 : 28;
159A : F6;
159B : F1;
159C : 18;
159D : 0C;
159E : 3E;
159F : 0D;
15A0 : CD;
15A1 : AA;
15A2 : 15;
15A3 : AF;
15A4 : 32;
15A5 : 15;
15A6 : F4;
15A7 : F1;
15A8 : 37;
15A9 : C9;
15AA : F5;
15AB : D3;
15AC : 91;
15AD : 3E;
15AE : 00;
15AF : D3;
15B0 : 90;
15B1 : 2F;
15B2 : D3;
15B3 : 90;
15B4 : F1;
15B5 : A7;
15B6 : C9;
15B7 : CD;
15B8 : BB;
15B9 : FF;
15BA : DB;
15BB : 90;
15BC : 1F;
15BD : 1F;
15BE : 3E;
15BF : FF;
15C0 : 30;
15C1 : 01;
15C2 : 2F;
15C3 : A7;
15C4 : C9;
15C5 : E5;
15C6 : F5;
15C7 : 21;
15C8 : A6;
15C9 : FC;
15CA : AF;
15CB : BE;
15CC : 77;
15CD : 20;
15CE : 08;
15CF : F1;
15D0 : FE;
15D1 : 01;
15D2 : 20;
15D3 : 13;
15D4 : 77;
15D5 : 18;
15D6 : 11;
15D7 : F1;
15D8 : FE;
15D9 : 40;
15DA : 38;
15DB : 09;
15DC : FE;
15DD : 60;
15DE : 30;
15DF : 05;
15E0 : D6;
15E1 : 40;
15E2 : BF;
15E3 : 18;
15E4 : 02;
15E5 : FE;
15E6 : 50;
15E7 : 37;
15E8 : E1;
15E9 : C9;
15EA : CD;
15EB : DB;
15EC : FD;
15ED : 3A;
15EE : AA;
15EF : F6;
15F0 : A7;
15F1 : CA;
15F2 : 08;
15F3 : 16;
15F4 : 3E;
15F5 : 01;
15F6 : 32;
15F7 : DD;
15F8 : F3;
15F9 : C3;
15FA : 08;
15FB : 16;
15FC : 3F;
15FD : 20;
15FE : 00;
15FF : CD;
1600 : E0;
1601 : FD;
1602 : 21;
1603 : FC;
1604 : 15;
1605 : CD;
1606 : 33;
1607 : 11;
1608 : 2A;
1609 : DD;
160A : F3;
160B : 22;
160C : CA;
160D : FB;
160E : 11;
160F : B0;
1610 : FB;
1611 : 26;
1612 : 00;
1613 : 7D;
1614 : 19;
1615 : 77;
1616 : CD;
1617 : 34;
1618 : 12;
1619 : FE;
161A : 7F;
161B : CA;
161C : 98;
161D : 16;
161E : FE;
161F : 20;
1620 : 30;
1621 : 11;
1622 : 06;
1623 : 14;
1624 : 21;
1625 : 99;
1626 : 16;
1627 : CD;
1628 : 00;
1629 : 02;
162A : AF;
162B : 32;
162C : A8;
162D : FC;
162E : 32;
162F : AA;
1630 : FC;
1631 : 18;
1632 : E3;
1633 : F5;
1634 : 3A;
1635 : A8;
1636 : FC;
1637 : A7;
1638 : C4;
1639 : 3F;
163A : 16;
163B : F1;
163C : DF;
163D : 18;
163E : C9;
163F : CD;
1640 : B8;
1641 : 14;
1642 : 2A;
1643 : DC;
1644 : F3;
1645 : 22;
1646 : BC;
1647 : F6;
1648 : 3E;
1649 : 20;
164A : 32;
164B : A7;
164C : F6;
164D : CD;
164E : 62;
164F : 11;
1650 : CD;
1651 : 51;
1652 : 02;
1653 : FE;
1654 : 20;
1655 : 20;
1656 : 28;
1657 : 2A;
1658 : DC;
1659 : F3;
165A : 3A;
165B : B0;
165C : F3;
165D : BC;
165E : 20;
165F : 1D;
1660 : 26;
1661 : 00;
1662 : 11;
1663 : B1;
1664 : FB;
1665 : 19;
1666 : 7E;
1667 : B7;
1668 : 28;
1669 : 13;
166A : 3A;
166B : A7;
166C : F6;
166D : CD;
166E : 62;
166F : 11;
1670 : CD;
1671 : 57;
1672 : 02;
1673 : 2A;
1674 : BC;
1675 : F6;
1676 : 22;
1677 : DC;
1678 : F3;
1679 : C9;
167A : C3;
167B : CD;
167C : 14;
167D : 3E;
167E : 20;
167F : F5;
1680 : 3A;
1681 : A7;
1682 : F6;
1683 : DF;
1684 : F1;
1685 : 32;
1686 : A7;
1687 : F6;
1688 : 18;
1689 : C3;
168A : C9;
168B : 37;
168C : E1;
168D : C9;
168E : C9;
168F : C9;
1690 : C9;
1691 : C9;
1692 : AF;
1693 : E1;
1694 : C9;
1695 : C9;
1696 : C9;
1697 : C9;
1698 : C9;
1699 : 18;
169A : 00;
169B : 18;
169C : 00;
169D : 8A;
169E : 16;
169F : 8B;
16A0 : 16;
16A1 : 18;
16A2 : 00;
16A3 : 8E;
16A4 : 16;
16A5 : 8F;
16A6 : 16;
16A7 : 18;
16A8 : 00;
16A9 : 90;
16AA : 16;
16AB : 18;
16AC : 00;
16AD : 18;
16AE : 00;
16AF : 18;
16B0 : 00;
16B1 : 18;
16B2 : 00;
16B3 : 91;
16B4 : 16;
16B5 : 92;
16B6 : 16;
16B7 : 18;
16B8 : 00;
16B9 : 18;
16BA : 00;
16BB : 18;
16BC : 00;
16BD : 95;
16BE : 16;
16BF : 18;
16C0 : 00;
16C1 : 18;
16C2 : 00;
16C3 : 96;
16C4 : 16;
16C5 : 18;
16C6 : 00;
16C7 : 18;
16C8 : 00;
16C9 : 18;
16CA : 00;
16CB : 18;
16CC : 00;
16CD : 18;
16CE : 00;
16CF : 97;
16D0 : 16;
16D1 : 18;
16D2 : 00;
16D3 : 18;
16D4 : 00;
16D5 : 18;
16D6 : 00;
16D7 : 18;
16D8 : 00;
16D9 : DB;
16DA : AA;
16DB : E6;
16DC : F0;
16DD : F6;
16DE : 07;
16DF : D3;
16E0 : AA;
16E1 : DB;
16E2 : A9;
16E3 : E6;
16E4 : 10;
16E5 : C0;
16E6 : DB;
16E7 : AA;
16E8 : E6;
16E9 : F0;
16EA : F6;
16EB : 06;
16EC : D3;
16ED : AA;
16EE : DB;
16EF : A9;
16F0 : E6;
16F1 : 02;
16F2 : C0;
16F3 : 37;
16F4 : C9;
16F5 : E5;
16F6 : F5;
16F7 : 21;
16F8 : 00;
16F9 : 17;
16FA : CD;
16FB : AB;
16FC : 09;
16FD : F1;
16FE : E1;
16FF : C9;
1700 : 49;
1701 : 53;
1702 : 43;
1703 : 4E;
1704 : 54;
1705 : 43;
1706 : 00;
1707 : C3;
1708 : F5;
1709 : 16;
170A : E5;
170B : F5;
170C : 21;
170D : 15;
170E : 17;
170F : CD;
1710 : AB;
1711 : 09;
1712 : F1;
1713 : E1;
1714 : C9;
1715 : 42;
1716 : 45;
1717 : 45;
1718 : 50;
1719 : 00;
171A : 22;
171B : DC;
171C : F3;
171D : C9;
171E : E5;
171F : F5;
1720 : 21;
1721 : 29;
1722 : 17;
1723 : CD;
1724 : AB;
1725 : 09;
1726 : F1;
1727 : E1;
1728 : C9;
1729 : 46;
172A : 4E;
172B : 4B;
172C : 53;
172D : 42;
172E : 00;
172F : E5;
1730 : F5;
1731 : 21;
1732 : 3A;
1733 : 17;
1734 : CD;
1735 : AB;
1736 : 09;
1737 : F1;
1738 : E1;
1739 : C9;
173A : 45;
173B : 52;
173C : 41;
173D : 46;
173E : 4E;
173F : 4B;
1740 : 00;
1741 : E5;
1742 : F5;
1743 : 21;
1744 : 4C;
1745 : 17;
1746 : CD;
1747 : AB;
1748 : 09;
1749 : F1;
174A : E1;
174B : C9;
174C : 44;
174D : 53;
174E : 50;
174F : 46;
1750 : 4E;
1751 : 4B;
1752 : 00;
1753 : 3A;
1754 : AF;
1755 : FC;
1756 : FE;
1757 : 02;
1758 : D8;
1759 : 3A;
175A : B0;
175B : FC;
175C : CD;
175D : BD;
175E : FD;
175F : B7;
1760 : CA;
1761 : 94;
1762 : 03;
1763 : C3;
1764 : 9D;
1765 : 03;
1766 : E5;
1767 : F5;
1768 : 21;
1769 : 72;
176A : 17;
176B : CD;
176C : AB;
176D : 09;
176E : F1;
176F : E1;
1770 : 37;
1771 : C9;
1772 : 54;
1773 : 41;
1774 : 50;
1775 : 49;
1776 : 4F;
1777 : 4E;
1778 : 00;
1779 : E5;
177A : F5;
177B : 21;
177C : 85;
177D : 17;
177E : CD;
177F : AB;
1780 : 09;
1781 : F1;
1782 : E1;
1783 : 37;
1784 : C9;
1785 : 54;
1786 : 41;
1787 : 50;
1788 : 49;
1789 : 4E;
178A : 00;
178B : E5;
178C : F5;
178D : 21;
178E : 96;
178F : 17;
1790 : CD;
1791 : AB;
1792 : 09;
1793 : F1;
1794 : E1;
1795 : C9;
1796 : 54;
1797 : 41;
1798 : 50;
1799 : 49;
179A : 4F;
179B : 46;
179C : 00;
179D : E5;
179E : F5;
179F : 21;
17A0 : A9;
17A1 : 17;
17A2 : CD;
17A3 : AB;
17A4 : 09;
17A5 : F1;
17A6 : E1;
17A7 : 37;
17A8 : C9;
17A9 : 54;
17AA : 41;
17AB : 50;
17AC : 4F;
17AD : 4F;
17AE : 4E;
17AF : 00;
17B0 : E5;
17B1 : F5;
17B2 : 21;
17B3 : BC;
17B4 : 17;
17B5 : CD;
17B6 : AB;
17B7 : 09;
17B8 : F1;
17B9 : E1;
17BA : 37;
17BB : C9;
17BC : 54;
17BD : 41;
17BE : 50;
17BF : 4F;
17C0 : 55;
17C1 : 54;
17C2 : 00;
17C3 : E5;
17C4 : F5;
17C5 : 21;
17C6 : CE;
17C7 : 17;
17C8 : CD;
17C9 : AB;
17CA : 09;
17CB : F1;
17CC : E1;
17CD : C9;
17CE : 54;
17CF : 41;
17D0 : 50;
17D1 : 4F;
17D2 : 4F;
17D3 : 46;
17D4 : 00;
17D5 : C5;
17D6 : 47;
17D7 : DB;
17D8 : AA;
17D9 : 04;
17DA : 28;
17DB : 0C;
17DC : CB;
17DD : E7;
17DE : 05;
17DF : 28;
17E0 : 09;
17E1 : CB;
17E2 : A7;
17E3 : 05;
17E4 : 28;
17E5 : 04;
17E6 : C1;
17E7 : C9;
17E8 : EE;
17E9 : 10;
17EA : D3;
17EB : AA;
17EC : C1;
17ED : C9;
17EE : 1E;
17EF : 00;
17F0 : 3E;
17F1 : 08;
17F2 : CD;
17F3 : 06;
17F4 : 18;
17F5 : 3C;
17F6 : CD;
17F7 : 06;
17F8 : 18;
17F9 : 3C;
17FA : CD;
17FB : 06;
17FC : 18;
17FD : 3C;
17FE : 1E;
17FF : B8;
1800 : 3E;
1801 : 07;
1802 : CD;
1803 : 06;
1804 : 18;
1805 : C9;
1806 : F3;
1807 : D3;
1808 : A0;
1809 : F5;
180A : 7B;
180B : D3;
180C : A1;
180D : FB;
180E : F1;
180F : C9;
1810 : D3;
1811 : A0;
1812 : DB;
1813 : A2;
1814 : C9;
1815 : B7;
1816 : 3E;
1817 : 0E;
1818 : 28;
1819 : 01;
181A : 3C;
181B : D3;
181C : AB;
181D : C9;
181E : DB;
181F : A8;
1820 : C9;
1821 : D3;
1822 : A8;
1823 : C9;
1824 : DB;
1825 : 99;
1826 : C9;
1827 : F3;
1828 : C5;
1829 : 4F;
182A : DB;
182B : AA;
182C : E6;
182D : F0;
182E : B1;
182F : D3;
1830 : AA;
1831 : DB;
1832 : A9;
1833 : C1;
1834 : FB;
1835 : C9;
1836 : CD;
1837 : A7;
1838 : FF;
1839 : C9;
183A : CD;
183B : AC;
183C : FF;
183D : C9;
183E : 3A;
183F : 64;
1840 : F8;
1841 : A7;
1842 : C9;
1843 : C5;
1844 : FE;
1845 : 00;
1846 : 20;
1847 : 19;
1848 : 3E;
1849 : 08;
184A : CD;
184B : 27;
184C : 18;
184D : 0F;
184E : 0F;
184F : 0F;
1850 : 0F;
1851 : 2F;
1852 : E6;
1853 : 0F;
1854 : E5;
1855 : 21;
1856 : A6;
1857 : 18;
1858 : 16;
1859 : 00;
185A : 5F;
185B : 19;
185C : 7E;
185D : E1;
185E : C1;
185F : A7;
1860 : C9;
1861 : E5;
1862 : D5;
1863 : 1E;
1864 : 00;
1865 : 3D;
1866 : 28;
1867 : 02;
1868 : CB;
1869 : F3;
186A : 3E;
186B : 0F;
186C : F3;
186D : CD;
186E : 10;
186F : 18;
1870 : FB;
1871 : E6;
1872 : BF;
1873 : B3;
1874 : 5F;
1875 : 3E;
1876 : 0F;
1877 : CD;
1878 : 06;
1879 : 18;
187A : 3E;
187B : 0E;
187C : F3;
187D : CD;
187E : 10;
187F : 18;
1880 : FB;
1881 : 2F;
1882 : E6;
1883 : 0F;
1884 : 21;
1885 : 96;
1886 : 18;
1887 : 06;
1888 : 00;
1889 : 4F;
188A : 09;
188B : 7E;
188C : D1;
188D : E1;
188E : C1;
188F : A7;
1890 : C9;
1891 : 3E;
1892 : 00;
1893 : C1;
1894 : A7;
1895 : C9;
1896 : 00;
1897 : 01;
1898 : 05;
1899 : 00;
189A : 07;
189B : 08;
189C : 06;
189D : 07;
189E : 03;
189F : 02;
18A0 : 04;
18A1 : 03;
18A2 : 00;
18A3 : 01;
18A4 : 05;
18A5 : 00;
18A6 : 00;
18A7 : 07;
18A8 : 01;
18A9 : 08;
18AA : 05;
18AB : 06;
18AC : 00;
18AD : 07;
18AE : 03;
18AF : 00;
18B0 : 02;
18B1 : 01;
18B2 : 04;
18B3 : 05;
18B4 : 03;
18B5 : 00;
18B6 : FE;
18B7 : 05;
18B8 : 30;
18B9 : 03;
18BA : B7;
18BB : 20;
18BC : 09;
18BD : 3E;
18BE : 08;
18BF : CD;
18C0 : 27;
18C1 : 18;
18C2 : F6;
18C3 : FE;
18C4 : 3C;
18C5 : C9;
18C6 : F3;
18C7 : 3D;
18C8 : D5;
18C9 : 1E;
18CA : 03;
18CB : 47;
18CC : E6;
18CD : 01;
18CE : 28;
18CF : 02;
18D0 : 1E;
18D1 : 4C;
18D2 : 3E;
18D3 : 0F;
18D4 : CD;
18D5 : 10;
18D6 : 18;
18D7 : E6;
18D8 : BF;
18D9 : B3;
18DA : 5F;
18DB : 3E;
18DC : 0F;
18DD : CD;
18DE : 06;
18DF : 18;
18E0 : 78;
18E1 : 06;
18E2 : 10;
18E3 : E6;
18E4 : 02;
18E5 : 28;
18E6 : 02;
18E7 : 06;
18E8 : 20;
18E9 : 3E;
18EA : 0E;
18EB : F3;
18EC : CD;
18ED : 10;
18EE : 18;
18EF : FB;
18F0 : D1;
18F1 : A0;
18F2 : 28;
18F3 : 02;
18F4 : 18;
18F5 : 03;
18F6 : 3E;
18F7 : FF;
18F8 : C9;
18F9 : AF;
18FA : C9;
18FB : E5;
18FC : F5;
18FD : 21;
18FE : 07;
18FF : 19;
1900 : CD;
1901 : AB;
1902 : 09;
1903 : F1;
1904 : E1;
1905 : AF;
1906 : C9;
1907 : 47;
1908 : 54;
1909 : 50;
190A : 41;
190B : 44;
190C : 00;
190D : E5;
190E : F5;
190F : 21;
1910 : 18;
1911 : 19;
1912 : CD;
1913 : AB;
1914 : 09;
1915 : F1;
1916 : E1;
1917 : C9;
1918 : 47;
1919 : 54;
191A : 50;
191B : 44;
191C : 4C;
191D : 00;
191E : CD;
191F : 4E;
1920 : 19;
1921 : 46;
1922 : 04;
1923 : 23;
1924 : 7E;
1925 : 90;
1926 : 23;
1927 : 23;
1928 : A6;
1929 : 6F;
192A : 26;
192B : 00;
192C : C9;
192D : CD;
192E : 4E;
192F : 19;
1930 : 7E;
1931 : 3C;
1932 : 47;
1933 : 23;
1934 : 96;
1935 : C8;
1936 : 78;
1937 : 23;
1938 : 23;
1939 : E5;
193A : A6;
193B : 2B;
193C : 2B;
193D : 2B;
193E : 77;
193F : E1;
1940 : 23;
1941 : 7E;
1942 : 23;
1943 : 66;
1944 : 6F;
1945 : 05;
1946 : 48;
1947 : 06;
1948 : 00;
1949 : 09;
194A : 73;
194B : F6;
194C : 01;
194D : C9;
194E : 2A;
194F : F3;
1950 : F3;
1951 : 47;
1952 : 07;
1953 : 07;
1954 : 80;
1955 : 80;
1956 : 4F;
1957 : 06;
1958 : 00;
1959 : 09;
195A : C9;
195B : B7;
195C : DB;
195D : AA;
195E : CB;
195F : B7;
1960 : 20;
1961 : 02;
1962 : CB;
1963 : F7;
1964 : D3;
1965 : AA;
1966 : C9;
1967 : E5;
1968 : F5;
1969 : 21;
196A : 72;
196B : 19;
196C : CD;
196D : AB;
196E : 09;
196F : F1;
1970 : E1;
1971 : C9;
1972 : 4F;
1973 : 55;
1974 : 54;
1975 : 44;
1976 : 4C;
1977 : 50;
1978 : 00;
1979 : 2E;
197A : 02;
197B : 18;
197C : 03;
197D : 3A;
197E : 38;
197F : FB;
1980 : D5;
1981 : 16;
1982 : 00;
1983 : 5D;
1984 : 21;
1985 : 41;
1986 : FB;
1987 : 19;
1988 : 1E;
1989 : 25;
198A : B7;
198B : 28;
198C : 04;
198D : 19;
198E : 3D;
198F : 18;
1990 : F9;
1991 : D1;
1992 : C9;
1993 : 2A;
1994 : FA;
1995 : F3;
1996 : 22;
1997 : F8;
1998 : F3;
1999 : C9;
199A : E5;
199B : D5;
199C : C5;
199D : F5;
199E : D9;
199F : 08;
19A0 : E5;
19A1 : D5;
19A2 : C5;
19A3 : F5;
19A4 : FD;
19A5 : E5;
19A6 : DD;
19A7 : E5;
19A8 : CD;
19A9 : 9A;
19AA : FD;
19AB : DB;
19AC : 99;
19AD : B7;
19AE : 32;
19AF : E7;
19B0 : F3;
19B1 : F2;
19B2 : 02;
19B3 : 1A;
19B4 : CD;
19B5 : 9F;
19B6 : FD;
19B7 : 2A;
19B8 : 9E;
19B9 : FC;
19BA : 23;
19BB : 22;
19BC : 9E;
19BD : FC;
19BE : AF;
19BF : 32;
19C0 : D9;
19C1 : FB;
19C2 : 3A;
19C3 : F6;
19C4 : F3;
19C5 : 3D;
19C6 : 32;
19C7 : F6;
19C8 : F3;
19C9 : 20;
19CA : 37;
19CB : 3E;
19CC : 03;
19CD : 32;
19CE : F6;
19CF : F3;
19D0 : AF;
19D1 : CD;
19D2 : B6;
19D3 : 18;
19D4 : 2F;
19D5 : E6;
19D6 : 01;
19D7 : 32;
19D8 : E8;
19D9 : F3;
19DA : CD;
19DB : 17;
19DC : 1A;
19DD : 2A;
19DE : F8;
19DF : F3;
19E0 : ED;
19E1 : 5B;
19E2 : FA;
19E3 : F3;
19E4 : E7;
19E5 : 20;
19E6 : 1B;
19E7 : 3A;
19E8 : F7;
19E9 : F3;
19EA : 3D;
19EB : 32;
19EC : F7;
19ED : F3;
19EE : 20;
19EF : 12;
19F0 : 21;
19F1 : DA;
19F2 : FB;
19F3 : 01;
19F4 : FF;
19F5 : 0B;
19F6 : 71;
19F7 : 23;
19F8 : 10;
19F9 : FC;
19FA : CD;
19FB : 17;
19FC : 1A;
19FD : 3E;
19FE : 01;
19FF : 32;
1A00 : F7;
1A01 : F3;
1A02 : DD;
1A03 : E1;
1A04 : FD;
1A05 : E1;
1A06 : F1;
1A07 : C1;
1A08 : D1;
1A09 : E1;
1A0A : D9;
1A0B : 08;
1A0C : F1;
1A0D : C1;
1A0E : D1;
1A0F : E1;
1A10 : FB;
1A11 : C9;
1A12 : CD;
1A13 : D6;
1A14 : FD;
1A15 : ED;
1A16 : 45;
1A17 : DB;
1A18 : AA;
1A19 : E6;
1A1A : F0;
1A1B : 4F;
1A1C : 06;
1A1D : 0B;
1A1E : 21;
1A1F : E5;
1A20 : FB;
1A21 : 79;
1A22 : D3;
1A23 : AA;
1A24 : DB;
1A25 : A9;
1A26 : 77;
1A27 : 23;
1A28 : 0C;
1A29 : 10;
1A2A : F6;
1A2B : DD;
1A2C : 21;
1A2D : DA;
1A2E : FB;
1A2F : 11;
1A30 : E5;
1A31 : FB;
1A32 : 3A;
1A33 : EB;
1A34 : FB;
1A35 : 0F;
1A36 : 21;
1A37 : D3;
1A38 : 26;
1A39 : 38;
1A3A : 03;
1A3B : 21;
1A3C : 03;
1A3D : 27;
1A3E : 0E;
1A3F : 0B;
1A40 : 1A;
1A41 : DD;
1A42 : BE;
1A43 : 00;
1A44 : C4;
1A45 : 68;
1A46 : 1A;
1A47 : 2F;
1A48 : DD;
1A49 : A6;
1A4A : 00;
1A4B : 08;
1A4C : 1A;
1A4D : DD;
1A4E : 77;
1A4F : 00;
1A50 : 08;
1A51 : 06;
1A52 : 08;
1A53 : 0F;
1A54 : 38;
1A55 : 1A;
1A56 : 23;
1A57 : 10;
1A58 : FA;
1A59 : DD;
1A5A : 23;
1A5B : 13;
1A5C : 0D;
1A5D : C8;
1A5E : 79;
1A5F : FE;
1A60 : 05;
1A61 : 20;
1A62 : DD;
1A63 : 21;
1A64 : F3;
1A65 : 27;
1A66 : 18;
1A67 : D8;
1A68 : F5;
1A69 : 3E;
1A6A : 05;
1A6B : 32;
1A6C : F7;
1A6D : F3;
1A6E : F1;
1A6F : C9;
1A70 : F5;
1A71 : 79;
1A72 : FE;
1A73 : 05;
1A74 : 28;
1A75 : 07;
1A76 : FE;
1A77 : 04;
1A78 : 28;
1A79 : 1C;
1A7A : C3;
1A7B : C7;
1A7C : 1A;
1A7D : 78;
1A7E : FE;
1A7F : 03;
1A80 : 20;
1A81 : 04;
1A82 : 3E;
1A83 : 00;
1A84 : 18;
1A85 : 21;
1A86 : FE;
1A87 : 02;
1A88 : 20;
1A89 : 04;
1A8A : 3E;
1A8B : 01;
1A8C : 18;
1A8D : 19;
1A8E : FE;
1A8F : 01;
1A90 : 20;
1A91 : 35;
1A92 : 3E;
1A93 : 02;
1A94 : 18;
1A95 : 11;
1A96 : 78;
1A97 : FE;
1A98 : 08;
1A99 : 20;
1A9A : 04;
1A9B : 3E;
1A9C : 03;
1A9D : 18;
1A9E : 08;
1A9F : FE;
1AA0 : 07;
1AA1 : 20;
1AA2 : 24;
1AA3 : 3E;
1AA4 : 04;
1AA5 : 18;
1AA6 : 00;
1AA7 : E5;
1AA8 : C5;
1AA9 : D5;
1AAA : 07;
1AAB : 07;
1AAC : 07;
1AAD : 07;
1AAE : 21;
1AAF : 7F;
1AB0 : F8;
1AB1 : 16;
1AB2 : 00;
1AB3 : 5F;
1AB4 : 19;
1AB5 : EB;
1AB6 : 1A;
1AB7 : A7;
1AB8 : 28;
1AB9 : 08;
1ABA : D5;
1ABB : CD;
1ABC : D4;
1ABD : 1A;
1ABE : D1;
1ABF : 13;
1AC0 : 18;
1AC1 : F4;
1AC2 : D1;
1AC3 : C1;
1AC4 : E1;
1AC5 : 18;
1AC6 : 09;
1AC7 : 7E;
1AC8 : A7;
1AC9 : 28;
1ACA : 05;
1ACB : E5;
1ACC : CD;
1ACD : D4;
1ACE : 1A;
1ACF : E1;
1AD0 : F1;
1AD1 : C3;
1AD2 : 56;
1AD3 : 1A;
1AD4 : 2A;
1AD5 : F8;
1AD6 : F3;
1AD7 : 77;
1AD8 : 23;
1AD9 : 7D;
1ADA : FE;
1ADB : 18;
1ADC : 20;
1ADD : 03;
1ADE : 21;
1ADF : F0;
1AE0 : FB;
1AE1 : D5;
1AE2 : ED;
1AE3 : 5B;
1AE4 : FA;
1AE5 : F3;
1AE6 : E7;
1AE7 : D1;
1AE8 : C8;
1AE9 : 22;
1AEA : F8;
1AEB : F3;
1AEC : C9;
1AED : CD;
1AEE : F3;
1AEF : 1A;
1AF0 : DD;
1AF1 : E1;
1AF2 : C9;
1AF3 : 08;
1AF4 : D9;
1AF5 : F5;
1AF6 : C5;
1AF7 : D5;
1AF8 : E5;
1AF9 : ED;
1AFA : 57;
1AFB : F5;
1AFC : D9;
1AFD : FD;
1AFE : E5;
1AFF : 3A;
1B00 : F8;
1B01 : FA;
1B02 : F5;
1B03 : FD;
1B04 : E1;
1B05 : 08;
1B06 : CD;
1B07 : 47;
1B08 : 24;
1B09 : FD;
1B0A : E1;
1B0B : 08;
1B0C : D9;
1B0D : F1;
1B0E : E2;
1B0F : 12;
1B10 : 1B;
1B11 : FB;
1B12 : E1;
1B13 : D1;
1B14 : C1;
1B15 : F1;
1B16 : D9;
1B17 : 08;
1B18 : C9;
1B19 : 18;
1B1A : FE;
1B1B : CD;
1B1C : DA;
1B1D : FE;
1B1E : 11;
1B1F : 37;
1B20 : 26;
1B21 : C3;
1B22 : 4C;
1B23 : 1B;
1B24 : E5;
1B25 : F5;
1B26 : 21;
1B27 : 34;
1B28 : 1B;
1B29 : CD;
1B2A : AB;
1B2B : 09;
1B2C : F1;
1B2D : E1;
1B2E : 11;
1B2F : 1C;
1B30 : 26;
1B31 : C3;
1B32 : 4C;
1B33 : 1B;
1B34 : 43;
1B35 : 41;
1B36 : 4C;
1B37 : 42;
1B38 : 41;
1B39 : 53;
1B3A : 00;
1B3B : ED;
1B3C : 5B;
1B3D : DC;
1B3E : F3;
1B3F : D5;
1B40 : 22;
1B41 : DC;
1B42 : F3;
1B43 : CD;
1B44 : D3;
1B45 : 13;
1B46 : D1;
1B47 : ED;
1B48 : 53;
1B49 : DC;
1B4A : F3;
1B4B : C9;
1B4C : DB;
1B4D : 99;
1B4E : 21;
1B4F : 1B;
1B50 : 28;
1B51 : 06;
1B52 : 0C;
1B53 : 0E;
1B54 : 99;
1B55 : ED;
1B56 : B3;
1B57 : 01;
1B58 : 00;
1B59 : 08;
1B5A : AF;
1B5B : D3;
1B5C : 98;
1B5D : 0B;
1B5E : 78;
1B5F : B1;
1B60 : 20;
1B61 : F8;
1B62 : 21;
1B63 : BF;
1B64 : 1B;
1B65 : 01;
1B66 : 00;
1B67 : 08;
1B68 : 7E;
1B69 : D3;
1B6A : 98;
1B6B : 23;
1B6C : 0B;
1B6D : 78;
1B6E : B1;
1B6F : 20;
1B70 : F7;
1B71 : 3E;
1B72 : 00;
1B73 : D3;
1B74 : 99;
1B75 : 3E;
1B76 : 40;
1B77 : D3;
1B78 : 99;
1B79 : 21;
1B7A : 03;
1B7B : 26;
1B7C : 7E;
1B7D : D3;
1B7E : 98;
1B7F : 23;
1B80 : 7E;
1B81 : A7;
1B82 : 20;
1B83 : F9;
1B84 : 1A;
1B85 : D3;
1B86 : 98;
1B87 : 13;
1B88 : 1A;
1B89 : A7;
1B8A : 20;
1B8B : F9;
1B8C : C3;
1B8D : 19;
1B8E : 1B;
1B8F : 00;
1B90 : 00;
1B91 : 00;
1B92 : 00;
1B93 : 00;
1B94 : 00;
1B95 : 00;
1B96 : 00;
1B97 : 00;
1B98 : 00;
1B99 : 00;
1B9A : 00;
1B9B : 00;
1B9C : 00;
1B9D : 00;
1B9E : 00;
1B9F : 00;
1BA0 : 00;
1BA1 : 00;
1BA2 : 00;
1BA3 : 00;
1BA4 : 00;
1BA5 : 00;
1BA6 : 00;
1BA7 : 00;
1BA8 : 00;
1BA9 : 00;
1BAA : 00;
1BAB : 00;
1BAC : 00;
1BAD : 00;
1BAE : 00;
1BAF : 00;
1BB0 : 00;
1BB1 : 00;
1BB2 : 00;
1BB3 : 00;
1BB4 : 00;
1BB5 : 00;
1BB6 : 00;
1BB7 : 00;
1BB8 : 00;
1BB9 : 00;
1BBA : 00;
1BBB : 00;
1BBC : 00;
1BBD : 00;
1BBE : 00;
1BBF : 00;
1BC0 : 00;
1BC1 : 00;
1BC2 : 00;
1BC3 : 00;
1BC4 : 00;
1BC5 : 00;
1BC6 : 00;
1BC7 : 3C;
1BC8 : 42;
1BC9 : A5;
1BCA : A5;
1BCB : C3;
1BCC : BD;
1BCD : 42;
1BCE : 3C;
1BCF : 3C;
1BD0 : 7E;
1BD1 : DB;
1BD2 : DB;
1BD3 : BD;
1BD4 : C3;
1BD5 : 7E;
1BD6 : 3C;
1BD7 : 6C;
1BD8 : AA;
1BD9 : 92;
1BDA : 44;
1BDB : 44;
1BDC : 28;
1BDD : 10;
1BDE : 00;
1BDF : 10;
1BE0 : 28;
1BE1 : 44;
1BE2 : 82;
1BE3 : 44;
1BE4 : 28;
1BE5 : 10;
1BE6 : 00;
1BE7 : 10;
1BE8 : 38;
1BE9 : 38;
1BEA : D6;
1BEB : FE;
1BEC : D6;
1BED : 38;
1BEE : 00;
1BEF : 10;
1BF0 : 38;
1BF1 : 7C;
1BF2 : 7C;
1BF3 : FE;
1BF4 : D6;
1BF5 : 38;
1BF6 : 00;
1BF7 : 00;
1BF8 : 00;
1BF9 : 00;
1BFA : 18;
1BFB : 18;
1BFC : 00;
1BFD : 00;
1BFE : 00;
1BFF : FF;
1C00 : FF;
1C01 : FF;
1C02 : E7;
1C03 : E7;
1C04 : FF;
1C05 : FF;
1C06 : FF;
1C07 : 3C;
1C08 : 42;
1C09 : 81;
1C0A : 81;
1C0B : 81;
1C0C : 81;
1C0D : 42;
1C0E : 3C;
1C0F : C3;
1C10 : BD;
1C11 : 7E;
1C12 : 7E;
1C13 : 7E;
1C14 : 7E;
1C15 : BD;
1C16 : C3;
1C17 : 0C;
1C18 : 04;
1C19 : 08;
1C1A : 70;
1C1B : 88;
1C1C : 88;
1C1D : 70;
1C1E : 00;
1C1F : 00;
1C20 : 70;
1C21 : 88;
1C22 : 88;
1C23 : 70;
1C24 : 20;
1C25 : 70;
1C26 : 20;
1C27 : 20;
1C28 : 30;
1C29 : 28;
1C2A : 28;
1C2B : 20;
1C2C : E0;
1C2D : C0;
1C2E : 00;
1C2F : 38;
1C30 : 3C;
1C31 : 24;
1C32 : 24;
1C33 : E4;
1C34 : DC;
1C35 : 18;
1C36 : 00;
1C37 : 10;
1C38 : 44;
1C39 : 38;
1C3A : AA;
1C3B : 38;
1C3C : 44;
1C3D : 10;
1C3E : 00;
1C3F : 10;
1C40 : 10;
1C41 : 10;
1C42 : 38;
1C43 : 10;
1C44 : 10;
1C45 : 10;
1C46 : 10;
1C47 : 10;
1C48 : 10;
1C49 : 10;
1C4A : EF;
1C4B : 00;
1C4C : 00;
1C4D : 00;
1C4E : 00;
1C4F : 00;
1C50 : 00;
1C51 : 00;
1C52 : EF;
1C53 : 10;
1C54 : 10;
1C55 : 10;
1C56 : 10;
1C57 : 10;
1C58 : 10;
1C59 : 10;
1C5A : E0;
1C5B : 10;
1C5C : 10;
1C5D : 10;
1C5E : 10;
1C5F : 10;
1C60 : 10;
1C61 : 10;
1C62 : 0F;
1C63 : 10;
1C64 : 10;
1C65 : 10;
1C66 : 10;
1C67 : 10;
1C68 : 10;
1C69 : 10;
1C6A : EF;
1C6B : 10;
1C6C : 10;
1C6D : 10;
1C6E : 10;
1C6F : 10;
1C70 : 10;
1C71 : 10;
1C72 : 10;
1C73 : 10;
1C74 : 10;
1C75 : 10;
1C76 : 10;
1C77 : 00;
1C78 : 00;
1C79 : 00;
1C7A : FF;
1C7B : 00;
1C7C : 00;
1C7D : 00;
1C7E : 00;
1C7F : 00;
1C80 : 00;
1C81 : 00;
1C82 : 0F;
1C83 : 10;
1C84 : 10;
1C85 : 10;
1C86 : 10;
1C87 : 00;
1C88 : 00;
1C89 : 00;
1C8A : E0;
1C8B : 10;
1C8C : 10;
1C8D : 10;
1C8E : 10;
1C8F : 10;
1C90 : 10;
1C91 : 10;
1C92 : 0F;
1C93 : 00;
1C94 : 00;
1C95 : 00;
1C96 : 00;
1C97 : 10;
1C98 : 10;
1C99 : 10;
1C9A : E0;
1C9B : 00;
1C9C : 00;
1C9D : 00;
1C9E : 00;
1C9F : 81;
1CA0 : 42;
1CA1 : 24;
1CA2 : 18;
1CA3 : 18;
1CA4 : 24;
1CA5 : 42;
1CA6 : 81;
1CA7 : 01;
1CA8 : 02;
1CA9 : 04;
1CAA : 08;
1CAB : 10;
1CAC : 20;
1CAD : 40;
1CAE : 80;
1CAF : 80;
1CB0 : 40;
1CB1 : 20;
1CB2 : 10;
1CB3 : 08;
1CB4 : 04;
1CB5 : 02;
1CB6 : 01;
1CB7 : 00;
1CB8 : 00;
1CB9 : 10;
1CBA : FF;
1CBB : 10;
1CBC : 00;
1CBD : 00;
1CBE : 00;
1CBF : 00;
1CC0 : 00;
1CC1 : 00;
1CC2 : 00;
1CC3 : 00;
1CC4 : 00;
1CC5 : 00;
1CC6 : 00;
1CC7 : 20;
1CC8 : 20;
1CC9 : 20;
1CCA : 20;
1CCB : 00;
1CCC : 20;
1CCD : 00;
1CCE : 00;
1CCF : 50;
1CD0 : 50;
1CD1 : 00;
1CD2 : 00;
1CD3 : 00;
1CD4 : 00;
1CD5 : 00;
1CD6 : 00;
1CD7 : 00;
1CD8 : 50;
1CD9 : F8;
1CDA : 50;
1CDB : F8;
1CDC : 50;
1CDD : 00;
1CDE : 00;
1CDF : 20;
1CE0 : 70;
1CE1 : A0;
1CE2 : 70;
1CE3 : 28;
1CE4 : 70;
1CE5 : 20;
1CE6 : 00;
1CE7 : 00;
1CE8 : C8;
1CE9 : D0;
1CEA : 20;
1CEB : 58;
1CEC : 98;
1CED : 00;
1CEE : 00;
1CEF : 60;
1CF0 : 90;
1CF1 : 60;
1CF2 : A8;
1CF3 : 98;
1CF4 : 60;
1CF5 : 00;
1CF6 : 00;
1CF7 : 40;
1CF8 : 40;
1CF9 : 00;
1CFA : 00;
1CFB : 00;
1CFC : 00;
1CFD : 00;
1CFE : 00;
1CFF : 20;
1D00 : 40;
1D01 : 40;
1D02 : 40;
1D03 : 40;
1D04 : 20;
1D05 : 00;
1D06 : 00;
1D07 : 20;
1D08 : 10;
1D09 : 10;
1D0A : 10;
1D0B : 10;
1D0C : 20;
1D0D : 00;
1D0E : 00;
1D0F : 00;
1D10 : 20;
1D11 : A8;
1D12 : 70;
1D13 : 50;
1D14 : 88;
1D15 : 00;
1D16 : 00;
1D17 : 00;
1D18 : 20;
1D19 : 20;
1D1A : F8;
1D1B : 20;
1D1C : 20;
1D1D : 00;
1D1E : 00;
1D1F : 00;
1D20 : 00;
1D21 : 00;
1D22 : 00;
1D23 : 00;
1D24 : 40;
1D25 : 40;
1D26 : 00;
1D27 : 00;
1D28 : 00;
1D29 : 00;
1D2A : F8;
1D2B : 00;
1D2C : 00;
1D2D : 00;
1D2E : 00;
1D2F : 00;
1D30 : 00;
1D31 : 00;
1D32 : 00;
1D33 : 00;
1D34 : 40;
1D35 : 00;
1D36 : 00;
1D37 : 00;
1D38 : 08;
1D39 : 10;
1D3A : 20;
1D3B : 40;
1D3C : 80;
1D3D : 00;
1D3E : 00;
1D3F : 70;
1D40 : 88;
1D41 : A8;
1D42 : A8;
1D43 : 88;
1D44 : 70;
1D45 : 00;
1D46 : 00;
1D47 : 20;
1D48 : 60;
1D49 : 20;
1D4A : 20;
1D4B : 20;
1D4C : 70;
1D4D : 00;
1D4E : 00;
1D4F : 70;
1D50 : 88;
1D51 : 08;
1D52 : 70;
1D53 : 80;
1D54 : F8;
1D55 : 00;
1D56 : 00;
1D57 : F8;
1D58 : 08;
1D59 : 30;
1D5A : 08;
1D5B : 88;
1D5C : 70;
1D5D : 00;
1D5E : 00;
1D5F : 10;
1D60 : 30;
1D61 : 50;
1D62 : F8;
1D63 : 10;
1D64 : 10;
1D65 : 00;
1D66 : 00;
1D67 : F8;
1D68 : 80;
1D69 : 70;
1D6A : 08;
1D6B : 88;
1D6C : 70;
1D6D : 00;
1D6E : 00;
1D6F : 30;
1D70 : 40;
1D71 : 70;
1D72 : 88;
1D73 : 88;
1D74 : 70;
1D75 : 00;
1D76 : 00;
1D77 : F8;
1D78 : 88;
1D79 : 10;
1D7A : 20;
1D7B : 20;
1D7C : 20;
1D7D : 00;
1D7E : 00;
1D7F : 70;
1D80 : 88;
1D81 : 70;
1D82 : 88;
1D83 : 88;
1D84 : 70;
1D85 : 00;
1D86 : 00;
1D87 : 70;
1D88 : 88;
1D89 : 88;
1D8A : 78;
1D8B : 08;
1D8C : 70;
1D8D : 00;
1D8E : 00;
1D8F : 00;
1D90 : 00;
1D91 : 40;
1D92 : 00;
1D93 : 00;
1D94 : 40;
1D95 : 00;
1D96 : 00;
1D97 : 00;
1D98 : 00;
1D99 : 40;
1D9A : 00;
1D9B : 00;
1D9C : 40;
1D9D : 40;
1D9E : 00;
1D9F : 00;
1DA0 : 18;
1DA1 : 60;
1DA2 : 80;
1DA3 : 60;
1DA4 : 18;
1DA5 : 00;
1DA6 : 00;
1DA7 : 00;
1DA8 : 00;
1DA9 : F8;
1DAA : 00;
1DAB : F8;
1DAC : 00;
1DAD : 00;
1DAE : 00;
1DAF : 00;
1DB0 : C0;
1DB1 : 30;
1DB2 : 08;
1DB3 : 30;
1DB4 : C0;
1DB5 : 00;
1DB6 : 00;
1DB7 : 70;
1DB8 : 88;
1DB9 : 30;
1DBA : 20;
1DBB : 00;
1DBC : 20;
1DBD : 00;
1DBE : 00;
1DBF : 70;
1DC0 : 88;
1DC1 : 98;
1DC2 : A8;
1DC3 : A8;
1DC4 : 98;
1DC5 : 40;
1DC6 : 00;
1DC7 : 70;
1DC8 : 88;
1DC9 : 88;
1DCA : F8;
1DCB : 88;
1DCC : 88;
1DCD : 00;
1DCE : 00;
1DCF : E0;
1DD0 : 90;
1DD1 : E0;
1DD2 : 90;
1DD3 : 88;
1DD4 : F0;
1DD5 : 00;
1DD6 : 00;
1DD7 : 70;
1DD8 : 88;
1DD9 : 80;
1DDA : 80;
1DDB : 88;
1DDC : 70;
1DDD : 00;
1DDE : 00;
1DDF : F0;
1DE0 : 48;
1DE1 : 48;
1DE2 : 48;
1DE3 : 48;
1DE4 : F0;
1DE5 : 00;
1DE6 : 00;
1DE7 : F8;
1DE8 : 80;
1DE9 : E0;
1DEA : 80;
1DEB : 80;
1DEC : F8;
1DED : 00;
1DEE : 00;
1DEF : F8;
1DF0 : 80;
1DF1 : 80;
1DF2 : E0;
1DF3 : 80;
1DF4 : 80;
1DF5 : 00;
1DF6 : 00;
1DF7 : 70;
1DF8 : 88;
1DF9 : 80;
1DFA : B8;
1DFB : 88;
1DFC : 70;
1DFD : 00;
1DFE : 00;
1DFF : 88;
1E00 : 88;
1E01 : F8;
1E02 : 88;
1E03 : 88;
1E04 : 88;
1E05 : 00;
1E06 : 00;
1E07 : 70;
1E08 : 20;
1E09 : 20;
1E0A : 20;
1E0B : 20;
1E0C : 70;
1E0D : 00;
1E0E : 00;
1E0F : 38;
1E10 : 08;
1E11 : 08;
1E12 : 08;
1E13 : 88;
1E14 : 70;
1E15 : 00;
1E16 : 00;
1E17 : 88;
1E18 : 90;
1E19 : A0;
1E1A : E0;
1E1B : 90;
1E1C : 88;
1E1D : 00;
1E1E : 00;
1E1F : 80;
1E20 : 80;
1E21 : 80;
1E22 : 80;
1E23 : 80;
1E24 : F8;
1E25 : 00;
1E26 : 00;
1E27 : D8;
1E28 : A8;
1E29 : A8;
1E2A : 88;
1E2B : 88;
1E2C : 88;
1E2D : 00;
1E2E : 00;
1E2F : C8;
1E30 : A8;
1E31 : A8;
1E32 : 98;
1E33 : 98;
1E34 : 88;
1E35 : 00;
1E36 : 00;
1E37 : 70;
1E38 : 88;
1E39 : 88;
1E3A : 88;
1E3B : 88;
1E3C : 70;
1E3D : 00;
1E3E : 00;
1E3F : F0;
1E40 : 88;
1E41 : 88;
1E42 : F0;
1E43 : 80;
1E44 : 80;
1E45 : 00;
1E46 : 00;
1E47 : 70;
1E48 : 88;
1E49 : 88;
1E4A : A8;
1E4B : 90;
1E4C : 68;
1E4D : 00;
1E4E : 00;
1E4F : F0;
1E50 : 88;
1E51 : 88;
1E52 : F0;
1E53 : A0;
1E54 : 98;
1E55 : 00;
1E56 : 00;
1E57 : 70;
1E58 : 80;
1E59 : 70;
1E5A : 08;
1E5B : 08;
1E5C : F0;
1E5D : 00;
1E5E : 00;
1E5F : F8;
1E60 : 20;
1E61 : 20;
1E62 : 20;
1E63 : 20;
1E64 : 20;
1E65 : 00;
1E66 : 00;
1E67 : 88;
1E68 : 88;
1E69 : 88;
1E6A : 88;
1E6B : 88;
1E6C : 78;
1E6D : 00;
1E6E : 00;
1E6F : 88;
1E70 : 88;
1E71 : 88;
1E72 : 50;
1E73 : 50;
1E74 : 20;
1E75 : 00;
1E76 : 00;
1E77 : 88;
1E78 : 88;
1E79 : A8;
1E7A : A8;
1E7B : A8;
1E7C : D8;
1E7D : 00;
1E7E : 00;
1E7F : 88;
1E80 : 50;
1E81 : 20;
1E82 : 50;
1E83 : 88;
1E84 : 88;
1E85 : 00;
1E86 : 00;
1E87 : 88;
1E88 : 88;
1E89 : 70;
1E8A : 20;
1E8B : 20;
1E8C : 20;
1E8D : 00;
1E8E : 00;
1E8F : F8;
1E90 : 10;
1E91 : 20;
1E92 : 40;
1E93 : 80;
1E94 : F8;
1E95 : 00;
1E96 : 00;
1E97 : 70;
1E98 : 40;
1E99 : 40;
1E9A : 40;
1E9B : 40;
1E9C : 70;
1E9D : 00;
1E9E : 00;
1E9F : 00;
1EA0 : 80;
1EA1 : 40;
1EA2 : 20;
1EA3 : 10;
1EA4 : 08;
1EA5 : 00;
1EA6 : 00;
1EA7 : 70;
1EA8 : 10;
1EA9 : 10;
1EAA : 10;
1EAB : 10;
1EAC : 70;
1EAD : 00;
1EAE : 00;
1EAF : 40;
1EB0 : A0;
1EB1 : 00;
1EB2 : 00;
1EB3 : 00;
1EB4 : 00;
1EB5 : 00;
1EB6 : 00;
1EB7 : 00;
1EB8 : 00;
1EB9 : 00;
1EBA : 00;
1EBB : 00;
1EBC : 00;
1EBD : F8;
1EBE : 00;
1EBF : 20;
1EC0 : 10;
1EC1 : 00;
1EC2 : 00;
1EC3 : 00;
1EC4 : 00;
1EC5 : 00;
1EC6 : 00;
1EC7 : 00;
1EC8 : 00;
1EC9 : 78;
1ECA : 88;
1ECB : 98;
1ECC : 68;
1ECD : 00;
1ECE : 00;
1ECF : 80;
1ED0 : 80;
1ED1 : F0;
1ED2 : 88;
1ED3 : 88;
1ED4 : F0;
1ED5 : 00;
1ED6 : 00;
1ED7 : 00;
1ED8 : 00;
1ED9 : 78;
1EDA : 80;
1EDB : 80;
1EDC : 78;
1EDD : 00;
1EDE : 00;
1EDF : 08;
1EE0 : 08;
1EE1 : 78;
1EE2 : 88;
1EE3 : 88;
1EE4 : 78;
1EE5 : 00;
1EE6 : 00;
1EE7 : 00;
1EE8 : 00;
1EE9 : 70;
1EEA : 98;
1EEB : E0;
1EEC : 78;
1EED : 00;
1EEE : 00;
1EEF : 30;
1EF0 : 48;
1EF1 : 40;
1EF2 : 40;
1EF3 : E0;
1EF4 : 40;
1EF5 : 40;
1EF6 : 40;
1EF7 : 00;
1EF8 : 00;
1EF9 : 78;
1EFA : 88;
1EFB : 88;
1EFC : 78;
1EFD : 08;
1EFE : 70;
1EFF : 80;
1F00 : 80;
1F01 : F0;
1F02 : 88;
1F03 : 88;
1F04 : 88;
1F05 : 00;
1F06 : 00;
1F07 : 20;
1F08 : 00;
1F09 : 60;
1F0A : 20;
1F0B : 20;
1F0C : 70;
1F0D : 00;
1F0E : 00;
1F0F : 10;
1F10 : 00;
1F11 : 30;
1F12 : 10;
1F13 : 10;
1F14 : 10;
1F15 : 10;
1F16 : 60;
1F17 : 80;
1F18 : 80;
1F19 : 98;
1F1A : A0;
1F1B : E0;
1F1C : 98;
1F1D : 00;
1F1E : 00;
1F1F : C0;
1F20 : 40;
1F21 : 40;
1F22 : 40;
1F23 : 40;
1F24 : 70;
1F25 : 00;
1F26 : 00;
1F27 : 00;
1F28 : 00;
1F29 : F0;
1F2A : A8;
1F2B : A8;
1F2C : A8;
1F2D : 00;
1F2E : 00;
1F2F : 00;
1F30 : 00;
1F31 : F0;
1F32 : 88;
1F33 : 88;
1F34 : 88;
1F35 : 00;
1F36 : 00;
1F37 : 00;
1F38 : 00;
1F39 : 70;
1F3A : 88;
1F3B : 88;
1F3C : 70;
1F3D : 00;
1F3E : 00;
1F3F : 00;
1F40 : 00;
1F41 : F0;
1F42 : 88;
1F43 : 88;
1F44 : F0;
1F45 : 80;
1F46 : 80;
1F47 : 00;
1F48 : 00;
1F49 : 78;
1F4A : 88;
1F4B : 88;
1F4C : 78;
1F4D : 08;
1F4E : 08;
1F4F : 00;
1F50 : 00;
1F51 : B8;
1F52 : C0;
1F53 : 80;
1F54 : 80;
1F55 : 00;
1F56 : 00;
1F57 : 00;
1F58 : 00;
1F59 : 78;
1F5A : F0;
1F5B : 08;
1F5C : F0;
1F5D : 00;
1F5E : 00;
1F5F : 40;
1F60 : 40;
1F61 : F0;
1F62 : 40;
1F63 : 48;
1F64 : 30;
1F65 : 00;
1F66 : 00;
1F67 : 00;
1F68 : 00;
1F69 : 88;
1F6A : 88;
1F6B : 88;
1F6C : 78;
1F6D : 00;
1F6E : 00;
1F6F : 00;
1F70 : 00;
1F71 : 88;
1F72 : 88;
1F73 : 50;
1F74 : 20;
1F75 : 00;
1F76 : 00;
1F77 : 00;
1F78 : 00;
1F79 : 88;
1F7A : A8;
1F7B : A8;
1F7C : D8;
1F7D : 00;
1F7E : 00;
1F7F : 00;
1F80 : 00;
1F81 : C8;
1F82 : 30;
1F83 : 60;
1F84 : 98;
1F85 : 00;
1F86 : 00;
1F87 : 00;
1F88 : 00;
1F89 : 88;
1F8A : 88;
1F8B : 88;
1F8C : 78;
1F8D : 08;
1F8E : 70;
1F8F : 00;
1F90 : 00;
1F91 : F8;
1F92 : 30;
1F93 : 40;
1F94 : F8;
1F95 : 00;
1F96 : 00;
1F97 : 10;
1F98 : 20;
1F99 : 20;
1F9A : 40;
1F9B : 20;
1F9C : 20;
1F9D : 10;
1F9E : 00;
1F9F : 20;
1FA0 : 20;
1FA1 : 20;
1FA2 : 20;
1FA3 : 20;
1FA4 : 20;
1FA5 : 20;
1FA6 : 00;
1FA7 : 40;
1FA8 : 20;
1FA9 : 20;
1FAA : 10;
1FAB : 20;
1FAC : 20;
1FAD : 40;
1FAE : 00;
1FAF : 50;
1FB0 : A0;
1FB1 : 00;
1FB2 : 00;
1FB3 : 00;
1FB4 : 00;
1FB5 : 00;
1FB6 : 00;
1FB7 : 00;
1FB8 : 20;
1FB9 : 50;
1FBA : 50;
1FBB : F8;
1FBC : 00;
1FBD : 00;
1FBE : 00;
1FBF : 70;
1FC0 : 88;
1FC1 : 80;
1FC2 : 80;
1FC3 : 88;
1FC4 : 70;
1FC5 : 20;
1FC6 : 40;
1FC7 : 50;
1FC8 : 00;
1FC9 : 88;
1FCA : 88;
1FCB : 88;
1FCC : 78;
1FCD : 00;
1FCE : 00;
1FCF : 08;
1FD0 : 10;
1FD1 : 70;
1FD2 : 98;
1FD3 : E0;
1FD4 : 78;
1FD5 : 00;
1FD6 : 00;
1FD7 : 20;
1FD8 : 50;
1FD9 : 78;
1FDA : 88;
1FDB : 98;
1FDC : 68;
1FDD : 00;
1FDE : 00;
1FDF : 50;
1FE0 : 00;
1FE1 : 78;
1FE2 : 88;
1FE3 : 98;
1FE4 : 68;
1FE5 : 00;
1FE6 : 00;
1FE7 : 40;
1FE8 : 20;
1FE9 : 78;
1FEA : 88;
1FEB : 98;
1FEC : 68;
1FED : 00;
1FEE : 00;
1FEF : 20;
1FF0 : 00;
1FF1 : 78;
1FF2 : 88;
1FF3 : 98;
1FF4 : 68;
1FF5 : 00;
1FF6 : 00;
1FF7 : 00;
1FF8 : 00;
1FF9 : 78;
1FFA : 80;
1FFB : 80;
1FFC : 78;
1FFD : 20;
1FFE : 40;
1FFF : 20;
2000 : 50;
2001 : 70;
2002 : 98;
2003 : E0;
2004 : 78;
2005 : 00;
2006 : 00;
2007 : 50;
2008 : 00;
2009 : 70;
200A : 98;
200B : E0;
200C : 78;
200D : 00;
200E : 00;
200F : 40;
2010 : 20;
2011 : 70;
2012 : 98;
2013 : E0;
2014 : 78;
2015 : 00;
2016 : 00;
2017 : 50;
2018 : 00;
2019 : 60;
201A : 20;
201B : 20;
201C : 70;
201D : 00;
201E : 00;
201F : 20;
2020 : 50;
2021 : 60;
2022 : 20;
2023 : 20;
2024 : 70;
2025 : 00;
2026 : 00;
2027 : 40;
2028 : 20;
2029 : 60;
202A : 20;
202B : 20;
202C : 70;
202D : 00;
202E : 00;
202F : 50;
2030 : 70;
2031 : 88;
2032 : 88;
2033 : F8;
2034 : 88;
2035 : 00;
2036 : 00;
2037 : 20;
2038 : 70;
2039 : 88;
203A : 88;
203B : F8;
203C : 88;
203D : 00;
203E : 00;
203F : 18;
2040 : F8;
2041 : 80;
2042 : E0;
2043 : 80;
2044 : F8;
2045 : 00;
2046 : 00;
2047 : 00;
2048 : 00;
2049 : D0;
204A : 68;
204B : B0;
204C : D8;
204D : 00;
204E : 00;
204F : 78;
2050 : A0;
2051 : B0;
2052 : E0;
2053 : A0;
2054 : B8;
2055 : 00;
2056 : 00;
2057 : 20;
2058 : 50;
2059 : 70;
205A : 88;
205B : 88;
205C : 70;
205D : 00;
205E : 00;
205F : 50;
2060 : 00;
2061 : 70;
2062 : 88;
2063 : 88;
2064 : 70;
2065 : 00;
2066 : 00;
2067 : 40;
2068 : 20;
2069 : 70;
206A : 88;
206B : 88;
206C : 70;
206D : 00;
206E : 00;
206F : 20;
2070 : 50;
2071 : 88;
2072 : 88;
2073 : 88;
2074 : 78;
2075 : 00;
2076 : 00;
2077 : 40;
2078 : 20;
2079 : 88;
207A : 88;
207B : 88;
207C : 78;
207D : 00;
207E : 00;
207F : 50;
2080 : 00;
2081 : 88;
2082 : 88;
2083 : 88;
2084 : 78;
2085 : 08;
2086 : 70;
2087 : 50;
2088 : 70;
2089 : 88;
208A : 88;
208B : 88;
208C : 70;
208D : 00;
208E : 00;
208F : 50;
2090 : 88;
2091 : 88;
2092 : 88;
2093 : 88;
2094 : 70;
2095 : 00;
2096 : 00;
2097 : 20;
2098 : 20;
2099 : 78;
209A : 80;
209B : 80;
209C : 78;
209D : 20;
209E : 20;
209F : 20;
20A0 : 50;
20A1 : 40;
20A2 : E0;
20A3 : 40;
20A4 : 48;
20A5 : B0;
20A6 : 00;
20A7 : 88;
20A8 : 88;
20A9 : 50;
20AA : F8;
20AB : 20;
20AC : 70;
20AD : 20;
20AE : 00;
20AF : 80;
20B0 : D0;
20B1 : B0;
20B2 : B0;
20B3 : B8;
20B4 : D0;
20B5 : 88;
20B6 : 80;
20B7 : 38;
20B8 : 40;
20B9 : F0;
20BA : 40;
20BB : F0;
20BC : 40;
20BD : 38;
20BE : 00;
20BF : 08;
20C0 : 10;
20C1 : 78;
20C2 : 88;
20C3 : 98;
20C4 : 68;
20C5 : 00;
20C6 : 00;
20C7 : 10;
20C8 : 20;
20C9 : 60;
20CA : 20;
20CB : 20;
20CC : 70;
20CD : 00;
20CE : 00;
20CF : 10;
20D0 : 20;
20D1 : 70;
20D2 : 88;
20D3 : 88;
20D4 : 70;
20D5 : 00;
20D6 : 00;
20D7 : 10;
20D8 : 20;
20D9 : 88;
20DA : 88;
20DB : 88;
20DC : 78;
20DD : 00;
20DE : 00;
20DF : 28;
20E0 : 50;
20E1 : F0;
20E2 : 88;
20E3 : 88;
20E4 : 88;
20E5 : 00;
20E6 : 00;
20E7 : 28;
20E8 : D0;
20E9 : A8;
20EA : A8;
20EB : 98;
20EC : 88;
20ED : 00;
20EE : 00;
20EF : 00;
20F0 : 00;
20F1 : 78;
20F2 : 88;
20F3 : 98;
20F4 : 68;
20F5 : 00;
20F6 : 70;
20F7 : 00;
20F8 : 00;
20F9 : 70;
20FA : 88;
20FB : 88;
20FC : 70;
20FD : 00;
20FE : 70;
20FF : 20;
2100 : 00;
2101 : 20;
2102 : 60;
2103 : 88;
2104 : 70;
2105 : 00;
2106 : 00;
2107 : 00;
2108 : 00;
2109 : 00;
210A : E0;
210B : 80;
210C : 00;
210D : 00;
210E : 00;
210F : 00;
2110 : 00;
2111 : 00;
2112 : E0;
2113 : 20;
2114 : 00;
2115 : 00;
2116 : 00;
2117 : 40;
2118 : 48;
2119 : 50;
211A : 30;
211B : 48;
211C : 90;
211D : 38;
211E : 00;
211F : 40;
2120 : 48;
2121 : 50;
2122 : 28;
2123 : 58;
2124 : B8;
2125 : 08;
2126 : 00;
2127 : 20;
2128 : 00;
2129 : 20;
212A : 20;
212B : 20;
212C : 20;
212D : 00;
212E : 00;
212F : 00;
2130 : 00;
2131 : 00;
2132 : 48;
2133 : 90;
2134 : 48;
2135 : 00;
2136 : 00;
2137 : 00;
2138 : 00;
2139 : 00;
213A : 90;
213B : 48;
213C : 90;
213D : 00;
213E : 00;
213F : 28;
2140 : 50;
2141 : 70;
2142 : 88;
2143 : F8;
2144 : 88;
2145 : 00;
2146 : 00;
2147 : 28;
2148 : 50;
2149 : 78;
214A : 88;
214B : 98;
214C : 68;
214D : 00;
214E : 00;
214F : 28;
2150 : 50;
2151 : 70;
2152 : 20;
2153 : 20;
2154 : 70;
2155 : 00;
2156 : 00;
2157 : 28;
2158 : 50;
2159 : 60;
215A : 20;
215B : 20;
215C : 70;
215D : 00;
215E : 00;
215F : 28;
2160 : 70;
2161 : 88;
2162 : 88;
2163 : 88;
2164 : 70;
2165 : 00;
2166 : 00;
2167 : 28;
2168 : 50;
2169 : 70;
216A : 88;
216B : 88;
216C : 70;
216D : 00;
216E : 00;
216F : 28;
2170 : 50;
2171 : 88;
2172 : 88;
2173 : 88;
2174 : 78;
2175 : 00;
2176 : 00;
2177 : 28;
2178 : 50;
2179 : 00;
217A : 88;
217B : 88;
217C : 78;
217D : 00;
217E : 00;
217F : FC;
2180 : 48;
2181 : 48;
2182 : 48;
2183 : 48;
2184 : E8;
2185 : 08;
2186 : 30;
2187 : 48;
2188 : 00;
2189 : D8;
218A : 48;
218B : 48;
218C : E8;
218D : 08;
218E : 30;
218F : E0;
2190 : 68;
2191 : 30;
2192 : E8;
2193 : 58;
2194 : B8;
2195 : 08;
2196 : 00;
2197 : 50;
2198 : 28;
2199 : 00;
219A : 00;
219B : 00;
219C : 00;
219D : 00;
219E : 00;
219F : 00;
21A0 : 20;
21A1 : 50;
21A2 : 88;
21A3 : 50;
21A4 : 20;
21A5 : 00;
21A6 : 00;
21A7 : 00;
21A8 : 48;
21A9 : 50;
21AA : 20;
21AB : 68;
21AC : A8;
21AD : 00;
21AE : 00;
21AF : 7C;
21B0 : A8;
21B1 : A8;
21B2 : A8;
21B3 : 68;
21B4 : 28;
21B5 : 28;
21B6 : 44;
21B7 : 70;
21B8 : 80;
21B9 : 70;
21BA : 88;
21BB : 70;
21BC : 08;
21BD : 88;
21BE : 70;
21BF : 00;
21C0 : 00;
21C1 : 00;
21C2 : 00;
21C3 : 00;
21C4 : 00;
21C5 : FF;
21C6 : FF;
21C7 : F0;
21C8 : F0;
21C9 : F0;
21CA : F0;
21CB : 0F;
21CC : 0F;
21CD : 0F;
21CE : 0F;
21CF : 00;
21D0 : 00;
21D1 : FF;
21D2 : FF;
21D3 : FF;
21D4 : FF;
21D5 : FF;
21D6 : FF;
21D7 : FF;
21D8 : FF;
21D9 : 00;
21DA : 00;
21DB : 00;
21DC : 00;
21DD : 00;
21DE : 00;
21DF : 00;
21E0 : 00;
21E1 : 00;
21E2 : 3C;
21E3 : 3C;
21E4 : 00;
21E5 : 00;
21E6 : 00;
21E7 : FF;
21E8 : FF;
21E9 : FF;
21EA : FF;
21EB : FF;
21EC : FF;
21ED : 00;
21EE : 00;
21EF : C0;
21F0 : C0;
21F1 : C0;
21F2 : C0;
21F3 : C0;
21F4 : C0;
21F5 : C0;
21F6 : C0;
21F7 : 0F;
21F8 : 0F;
21F9 : 0F;
21FA : 0F;
21FB : F0;
21FC : F0;
21FD : F0;
21FE : F0;
21FF : FC;
2200 : FC;
2201 : FC;
2202 : FC;
2203 : FC;
2204 : FC;
2205 : FC;
2206 : FC;
2207 : 03;
2208 : 03;
2209 : 03;
220A : 03;
220B : 03;
220C : 03;
220D : 03;
220E : 03;
220F : 3F;
2210 : 3F;
2211 : 3F;
2212 : 3F;
2213 : 3F;
2214 : 3F;
2215 : 3F;
2216 : 3F;
2217 : 11;
2218 : 22;
2219 : 44;
221A : 88;
221B : 11;
221C : 22;
221D : 44;
221E : 88;
221F : 88;
2220 : 44;
2221 : 22;
2222 : 11;
2223 : 88;
2224 : 44;
2225 : 22;
2226 : 11;
2227 : FE;
2228 : 7C;
2229 : 38;
222A : 10;
222B : 00;
222C : 00;
222D : 00;
222E : 00;
222F : 00;
2230 : 00;
2231 : 00;
2232 : 00;
2233 : 10;
2234 : 38;
2235 : 7C;
2236 : FE;
2237 : 80;
2238 : C0;
2239 : E0;
223A : F0;
223B : E0;
223C : C0;
223D : 80;
223E : 00;
223F : 01;
2240 : 03;
2241 : 07;
2242 : 0F;
2243 : 07;
2244 : 03;
2245 : 01;
2246 : 00;
2247 : FF;
2248 : 7E;
2249 : 3C;
224A : 18;
224B : 18;
224C : 3C;
224D : 7E;
224E : FF;
224F : 81;
2250 : C3;
2251 : E7;
2252 : FF;
2253 : FF;
2254 : E7;
2255 : C3;
2256 : 81;
2257 : F0;
2258 : F0;
2259 : F0;
225A : F0;
225B : 00;
225C : 00;
225D : 00;
225E : 00;
225F : 00;
2260 : 00;
2261 : 00;
2262 : 00;
2263 : 0F;
2264 : 0F;
2265 : 0F;
2266 : 0F;
2267 : 0F;
2268 : 0F;
2269 : 0F;
226A : 0F;
226B : 00;
226C : 00;
226D : 00;
226E : 00;
226F : 00;
2270 : 00;
2271 : 00;
2272 : 00;
2273 : F0;
2274 : F0;
2275 : F0;
2276 : F0;
2277 : 33;
2278 : 33;
2279 : CC;
227A : CC;
227B : 33;
227C : 33;
227D : CC;
227E : CC;
227F : 00;
2280 : 10;
2281 : 28;
2282 : 28;
2283 : 7C;
2284 : 00;
2285 : 00;
2286 : 00;
2287 : 10;
2288 : 10;
2289 : 38;
228A : 10;
228B : 38;
228C : 10;
228D : 10;
228E : 00;
228F : 00;
2290 : 00;
2291 : 50;
2292 : 88;
2293 : A8;
2294 : 50;
2295 : 00;
2296 : 00;
2297 : FF;
2298 : FF;
2299 : FF;
229A : FF;
229B : FF;
229C : FF;
229D : FF;
229E : FF;
229F : 00;
22A0 : 00;
22A1 : 00;
22A2 : 00;
22A3 : FF;
22A4 : FF;
22A5 : FF;
22A6 : FF;
22A7 : F0;
22A8 : F0;
22A9 : F0;
22AA : F0;
22AB : F0;
22AC : F0;
22AD : F0;
22AE : F0;
22AF : 0F;
22B0 : 0F;
22B1 : 0F;
22B2 : 0F;
22B3 : 0F;
22B4 : 0F;
22B5 : 0F;
22B6 : 0F;
22B7 : FF;
22B8 : FF;
22B9 : FF;
22BA : FF;
22BB : 00;
22BC : 00;
22BD : 00;
22BE : 00;
22BF : 00;
22C0 : 00;
22C1 : 68;
22C2 : 90;
22C3 : 90;
22C4 : 68;
22C5 : 00;
22C6 : 00;
22C7 : 60;
22C8 : 90;
22C9 : E0;
22CA : 90;
22CB : 90;
22CC : E0;
22CD : 80;
22CE : 00;
22CF : F8;
22D0 : 88;
22D1 : 80;
22D2 : 80;
22D3 : 80;
22D4 : 80;
22D5 : 00;
22D6 : 00;
22D7 : F8;
22D8 : 50;
22D9 : 50;
22DA : 50;
22DB : 50;
22DC : 48;
22DD : 80;
22DE : 00;
22DF : F8;
22E0 : 48;
22E1 : 20;
22E2 : 40;
22E3 : 88;
22E4 : F8;
22E5 : 00;
22E6 : 00;
22E7 : 00;
22E8 : 00;
22E9 : 78;
22EA : 90;
22EB : 88;
22EC : 70;
22ED : 00;
22EE : 00;
22EF : 00;
22F0 : 00;
22F1 : 88;
22F2 : 88;
22F3 : C8;
22F4 : B0;
22F5 : 80;
22F6 : 80;
22F7 : 00;
22F8 : 00;
22F9 : 50;
22FA : 50;
22FB : 20;
22FC : 50;
22FD : 50;
22FE : 20;
22FF : 70;
2300 : 20;
2301 : 70;
2302 : A8;
2303 : A8;
2304 : 70;
2305 : 20;
2306 : 70;
2307 : 70;
2308 : 88;
2309 : F8;
230A : 88;
230B : 88;
230C : 70;
230D : 00;
230E : 00;
230F : 70;
2310 : 88;
2311 : 88;
2312 : 88;
2313 : 50;
2314 : D8;
2315 : 00;
2316 : 00;
2317 : 30;
2318 : 40;
2319 : 30;
231A : 48;
231B : 48;
231C : 30;
231D : 00;
231E : 00;
231F : 00;
2320 : 00;
2321 : 50;
2322 : A8;
2323 : A8;
2324 : 50;
2325 : 00;
2326 : 00;
2327 : 00;
2328 : 10;
2329 : 70;
232A : A8;
232B : A8;
232C : 70;
232D : 40;
232E : 00;
232F : 00;
2330 : 70;
2331 : 80;
2332 : E0;
2333 : 80;
2334 : 70;
2335 : 00;
2336 : 00;
2337 : 70;
2338 : 88;
2339 : 88;
233A : 88;
233B : 88;
233C : 88;
233D : 00;
233E : 00;
233F : 00;
2340 : F8;
2341 : 00;
2342 : F8;
2343 : 00;
2344 : F8;
2345 : 00;
2346 : 00;
2347 : 00;
2348 : 20;
2349 : 20;
234A : F8;
234B : 20;
234C : 20;
234D : F8;
234E : 00;
234F : 00;
2350 : C0;
2351 : 30;
2352 : 08;
2353 : 30;
2354 : C0;
2355 : F8;
2356 : 00;
2357 : 00;
2358 : 18;
2359 : 60;
235A : 80;
235B : 60;
235C : 18;
235D : F8;
235E : 00;
235F : 00;
2360 : 18;
2361 : 20;
2362 : 20;
2363 : 20;
2364 : 20;
2365 : 20;
2366 : 20;
2367 : 20;
2368 : 20;
2369 : 20;
236A : 20;
236B : 20;
236C : 20;
236D : C0;
236E : 00;
236F : 00;
2370 : 20;
2371 : 00;
2372 : F8;
2373 : 00;
2374 : 20;
2375 : 00;
2376 : 00;
2377 : 00;
2378 : 68;
2379 : B0;
237A : 00;
237B : 68;
237C : B0;
237D : 00;
237E : 00;
237F : 00;
2380 : 30;
2381 : 48;
2382 : 48;
2383 : 30;
2384 : 00;
2385 : 00;
2386 : 00;
2387 : 00;
2388 : 30;
2389 : 78;
238A : 78;
238B : 30;
238C : 00;
238D : 00;
238E : 00;
238F : 00;
2390 : 00;
2391 : 00;
2392 : 00;
2393 : 30;
2394 : 00;
2395 : 00;
2396 : 00;
2397 : 1C;
2398 : 10;
2399 : 10;
239A : 90;
239B : 50;
239C : 30;
239D : 10;
239E : 00;
239F : E0;
23A0 : 90;
23A1 : 90;
23A2 : 00;
23A3 : 00;
23A4 : 00;
23A5 : 00;
23A6 : 00;
23A7 : 60;
23A8 : 10;
23A9 : 60;
23AA : F0;
23AB : 00;
23AC : 00;
23AD : 00;
23AE : 00;
23AF : 00;
23B0 : 70;
23B1 : 70;
23B2 : 70;
23B3 : 70;
23B4 : 70;
23B5 : 70;
23B6 : 00;
23B7 : AA;
23B8 : 55;
23B9 : AA;
23BA : 55;
23BB : AA;
23BC : 55;
23BD : AA;
23BE : 55;
23BF : AF;
23C0 : D3;
23C1 : 99;
23C2 : F6;
23C3 : 40;
23C4 : D3;
23C5 : 99;
23C6 : 01;
23C7 : 00;
23C8 : 40;
23C9 : AF;
23CA : D3;
23CB : 98;
23CC : 0B;
23CD : 78;
23CE : B1;
23CF : 20;
23D0 : F8;
23D1 : C9;
23D2 : C5;
23D3 : E5;
23D4 : F5;
23D5 : 57;
23D6 : A7;
23D7 : F3;
23D8 : FC;
23D9 : F1;
23DA : 24;
23DB : F1;
23DC : E1;
23DD : E5;
23DE : D5;
23DF : E5;
23E0 : F5;
23E1 : 7C;
23E2 : 07;
23E3 : 07;
23E4 : E6;
23E5 : 03;
23E6 : 6F;
23E7 : 47;
23E8 : 3E;
23E9 : FC;
23EA : CD;
23EB : 0B;
23EC : 24;
23ED : 5F;
23EE : 45;
23EF : F1;
23F0 : E6;
23F1 : 03;
23F2 : CD;
23F3 : 0B;
23F4 : 24;
23F5 : 47;
23F6 : DB;
23F7 : A8;
23F8 : 57;
23F9 : A3;
23FA : B0;
23FB : E1;
23FC : CD;
23FD : 80;
23FE : F3;
23FF : 7B;
2400 : D1;
2401 : F5;
2402 : CB;
2403 : 7A;
2404 : C4;
2405 : 2D;
2406 : 25;
2407 : F1;
2408 : E1;
2409 : C1;
240A : C9;
240B : 04;
240C : 05;
240D : C8;
240E : 07;
240F : 07;
2410 : 10;
2411 : FC;
2412 : C9;
2413 : E5;
2414 : 57;
2415 : D5;
2416 : A7;
2417 : F3;
2418 : FC;
2419 : F1;
241A : 24;
241B : C1;
241C : E1;
241D : D5;
241E : E5;
241F : 7C;
2420 : 07;
2421 : 07;
2422 : E6;
2423 : 03;
2424 : 6F;
2425 : 47;
2426 : 3E;
2427 : FC;
2428 : CD;
2429 : 0B;
242A : 24;
242B : 5F;
242C : 45;
242D : 7A;
242E : E6;
242F : 03;
2430 : CD;
2431 : 0B;
2432 : 24;
2433 : 47;
2434 : DB;
2435 : A8;
2436 : 57;
2437 : A3;
2438 : B0;
2439 : E1;
243A : 59;
243B : CD;
243C : 85;
243D : F3;
243E : D1;
243F : E5;
2440 : CB;
2441 : 7A;
2442 : C4;
2443 : 2D;
2444 : 25;
2445 : E1;
2446 : C9;
2447 : 08;
2448 : D9;
2449 : F3;
244A : FD;
244B : E5;
244C : F1;
244D : DD;
244E : E5;
244F : E1;
2450 : 57;
2451 : A7;
2452 : FC;
2453 : F1;
2454 : 24;
2455 : D5;
2456 : 7A;
2457 : E6;
2458 : 03;
2459 : 47;
245A : 0E;
245B : FC;
245C : DD;
245D : E5;
245E : F1;
245F : 07;
2460 : 07;
2461 : E6;
2462 : 03;
2463 : 87;
2464 : 28;
2465 : 07;
2466 : CB;
2467 : 00;
2468 : CB;
2469 : 01;
246A : 3D;
246B : 20;
246C : F9;
246D : 21;
246E : 7A;
246F : 24;
2470 : E5;
2471 : DB;
2472 : A8;
2473 : F5;
2474 : A1;
2475 : B0;
2476 : D9;
2477 : C3;
2478 : 8C;
2479 : F3;
247A : 08;
247B : D9;
247C : F3;
247D : D1;
247E : CB;
247F : 7A;
2480 : C4;
2481 : 2D;
2482 : 25;
2483 : 08;
2484 : D9;
2485 : C9;
2486 : F3;
2487 : E5;
2488 : 6F;
2489 : E6;
248A : 03;
248B : 47;
248C : 3E;
248D : AB;
248E : C6;
248F : 55;
2490 : 05;
2491 : F2;
2492 : 8E;
2493 : 24;
2494 : 57;
2495 : 7C;
2496 : 07;
2497 : 07;
2498 : E6;
2499 : 03;
249A : 67;
249B : 47;
249C : 3E;
249D : C0;
249E : 07;
249F : 07;
24A0 : 05;
24A1 : F2;
24A2 : 9E;
24A3 : 24;
24A4 : 5F;
24A5 : 2F;
24A6 : 4F;
24A7 : 7A;
24A8 : A3;
24A9 : 47;
24AA : 7D;
24AB : A7;
24AC : F2;
24AD : E9;
24AE : 24;
24AF : 0F;
24B0 : 0F;
24B1 : E6;
24B2 : 03;
24B3 : E5;
24B4 : C5;
24B5 : 47;
24B6 : 3E;
24B7 : AB;
24B8 : C6;
24B9 : 55;
24BA : 05;
24BB : F2;
24BC : B8;
24BD : 24;
24BE : A3;
24BF : 47;
24C0 : 7A;
24C1 : E6;
24C2 : C0;
24C3 : 67;
24C4 : DB;
24C5 : A8;
24C6 : 6F;
24C7 : E6;
24C8 : C0;
24C9 : B4;
24CA : D3;
24CB : A8;
24CC : 3A;
24CD : FF;
24CE : FF;
24CF : 2F;
24D0 : A1;
24D1 : B0;
24D2 : 4F;
24D3 : 32;
24D4 : FF;
24D5 : FF;
24D6 : 7D;
24D7 : D3;
24D8 : A8;
24D9 : 21;
24DA : C5;
24DB : FC;
24DC : 7A;
24DD : E6;
24DE : 03;
24DF : 85;
24E0 : 6F;
24E1 : 7C;
24E2 : CE;
24E3 : 00;
24E4 : 67;
24E5 : 79;
24E6 : 77;
24E7 : C1;
24E8 : E1;
24E9 : DB;
24EA : A8;
24EB : A1;
24EC : B0;
24ED : D3;
24EE : A8;
24EF : E1;
24F0 : C9;
24F1 : 57;
24F2 : 0F;
24F3 : 0F;
24F4 : 5F;
24F5 : E6;
24F6 : C0;
24F7 : 6F;
24F8 : DB;
24F9 : A8;
24FA : 4F;
24FB : E6;
24FC : 3F;
24FD : B5;
24FE : D3;
24FF : A8;
2500 : 7B;
2501 : E6;
2502 : 03;
2503 : 6F;
2504 : 7C;
2505 : 26;
2506 : 03;
2507 : 18;
2508 : 02;
2509 : 29;
250A : 29;
250B : D6;
250C : 40;
250D : 30;
250E : FA;
250F : 7C;
2510 : 2F;
2511 : 67;
2512 : 3A;
2513 : FF;
2514 : FF;
2515 : 2F;
2516 : 5F;
2517 : A4;
2518 : B5;
2519 : 32;
251A : FF;
251B : FF;
251C : 6F;
251D : 79;
251E : D3;
251F : A8;
2520 : 7A;
2521 : E6;
2522 : 03;
2523 : 4F;
2524 : 06;
2525 : 00;
2526 : 7D;
2527 : 21;
2528 : C5;
2529 : FC;
252A : 09;
252B : 77;
252C : C9;
252D : 7A;
252E : 0F;
252F : 0F;
2530 : E6;
2531 : C0;
2532 : 47;
2533 : DB;
2534 : A8;
2535 : 4F;
2536 : E6;
2537 : 3F;
2538 : B0;
2539 : D3;
253A : A8;
253B : 7B;
253C : 32;
253D : FF;
253E : FF;
253F : 79;
2540 : D3;
2541 : A8;
2542 : 7A;
2543 : E6;
2544 : 03;
2545 : 4F;
2546 : 06;
2547 : 00;
2548 : 21;
2549 : C5;
254A : FC;
254B : 09;
254C : 73;
254D : C9;
254E : D3;
254F : A8;
2550 : 5E;
2551 : 18;
2552 : 03;
2553 : D3;
2554 : A8;
2555 : 73;
2556 : 7A;
2557 : D3;
2558 : A8;
2559 : C9;
255A : D3;
255B : A8;
255C : 08;
255D : CD;
255E : 98;
255F : F3;
2560 : 08;
2561 : F1;
2562 : D3;
2563 : A8;
2564 : 08;
2565 : C9;
2566 : DD;
2567 : E9;
2568 : 00;
2569 : 43;
256A : 2D;
256B : 42;
256C : 49;
256D : 4F;
256E : 53;
256F : 20;
2570 : 30;
2571 : 2E;
2572 : 32;
2573 : 39;
2574 : 20;
2575 : 20;
2576 : 20;
2577 : 20;
2578 : 20;
2579 : 20;
257A : 63;
257B : 62;
257C : 69;
257D : 6F;
257E : 73;
257F : 2E;
2580 : 73;
2581 : 66;
2582 : 2E;
2583 : 6E;
2584 : 65;
2585 : 74;
2586 : 0D;
2587 : 0A;
2588 : 43;
2589 : 68;
258A : 61;
258B : 72;
258C : 61;
258D : 63;
258E : 74;
258F : 65;
2590 : 72;
2591 : 20;
2592 : 73;
2593 : 65;
2594 : 74;
2595 : 3A;
2596 : 20;
2597 : 55;
2598 : 53;
2599 : 0D;
259A : 0A;
259B : 44;
259C : 65;
259D : 66;
259E : 61;
259F : 75;
25A0 : 6C;
25A1 : 74;
25A2 : 20;
25A3 : 69;
25A4 : 6E;
25A5 : 74;
25A6 : 65;
25A7 : 72;
25A8 : 72;
25A9 : 75;
25AA : 70;
25AB : 74;
25AC : 20;
25AD : 66;
25AE : 72;
25AF : 65;
25B0 : 71;
25B1 : 2E;
25B2 : 3A;
25B3 : 20;
25B4 : 36;
25B5 : 30;
25B6 : 48;
25B7 : 7A;
25B8 : 4B;
25B9 : 65;
25BA : 79;
25BB : 62;
25BC : 6F;
25BD : 61;
25BE : 72;
25BF : 64;
25C0 : 20;
25C1 : 74;
25C2 : 79;
25C3 : 70;
25C4 : 65;
25C5 : 3A;
25C6 : 20;
25C7 : 55;
25C8 : 53;
25C9 : 0D;
25CA : 0A;
25CB : 0D;
25CC : 0A;
25CD : 0D;
25CE : 0A;
25CF : 0D;
25D0 : 0A;
25D1 : 00;
25D2 : 49;
25D3 : 6E;
25D4 : 69;
25D5 : 74;
25D6 : 20;
25D7 : 52;
25D8 : 4F;
25D9 : 4D;
25DA : 20;
25DB : 69;
25DC : 6E;
25DD : 20;
25DE : 73;
25DF : 6C;
25E0 : 6F;
25E1 : 74;
25E2 : 3A;
25E3 : 20;
25E4 : 00;
25E5 : 43;
25E6 : 61;
25E7 : 6E;
25E8 : 6E;
25E9 : 6F;
25EA : 74;
25EB : 20;
25EC : 65;
25ED : 78;
25EE : 65;
25EF : 63;
25F0 : 75;
25F1 : 74;
25F2 : 65;
25F3 : 20;
25F4 : 61;
25F5 : 20;
25F6 : 42;
25F7 : 41;
25F8 : 53;
25F9 : 49;
25FA : 43;
25FB : 20;
25FC : 52;
25FD : 4F;
25FE : 4D;
25FF : 2E;
2600 : 0D;
2601 : 0A;
2602 : 00;
2603 : 45;
2604 : 52;
2605 : 52;
2606 : 4F;
2607 : 52;
2608 : 3A;
2609 : 00;
260A : 4D;
260B : 45;
260C : 4D;
260D : 4F;
260E : 52;
260F : 59;
2610 : 20;
2611 : 4E;
2612 : 4F;
2613 : 54;
2614 : 20;
2615 : 46;
2616 : 4F;
2617 : 55;
2618 : 4E;
2619 : 44;
261A : 2E;
261B : 00;
261C : 43;
261D : 41;
261E : 4C;
261F : 4C;
2620 : 45;
2621 : 44;
2622 : 20;
2623 : 4E;
2624 : 4F;
2625 : 4E;
2626 : 20;
2627 : 45;
2628 : 58;
2629 : 49;
262A : 53;
262B : 54;
262C : 49;
262D : 4E;
262E : 47;
262F : 20;
2630 : 42;
2631 : 41;
2632 : 53;
2633 : 49;
2634 : 43;
2635 : 2E;
2636 : 00;
2637 : 53;
2638 : 54;
2639 : 41;
263A : 43;
263B : 4B;
263C : 20;
263D : 45;
263E : 52;
263F : 52;
2640 : 4F;
2641 : 52;
2642 : 2E;
2643 : 00;
2644 : 0D;
2645 : 0A;
2646 : 0D;
2647 : 0A;
2648 : 4E;
2649 : 6F;
264A : 20;
264B : 63;
264C : 61;
264D : 72;
264E : 74;
264F : 72;
2650 : 69;
2651 : 64;
2652 : 67;
2653 : 65;
2654 : 20;
2655 : 66;
2656 : 6F;
2657 : 75;
2658 : 6E;
2659 : 64;
265A : 2E;
265B : 0D;
265C : 0A;
265D : 0D;
265E : 0A;
265F : 54;
2660 : 68;
2661 : 69;
2662 : 73;
2663 : 20;
2664 : 76;
2665 : 65;
2666 : 72;
2667 : 73;
2668 : 69;
2669 : 6F;
266A : 6E;
266B : 20;
266C : 6F;
266D : 66;
266E : 20;
266F : 43;
2670 : 2D;
2671 : 42;
2672 : 49;
2673 : 4F;
2674 : 53;
2675 : 20;
2676 : 63;
2677 : 61;
2678 : 6E;
2679 : 0D;
267A : 0A;
267B : 6F;
267C : 6E;
267D : 6C;
267E : 79;
267F : 20;
2680 : 73;
2681 : 74;
2682 : 61;
2683 : 72;
2684 : 74;
2685 : 20;
2686 : 63;
2687 : 61;
2688 : 72;
2689 : 74;
268A : 72;
268B : 69;
268C : 64;
268D : 67;
268E : 65;
268F : 73;
2690 : 2E;
2691 : 0D;
2692 : 0A;
2693 : 50;
2694 : 6C;
2695 : 65;
2696 : 61;
2697 : 73;
2698 : 65;
2699 : 20;
269A : 72;
269B : 65;
269C : 73;
269D : 74;
269E : 61;
269F : 72;
26A0 : 74;
26A1 : 20;
26A2 : 79;
26A3 : 6F;
26A4 : 75;
26A5 : 72;
26A6 : 20;
26A7 : 4D;
26A8 : 53;
26A9 : 58;
26AA : 0D;
26AB : 0A;
26AC : 28;
26AD : 65;
26AE : 6D;
26AF : 75;
26B0 : 6C;
26B1 : 61;
26B2 : 74;
26B3 : 6F;
26B4 : 72;
26B5 : 29;
26B6 : 20;
26B7 : 77;
26B8 : 69;
26B9 : 74;
26BA : 68;
26BB : 20;
26BC : 61;
26BD : 20;
26BE : 63;
26BF : 61;
26C0 : 72;
26C1 : 74;
26C2 : 72;
26C3 : 69;
26C4 : 64;
26C5 : 67;
26C6 : 65;
26C7 : 0D;
26C8 : 0A;
26C9 : 69;
26CA : 6E;
26CB : 73;
26CC : 65;
26CD : 72;
26CE : 74;
26CF : 65;
26D0 : 64;
26D1 : 2E;
26D2 : 00;
26D3 : 30;
26D4 : 31;
26D5 : 32;
26D6 : 33;
26D7 : 34;
26D8 : 35;
26D9 : 36;
26DA : 37;
26DB : 38;
26DC : 39;
26DD : 2D;
26DE : 3D;
26DF : 5C;
26E0 : 5B;
26E1 : 5D;
26E2 : 3B;
26E3 : 27;
26E4 : 60;
26E5 : 2C;
26E6 : 2E;
26E7 : 2F;
26E8 : 00;
26E9 : 61;
26EA : 62;
26EB : 63;
26EC : 64;
26ED : 65;
26EE : 66;
26EF : 67;
26F0 : 68;
26F1 : 69;
26F2 : 6A;
26F3 : 6B;
26F4 : 6C;
26F5 : 6D;
26F6 : 6E;
26F7 : 6F;
26F8 : 70;
26F9 : 71;
26FA : 72;
26FB : 73;
26FC : 74;
26FD : 75;
26FE : 76;
26FF : 77;
2700 : 78;
2701 : 79;
2702 : 7A;
2703 : 29;
2704 : 21;
2705 : 40;
2706 : 23;
2707 : 24;
2708 : 25;
2709 : 5E;
270A : 26;
270B : 2A;
270C : 28;
270D : 5F;
270E : 2B;
270F : 7C;
2710 : 7B;
2711 : 7D;
2712 : 3A;
2713 : 22;
2714 : 7E;
2715 : 3C;
2716 : 3E;
2717 : 3F;
2718 : 00;
2719 : 41;
271A : 42;
271B : 43;
271C : 44;
271D : 45;
271E : 46;
271F : 47;
2720 : 48;
2721 : 49;
2722 : 4A;
2723 : 4B;
2724 : 4C;
2725 : 4D;
2726 : 4E;
2727 : 4F;
2728 : 50;
2729 : 51;
272A : 52;
272B : 53;
272C : 54;
272D : 55;
272E : 56;
272F : 57;
2730 : 58;
2731 : 59;
2732 : 5A;
2733 : 09;
2734 : AC;
2735 : AB;
2736 : BA;
2737 : EF;
2738 : BD;
2739 : F4;
273A : FB;
273B : EC;
273C : 07;
273D : 17;
273E : F1;
273F : 1E;
2740 : 01;
2741 : 0D;
2742 : 06;
2743 : 05;
2744 : BB;
2745 : F3;
2746 : F2;
2747 : 1D;
2748 : 00;
2749 : C4;
274A : 11;
274B : BC;
274C : C7;
274D : CD;
274E : 14;
274F : 15;
2750 : 13;
2751 : DC;
2752 : C6;
2753 : DD;
2754 : C8;
2755 : 0B;
2756 : 1B;
2757 : C2;
2758 : DB;
2759 : CC;
275A : 18;
275B : D2;
275C : 12;
275D : C0;
275E : 1A;
275F : CF;
2760 : 1C;
2761 : 19;
2762 : 0F;
2763 : 0A;
2764 : 00;
2765 : FD;
2766 : FC;
2767 : 00;
2768 : 00;
2769 : F5;
276A : 00;
276B : 00;
276C : 08;
276D : 1F;
276E : F0;
276F : 16;
2770 : 02;
2771 : 0E;
2772 : 04;
2773 : 03;
2774 : F7;
2775 : AE;
2776 : AF;
2777 : F6;
2778 : 00;
2779 : FE;
277A : 00;
277B : FA;
277C : C1;
277D : CE;
277E : D4;
277F : 10;
2780 : D6;
2781 : DF;
2782 : CA;
2783 : DE;
2784 : C9;
2785 : 0C;
2786 : D3;
2787 : C3;
2788 : D7;
2789 : CB;
278A : A9;
278B : D1;
278C : 00;
278D : C5;
278E : D5;
278F : D0;
2790 : F9;
2791 : AA;
2792 : F8;
2793 : EB;
2794 : 9F;
2795 : D9;
2796 : BF;
2797 : 9B;
2798 : 98;
2799 : E0;
279A : E1;
279B : E7;
279C : 87;
279D : EE;
279E : E9;
279F : 00;
27A0 : ED;
27A1 : DA;
27A2 : B7;
27A3 : B9;
27A4 : E5;
27A5 : 86;
27A6 : A6;
27A7 : A7;
27A8 : 00;
27A9 : 84;
27AA : 97;
27AB : 8D;
27AC : 8B;
27AD : 8C;
27AE : 94;
27AF : 81;
27B0 : B1;
27B1 : A1;
27B2 : 91;
27B3 : B3;
27B4 : B5;
27B5 : E6;
27B6 : A4;
27B7 : A2;
27B8 : A3;
27B9 : 83;
27BA : 93;
27BB : 89;
27BC : 96;
27BD : 82;
27BE : 95;
27BF : 88;
27C0 : 8A;
27C1 : A0;
27C2 : 85;
27C3 : D8;
27C4 : AD;
27C5 : 9E;
27C6 : BE;
27C7 : 9C;
27C8 : 9D;
27C9 : 00;
27CA : 00;
27CB : E2;
27CC : 80;
27CD : 00;
27CE : 00;
27CF : 00;
27D0 : E8;
27D1 : EA;
27D2 : B6;
27D3 : B8;
27D4 : E4;
27D5 : 8F;
27D6 : 00;
27D7 : A8;
27D8 : 00;
27D9 : 8E;
27DA : 00;
27DB : 00;
27DC : 00;
27DD : 00;
27DE : 99;
27DF : 9A;
27E0 : B0;
27E1 : 00;
27E2 : 92;
27E3 : B2;
27E4 : B4;
27E5 : 00;
27E6 : A5;
27E7 : 00;
27E8 : E3;
27E9 : 00;
27EA : 00;
27EB : 00;
27EC : 00;
27ED : 90;
27EE : 00;
27EF : 00;
27F0 : 00;
27F1 : 00;
27F2 : 00;
27F3 : 00;
27F4 : 00;
27F5 : 00;
27F6 : 00;
27F7 : 00;
27F8 : 00;
27F9 : 00;
27FA : 00;
27FB : 00;
27FC : 00;
27FD : 1B;
27FE : 09;
27FF : 00;
2800 : 08;
2801 : 00;
2802 : 0D;
2803 : 20;
2804 : 0C;
2805 : 00;
2806 : 00;
2807 : 1D;
2808 : 1E;
2809 : 1F;
280A : 1C;
280B : 2A;
280C : 2B;
280D : 2F;
280E : 30;
280F : 31;
2810 : 32;
2811 : 33;
2812 : 34;
2813 : 35;
2814 : 36;
2815 : 37;
2816 : 38;
2817 : 39;
2818 : 2D;
2819 : 2C;
281A : 2E;
281B : 00;
281C : 80;
281D : 70;
281E : 81;
281F : 00;
2820 : 82;
2821 : 01;
2822 : 84;
2823 : F5;
2824 : 87;
2825 : 00;
2826 : 40;
2827 : 00;
2828 : 00;
2829 : 00;
282A : 00;
282B : 00;
282C : 00;
282D : 00;
282E : 00;
282F : 00;
2830 : 00;
2831 : 00;
2832 : 00;
2833 : 00;
2834 : 00;
2835 : 00;
2836 : 00;
2837 : 00;
2838 : 00;
2839 : 00;
283A : 00;
283B : 00;
283C : 00;
283D : 00;
283E : 00;
283F : 00;
2840 : 00;
2841 : 00;
2842 : 00;
2843 : 00;
2844 : 00;
2845 : 00;
2846 : 00;
2847 : 00;
2848 : 00;
2849 : 00;
284A : 00;
284B : 00;
284C : 00;
284D : 00;
284E : 00;
284F : 00;
2850 : 00;
2851 : 00;
2852 : 00;
2853 : 00;
2854 : 00;
2855 : 00;
2856 : 00;
2857 : 00;
2858 : 00;
2859 : 00;
285A : 00;
285B : 00;
285C : 00;
285D : 00;
285E : 00;
285F : 00;
2860 : 00;
2861 : 00;
2862 : 00;
2863 : 00;
2864 : 00;
2865 : 00;
2866 : 00;
2867 : 00;
2868 : 00;
2869 : 00;
286A : 00;
286B : 00;
286C : 00;
286D : 00;
286E : 00;
286F : 00;
2870 : 00;
2871 : 00;
2872 : 00;
2873 : 00;
2874 : 00;
2875 : 00;
2876 : 00;
2877 : 00;
2878 : 00;
2879 : 00;
287A : 00;
287B : 00;
287C : 00;
287D : 00;
287E : 00;
287F : 00;
2880 : 00;
2881 : 00;
2882 : 00;
2883 : 00;
2884 : 00;
2885 : 00;
2886 : 00;
2887 : 00;
2888 : 00;
2889 : 00;
288A : 00;
288B : 00;
288C : 00;
288D : 00;
288E : 00;
288F : 00;
2890 : 00;
2891 : 00;
2892 : 00;
2893 : 00;
2894 : 00;
2895 : 00;
2896 : 00;
2897 : 00;
2898 : 00;
2899 : 00;
289A : 00;
289B : 00;
289C : 00;
289D : 00;
289E : 00;
289F : 00;
28A0 : 00;
28A1 : 00;
28A2 : 00;
28A3 : 00;
28A4 : 00;
28A5 : 00;
28A6 : 00;
28A7 : 00;
28A8 : 00;
28A9 : 00;
28AA : 00;
28AB : 00;
28AC : 00;
28AD : 00;
28AE : 00;
28AF : 00;
28B0 : 00;
28B1 : 00;
28B2 : 00;
28B3 : 00;
28B4 : 00;
28B5 : 00;
28B6 : 00;
28B7 : 00;
28B8 : 00;
28B9 : 00;
28BA : 00;
28BB : 00;
28BC : 00;
28BD : 00;
28BE : 00;
28BF : 00;
28C0 : 00;
28C1 : 00;
28C2 : 00;
28C3 : 00;
28C4 : 00;
28C5 : 00;
28C6 : 00;
28C7 : 00;
28C8 : 00;
28C9 : 00;
28CA : 00;
28CB : 00;
28CC : 00;
28CD : 00;
28CE : 00;
28CF : 00;
28D0 : 00;
28D1 : 00;
28D2 : 00;
28D3 : 00;
28D4 : 00;
28D5 : 00;
28D6 : 00;
28D7 : 00;
28D8 : 00;
28D9 : 00;
28DA : 00;
28DB : 00;
28DC : 00;
28DD : 00;
28DE : 00;
28DF : 00;
28E0 : 00;
28E1 : 00;
28E2 : 00;
28E3 : 00;
28E4 : 00;
28E5 : 00;
28E6 : 00;
28E7 : 00;
28E8 : 00;
28E9 : 00;
28EA : 00;
28EB : 00;
28EC : 00;
28ED : 00;
28EE : 00;
28EF : 00;
28F0 : 00;
28F1 : 00;
28F2 : 00;
28F3 : 00;
28F4 : 00;
28F5 : 00;
28F6 : 00;
28F7 : 00;
28F8 : 00;
28F9 : 00;
28FA : 00;
28FB : 00;
28FC : 00;
28FD : 00;
28FE : 00;
28FF : 00;
2900 : 00;
2901 : 00;
2902 : 00;
2903 : 00;
2904 : 00;
2905 : 00;
2906 : 00;
2907 : 00;
2908 : 00;
2909 : 00;
290A : 00;
290B : 00;
290C : 00;
290D : 00;
290E : 00;
290F : 00;
2910 : 00;
2911 : 00;
2912 : 00;
2913 : 00;
2914 : 00;
2915 : 00;
2916 : 00;
2917 : 00;
2918 : 00;
2919 : 00;
291A : 00;
291B : 00;
291C : 00;
291D : 00;
291E : 00;
291F : 00;
2920 : 00;
2921 : 00;
2922 : 00;
2923 : 00;
2924 : 00;
2925 : 00;
2926 : 00;
2927 : 00;
2928 : 00;
2929 : 00;
292A : 00;
292B : 00;
292C : 00;
292D : 00;
292E : 00;
292F : 00;
2930 : 00;
2931 : 00;
2932 : 00;
2933 : 00;
2934 : 00;
2935 : 00;
2936 : 00;
2937 : 00;
2938 : 00;
2939 : 00;
293A : 00;
293B : 00;
293C : 00;
293D : 00;
293E : 00;
293F : 00;
2940 : 00;
2941 : 00;
2942 : 00;
2943 : 00;
2944 : 00;
2945 : 00;
2946 : 00;
2947 : 00;
2948 : 00;
2949 : 00;
294A : 00;
294B : 00;
294C : 00;
294D : 00;
294E : 00;
294F : 00;
2950 : 00;
2951 : 00;
2952 : 00;
2953 : 00;
2954 : 00;
2955 : 00;
2956 : 00;
2957 : 00;
2958 : 00;
2959 : 00;
295A : 00;
295B : 00;
295C : 00;
295D : 00;
295E : 00;
295F : 00;
2960 : 00;
2961 : 00;
2962 : 00;
2963 : 00;
2964 : 00;
2965 : 00;
2966 : 00;
2967 : 00;
2968 : 00;
2969 : 00;
296A : 00;
296B : 00;
296C : 00;
296D : 00;
296E : 00;
296F : 00;
2970 : 00;
2971 : 00;
2972 : 00;
2973 : 00;
2974 : 00;
2975 : 00;
2976 : 00;
2977 : 00;
2978 : 00;
2979 : 00;
297A : 00;
297B : 00;
297C : 00;
297D : 00;
297E : 00;
297F : 00;
2980 : 00;
2981 : 00;
2982 : 00;
2983 : 00;
2984 : 00;
2985 : 00;
2986 : 00;
2987 : 00;
2988 : 00;
2989 : 00;
298A : 00;
298B : 00;
298C : 00;
298D : 00;
298E : 00;
298F : 00;
2990 : 00;
2991 : 00;
2992 : 00;
2993 : 00;
2994 : 00;
2995 : 00;
2996 : 00;
2997 : 00;
2998 : 00;
2999 : 00;
299A : 00;
299B : 00;
299C : 00;
299D : 00;
299E : 00;
299F : 00;
29A0 : 00;
29A1 : 00;
29A2 : 00;
29A3 : 00;
29A4 : 00;
29A5 : 00;
29A6 : 00;
29A7 : 00;
29A8 : 00;
29A9 : 00;
29AA : 00;
29AB : 00;
29AC : 00;
29AD : 00;
29AE : 00;
29AF : 00;
29B0 : 00;
29B1 : 00;
29B2 : 00;
29B3 : 00;
29B4 : 00;
29B5 : 00;
29B6 : 00;
29B7 : 00;
29B8 : 00;
29B9 : 00;
29BA : 00;
29BB : 00;
29BC : 00;
29BD : 00;
29BE : 00;
29BF : 00;
29C0 : 00;
29C1 : 00;
29C2 : 00;
29C3 : 00;
29C4 : 00;
29C5 : 00;
29C6 : 00;
29C7 : 00;
29C8 : 00;
29C9 : 00;
29CA : 00;
29CB : 00;
29CC : 00;
29CD : 00;
29CE : 00;
29CF : 00;
29D0 : 00;
29D1 : 00;
29D2 : 00;
29D3 : 00;
29D4 : 00;
29D5 : 00;
29D6 : 00;
29D7 : 00;
29D8 : 00;
29D9 : 00;
29DA : 00;
29DB : 00;
29DC : 00;
29DD : 00;
29DE : 00;
29DF : 00;
29E0 : 00;
29E1 : 00;
29E2 : 00;
29E3 : 00;
29E4 : 00;
29E5 : 00;
29E6 : 00;
29E7 : 00;
29E8 : 00;
29E9 : 00;
29EA : 00;
29EB : 00;
29EC : 00;
29ED : 00;
29EE : 00;
29EF : 00;
29F0 : 00;
29F1 : 00;
29F2 : 00;
29F3 : 00;
29F4 : 00;
29F5 : 00;
29F6 : 00;
29F7 : 00;
29F8 : 00;
29F9 : 00;
29FA : 00;
29FB : 00;
29FC : 00;
29FD : 00;
29FE : 00;
29FF : 00;
2A00 : 00;
2A01 : 00;
2A02 : 00;
2A03 : 00;
2A04 : 00;
2A05 : 00;
2A06 : 00;
2A07 : 00;
2A08 : 00;
2A09 : 00;
2A0A : 00;
2A0B : 00;
2A0C : 00;
2A0D : 00;
2A0E : 00;
2A0F : 00;
2A10 : 00;
2A11 : 00;
2A12 : 00;
2A13 : 00;
2A14 : 00;
2A15 : 00;
2A16 : 00;
2A17 : 00;
2A18 : 00;
2A19 : 00;
2A1A : 00;
2A1B : 00;
2A1C : 00;
2A1D : 00;
2A1E : 00;
2A1F : 00;
2A20 : 00;
2A21 : 00;
2A22 : 00;
2A23 : 00;
2A24 : 00;
2A25 : 00;
2A26 : 00;
2A27 : 00;
2A28 : 00;
2A29 : 00;
2A2A : 00;
2A2B : 00;
2A2C : 00;
2A2D : 00;
2A2E : 00;
2A2F : 00;
2A30 : 00;
2A31 : 00;
2A32 : 00;
2A33 : 00;
2A34 : 00;
2A35 : 00;
2A36 : 00;
2A37 : 00;
2A38 : 00;
2A39 : 00;
2A3A : 00;
2A3B : 00;
2A3C : 00;
2A3D : 00;
2A3E : 00;
2A3F : 00;
2A40 : 00;
2A41 : 00;
2A42 : 00;
2A43 : 00;
2A44 : 00;
2A45 : 00;
2A46 : 00;
2A47 : 00;
2A48 : 00;
2A49 : 00;
2A4A : 00;
2A4B : 00;
2A4C : 00;
2A4D : 00;
2A4E : 00;
2A4F : 00;
2A50 : 00;
2A51 : 00;
2A52 : 00;
2A53 : 00;
2A54 : 00;
2A55 : 00;
2A56 : 00;
2A57 : 00;
2A58 : 00;
2A59 : 00;
2A5A : 00;
2A5B : 00;
2A5C : 00;
2A5D : 00;
2A5E : 00;
2A5F : 00;
2A60 : 00;
2A61 : 00;
2A62 : 00;
2A63 : 00;
2A64 : 00;
2A65 : 00;
2A66 : 00;
2A67 : 00;
2A68 : 00;
2A69 : 00;
2A6A : 00;
2A6B : 00;
2A6C : 00;
2A6D : 00;
2A6E : 00;
2A6F : 00;
2A70 : 00;
2A71 : 00;
2A72 : 00;
2A73 : 00;
2A74 : 00;
2A75 : 00;
2A76 : 00;
2A77 : 00;
2A78 : 00;
2A79 : 00;
2A7A : 00;
2A7B : 00;
2A7C : 00;
2A7D : 00;
2A7E : 00;
2A7F : 00;
2A80 : 00;
2A81 : 00;
2A82 : 00;
2A83 : 00;
2A84 : 00;
2A85 : 00;
2A86 : 00;
2A87 : 00;
2A88 : 00;
2A89 : 00;
2A8A : 00;
2A8B : 00;
2A8C : 00;
2A8D : 00;
2A8E : 00;
2A8F : 00;
2A90 : 00;
2A91 : 00;
2A92 : 00;
2A93 : 00;
2A94 : 00;
2A95 : 00;
2A96 : 00;
2A97 : 00;
2A98 : 00;
2A99 : 00;
2A9A : 00;
2A9B : 00;
2A9C : 00;
2A9D : 00;
2A9E : 00;
2A9F : 00;
2AA0 : 00;
2AA1 : 00;
2AA2 : 00;
2AA3 : 00;
2AA4 : 00;
2AA5 : 00;
2AA6 : 00;
2AA7 : 00;
2AA8 : 00;
2AA9 : 00;
2AAA : 00;
2AAB : 00;
2AAC : 00;
2AAD : 00;
2AAE : 00;
2AAF : 00;
2AB0 : 00;
2AB1 : 00;
2AB2 : 00;
2AB3 : 00;
2AB4 : 00;
2AB5 : 00;
2AB6 : 00;
2AB7 : 00;
2AB8 : 00;
2AB9 : 00;
2ABA : 00;
2ABB : 00;
2ABC : 00;
2ABD : 00;
2ABE : 00;
2ABF : 00;
2AC0 : 00;
2AC1 : 00;
2AC2 : 00;
2AC3 : 00;
2AC4 : 00;
2AC5 : 00;
2AC6 : 00;
2AC7 : 00;
2AC8 : 00;
2AC9 : 00;
2ACA : 00;
2ACB : 00;
2ACC : 00;
2ACD : 00;
2ACE : 00;
2ACF : 00;
2AD0 : 00;
2AD1 : 00;
2AD2 : 00;
2AD3 : 00;
2AD4 : 00;
2AD5 : 00;
2AD6 : 00;
2AD7 : 00;
2AD8 : 00;
2AD9 : 00;
2ADA : 00;
2ADB : 00;
2ADC : 00;
2ADD : 00;
2ADE : 00;
2ADF : 00;
2AE0 : 00;
2AE1 : 00;
2AE2 : 00;
2AE3 : 00;
2AE4 : 00;
2AE5 : 00;
2AE6 : 00;
2AE7 : 00;
2AE8 : 00;
2AE9 : 00;
2AEA : 00;
2AEB : 00;
2AEC : 00;
2AED : 00;
2AEE : 00;
2AEF : 00;
2AF0 : 00;
2AF1 : 00;
2AF2 : 00;
2AF3 : 00;
2AF4 : 00;
2AF5 : 00;
2AF6 : 00;
2AF7 : 00;
2AF8 : 00;
2AF9 : 00;
2AFA : 00;
2AFB : 00;
2AFC : 00;
2AFD : 00;
2AFE : 00;
2AFF : 00;
2B00 : 00;
2B01 : 00;
2B02 : 00;
2B03 : 00;
2B04 : 00;
2B05 : 00;
2B06 : 00;
2B07 : 00;
2B08 : 00;
2B09 : 00;
2B0A : 00;
2B0B : 00;
2B0C : 00;
2B0D : 00;
2B0E : 00;
2B0F : 00;
2B10 : 00;
2B11 : 00;
2B12 : 00;
2B13 : 00;
2B14 : 00;
2B15 : 00;
2B16 : 00;
2B17 : 00;
2B18 : 00;
2B19 : 00;
2B1A : 00;
2B1B : 00;
2B1C : 00;
2B1D : 00;
2B1E : 00;
2B1F : 00;
2B20 : 00;
2B21 : 00;
2B22 : 00;
2B23 : 00;
2B24 : 00;
2B25 : 00;
2B26 : 00;
2B27 : 00;
2B28 : 00;
2B29 : 00;
2B2A : 00;
2B2B : 00;
2B2C : 00;
2B2D : 00;
2B2E : 00;
2B2F : 00;
2B30 : 00;
2B31 : 00;
2B32 : 00;
2B33 : 00;
2B34 : 00;
2B35 : 00;
2B36 : 00;
2B37 : 00;
2B38 : 00;
2B39 : 00;
2B3A : 00;
2B3B : 00;
2B3C : 00;
2B3D : 00;
2B3E : 00;
2B3F : 00;
2B40 : 00;
2B41 : 00;
2B42 : 00;
2B43 : 00;
2B44 : 00;
2B45 : 00;
2B46 : 00;
2B47 : 00;
2B48 : 00;
2B49 : 00;
2B4A : 00;
2B4B : 00;
2B4C : 00;
2B4D : 00;
2B4E : 00;
2B4F : 00;
2B50 : 00;
2B51 : 00;
2B52 : 00;
2B53 : 00;
2B54 : 00;
2B55 : 00;
2B56 : 00;
2B57 : 00;
2B58 : 00;
2B59 : 00;
2B5A : 00;
2B5B : 00;
2B5C : 00;
2B5D : 00;
2B5E : 00;
2B5F : 00;
2B60 : 00;
2B61 : 00;
2B62 : 00;
2B63 : 00;
2B64 : 00;
2B65 : 00;
2B66 : 00;
2B67 : 00;
2B68 : 00;
2B69 : 00;
2B6A : 00;
2B6B : 00;
2B6C : 00;
2B6D : 00;
2B6E : 00;
2B6F : 00;
2B70 : 00;
2B71 : 00;
2B72 : 00;
2B73 : 00;
2B74 : 00;
2B75 : 00;
2B76 : 00;
2B77 : 00;
2B78 : 00;
2B79 : 00;
2B7A : 00;
2B7B : 00;
2B7C : 00;
2B7D : 00;
2B7E : 00;
2B7F : 00;
2B80 : 00;
2B81 : 00;
2B82 : 00;
2B83 : 00;
2B84 : 00;
2B85 : 00;
2B86 : 00;
2B87 : 00;
2B88 : 00;
2B89 : 00;
2B8A : 00;
2B8B : 00;
2B8C : 00;
2B8D : 00;
2B8E : 00;
2B8F : 00;
2B90 : 00;
2B91 : 00;
2B92 : 00;
2B93 : 00;
2B94 : 00;
2B95 : 00;
2B96 : 00;
2B97 : 00;
2B98 : 00;
2B99 : 00;
2B9A : 00;
2B9B : 00;
2B9C : 00;
2B9D : 00;
2B9E : 00;
2B9F : 00;
2BA0 : 00;
2BA1 : 00;
2BA2 : 00;
2BA3 : 00;
2BA4 : 00;
2BA5 : 00;
2BA6 : 00;
2BA7 : 00;
2BA8 : 00;
2BA9 : 00;
2BAA : 00;
2BAB : 00;
2BAC : 00;
2BAD : 00;
2BAE : 00;
2BAF : 00;
2BB0 : 00;
2BB1 : 00;
2BB2 : 00;
2BB3 : 00;
2BB4 : 00;
2BB5 : 00;
2BB6 : 00;
2BB7 : 00;
2BB8 : 00;
2BB9 : 00;
2BBA : 00;
2BBB : 00;
2BBC : 00;
2BBD : 00;
2BBE : 00;
2BBF : 00;
2BC0 : 00;
2BC1 : 00;
2BC2 : 00;
2BC3 : 00;
2BC4 : 00;
2BC5 : 00;
2BC6 : 00;
2BC7 : 00;
2BC8 : 00;
2BC9 : 00;
2BCA : 00;
2BCB : 00;
2BCC : 00;
2BCD : 00;
2BCE : 00;
2BCF : 00;
2BD0 : 00;
2BD1 : 00;
2BD2 : 00;
2BD3 : 00;
2BD4 : 00;
2BD5 : 00;
2BD6 : 00;
2BD7 : 00;
2BD8 : 00;
2BD9 : 00;
2BDA : 00;
2BDB : 00;
2BDC : 00;
2BDD : 00;
2BDE : 00;
2BDF : 00;
2BE0 : 00;
2BE1 : 00;
2BE2 : 00;
2BE3 : 00;
2BE4 : 00;
2BE5 : 00;
2BE6 : 00;
2BE7 : 00;
2BE8 : 00;
2BE9 : 00;
2BEA : 00;
2BEB : 00;
2BEC : 00;
2BED : 00;
2BEE : 00;
2BEF : 00;
2BF0 : 00;
2BF1 : 00;
2BF2 : 00;
2BF3 : 00;
2BF4 : 00;
2BF5 : 00;
2BF6 : 00;
2BF7 : 00;
2BF8 : 00;
2BF9 : 00;
2BFA : 00;
2BFB : 00;
2BFC : 00;
2BFD : 00;
2BFE : 00;
2BFF : 00;
2C00 : 00;
2C01 : 00;
2C02 : 00;
2C03 : 00;
2C04 : 00;
2C05 : 00;
2C06 : 00;
2C07 : 00;
2C08 : 00;
2C09 : 00;
2C0A : 00;
2C0B : 00;
2C0C : 00;
2C0D : 00;
2C0E : 00;
2C0F : 00;
2C10 : 00;
2C11 : 00;
2C12 : 00;
2C13 : 00;
2C14 : 00;
2C15 : 00;
2C16 : 00;
2C17 : 00;
2C18 : 00;
2C19 : 00;
2C1A : 00;
2C1B : 00;
2C1C : 00;
2C1D : 00;
2C1E : 00;
2C1F : 00;
2C20 : 00;
2C21 : 00;
2C22 : 00;
2C23 : 00;
2C24 : 00;
2C25 : 00;
2C26 : 00;
2C27 : 00;
2C28 : 00;
2C29 : 00;
2C2A : 00;
2C2B : 00;
2C2C : 00;
2C2D : 00;
2C2E : 00;
2C2F : 00;
2C30 : 00;
2C31 : 00;
2C32 : 00;
2C33 : 00;
2C34 : 00;
2C35 : 00;
2C36 : 00;
2C37 : 00;
2C38 : 00;
2C39 : 00;
2C3A : 00;
2C3B : 00;
2C3C : 00;
2C3D : 00;
2C3E : 00;
2C3F : 00;
2C40 : 00;
2C41 : 00;
2C42 : 00;
2C43 : 00;
2C44 : 00;
2C45 : 00;
2C46 : 00;
2C47 : 00;
2C48 : 00;
2C49 : 00;
2C4A : 00;
2C4B : 00;
2C4C : 00;
2C4D : 00;
2C4E : 00;
2C4F : 00;
2C50 : 00;
2C51 : 00;
2C52 : 00;
2C53 : 00;
2C54 : 00;
2C55 : 00;
2C56 : 00;
2C57 : 00;
2C58 : 00;
2C59 : 00;
2C5A : 00;
2C5B : 00;
2C5C : 00;
2C5D : 00;
2C5E : 00;
2C5F : 00;
2C60 : 00;
2C61 : 00;
2C62 : 00;
2C63 : 00;
2C64 : 00;
2C65 : 00;
2C66 : 00;
2C67 : 00;
2C68 : 00;
2C69 : 00;
2C6A : 00;
2C6B : 00;
2C6C : 00;
2C6D : 00;
2C6E : 00;
2C6F : 00;
2C70 : 00;
2C71 : 00;
2C72 : 00;
2C73 : 00;
2C74 : 00;
2C75 : 00;
2C76 : 00;
2C77 : 00;
2C78 : 00;
2C79 : 00;
2C7A : 00;
2C7B : 00;
2C7C : 00;
2C7D : 00;
2C7E : 00;
2C7F : 00;
2C80 : 00;
2C81 : 00;
2C82 : 00;
2C83 : 00;
2C84 : 00;
2C85 : 00;
2C86 : 00;
2C87 : 00;
2C88 : 00;
2C89 : 00;
2C8A : 00;
2C8B : 00;
2C8C : 00;
2C8D : 00;
2C8E : 00;
2C8F : 00;
2C90 : 00;
2C91 : 00;
2C92 : 00;
2C93 : 00;
2C94 : 00;
2C95 : 00;
2C96 : 00;
2C97 : 00;
2C98 : 00;
2C99 : 00;
2C9A : 00;
2C9B : 00;
2C9C : 00;
2C9D : 00;
2C9E : 00;
2C9F : 00;
2CA0 : 00;
2CA1 : 00;
2CA2 : 00;
2CA3 : 00;
2CA4 : 00;
2CA5 : 00;
2CA6 : 00;
2CA7 : 00;
2CA8 : 00;
2CA9 : 00;
2CAA : 00;
2CAB : 00;
2CAC : 00;
2CAD : 00;
2CAE : 00;
2CAF : 00;
2CB0 : 00;
2CB1 : 00;
2CB2 : 00;
2CB3 : 00;
2CB4 : 00;
2CB5 : 00;
2CB6 : 00;
2CB7 : 00;
2CB8 : 00;
2CB9 : 00;
2CBA : 00;
2CBB : 00;
2CBC : 00;
2CBD : 00;
2CBE : 00;
2CBF : 00;
2CC0 : 00;
2CC1 : 00;
2CC2 : 00;
2CC3 : 00;
2CC4 : 00;
2CC5 : 00;
2CC6 : 00;
2CC7 : 00;
2CC8 : 00;
2CC9 : 00;
2CCA : 00;
2CCB : 00;
2CCC : 00;
2CCD : 00;
2CCE : 00;
2CCF : 00;
2CD0 : 00;
2CD1 : 00;
2CD2 : 00;
2CD3 : 00;
2CD4 : 00;
2CD5 : 00;
2CD6 : 00;
2CD7 : 00;
2CD8 : 00;
2CD9 : 00;
2CDA : 00;
2CDB : 00;
2CDC : 00;
2CDD : 00;
2CDE : 00;
2CDF : 00;
2CE0 : 00;
2CE1 : 00;
2CE2 : 00;
2CE3 : 00;
2CE4 : 00;
2CE5 : 00;
2CE6 : 00;
2CE7 : 00;
2CE8 : 00;
2CE9 : 00;
2CEA : 00;
2CEB : 00;
2CEC : 00;
2CED : 00;
2CEE : 00;
2CEF : 00;
2CF0 : 00;
2CF1 : 00;
2CF2 : 00;
2CF3 : 00;
2CF4 : 00;
2CF5 : 00;
2CF6 : 00;
2CF7 : 00;
2CF8 : 00;
2CF9 : 00;
2CFA : 00;
2CFB : 00;
2CFC : 00;
2CFD : 00;
2CFE : 00;
2CFF : 00;
2D00 : 00;
2D01 : 00;
2D02 : 00;
2D03 : 00;
2D04 : 00;
2D05 : 00;
2D06 : 00;
2D07 : 00;
2D08 : 00;
2D09 : 00;
2D0A : 00;
2D0B : 00;
2D0C : 00;
2D0D : 00;
2D0E : 00;
2D0F : 00;
2D10 : 00;
2D11 : 00;
2D12 : 00;
2D13 : 00;
2D14 : 00;
2D15 : 00;
2D16 : 00;
2D17 : 00;
2D18 : 00;
2D19 : 00;
2D1A : 00;
2D1B : 00;
2D1C : 00;
2D1D : 00;
2D1E : 00;
2D1F : 00;
2D20 : 00;
2D21 : 00;
2D22 : 00;
2D23 : 00;
2D24 : 00;
2D25 : 00;
2D26 : 00;
2D27 : 00;
2D28 : 00;
2D29 : 00;
2D2A : 00;
2D2B : 00;
2D2C : 00;
2D2D : 00;
2D2E : 00;
2D2F : 00;
2D30 : 00;
2D31 : 00;
2D32 : 00;
2D33 : 00;
2D34 : 00;
2D35 : 00;
2D36 : 00;
2D37 : 00;
2D38 : 00;
2D39 : 00;
2D3A : 00;
2D3B : 00;
2D3C : 00;
2D3D : 00;
2D3E : 00;
2D3F : 00;
2D40 : 00;
2D41 : 00;
2D42 : 00;
2D43 : 00;
2D44 : 00;
2D45 : 00;
2D46 : 00;
2D47 : 00;
2D48 : 00;
2D49 : 00;
2D4A : 00;
2D4B : 00;
2D4C : 00;
2D4D : 00;
2D4E : 00;
2D4F : 00;
2D50 : 00;
2D51 : 00;
2D52 : 00;
2D53 : 00;
2D54 : 00;
2D55 : 00;
2D56 : 00;
2D57 : 00;
2D58 : 00;
2D59 : 00;
2D5A : 00;
2D5B : 00;
2D5C : 00;
2D5D : 00;
2D5E : 00;
2D5F : 00;
2D60 : 00;
2D61 : 00;
2D62 : 00;
2D63 : 00;
2D64 : 00;
2D65 : 00;
2D66 : 00;
2D67 : 00;
2D68 : 00;
2D69 : 00;
2D6A : 00;
2D6B : 00;
2D6C : 00;
2D6D : 00;
2D6E : 00;
2D6F : 00;
2D70 : 00;
2D71 : 00;
2D72 : 00;
2D73 : 00;
2D74 : 00;
2D75 : 00;
2D76 : 00;
2D77 : 00;
2D78 : 00;
2D79 : 00;
2D7A : 00;
2D7B : 00;
2D7C : 00;
2D7D : 00;
2D7E : 00;
2D7F : 00;
2D80 : 00;
2D81 : 00;
2D82 : 00;
2D83 : 00;
2D84 : 00;
2D85 : 00;
2D86 : 00;
2D87 : 00;
2D88 : 00;
2D89 : 00;
2D8A : 00;
2D8B : 00;
2D8C : 00;
2D8D : 00;
2D8E : 00;
2D8F : 00;
2D90 : 00;
2D91 : 00;
2D92 : 00;
2D93 : 00;
2D94 : 00;
2D95 : 00;
2D96 : 00;
2D97 : 00;
2D98 : 00;
2D99 : 00;
2D9A : 00;
2D9B : 00;
2D9C : 00;
2D9D : 00;
2D9E : 00;
2D9F : 00;
2DA0 : 00;
2DA1 : 00;
2DA2 : 00;
2DA3 : 00;
2DA4 : 00;
2DA5 : 00;
2DA6 : 00;
2DA7 : 00;
2DA8 : 00;
2DA9 : 00;
2DAA : 00;
2DAB : 00;
2DAC : 00;
2DAD : 00;
2DAE : 00;
2DAF : 00;
2DB0 : 00;
2DB1 : 00;
2DB2 : 00;
2DB3 : 00;
2DB4 : 00;
2DB5 : 00;
2DB6 : 00;
2DB7 : 00;
2DB8 : 00;
2DB9 : 00;
2DBA : 00;
2DBB : 00;
2DBC : 00;
2DBD : 00;
2DBE : 00;
2DBF : 00;
2DC0 : 00;
2DC1 : 00;
2DC2 : 00;
2DC3 : 00;
2DC4 : 00;
2DC5 : 00;
2DC6 : 00;
2DC7 : 00;
2DC8 : 00;
2DC9 : 00;
2DCA : 00;
2DCB : 00;
2DCC : 00;
2DCD : 00;
2DCE : 00;
2DCF : 00;
2DD0 : 00;
2DD1 : 00;
2DD2 : 00;
2DD3 : 00;
2DD4 : 00;
2DD5 : 00;
2DD6 : 00;
2DD7 : 00;
2DD8 : 00;
2DD9 : 00;
2DDA : 00;
2DDB : 00;
2DDC : 00;
2DDD : 00;
2DDE : 00;
2DDF : 00;
2DE0 : 00;
2DE1 : 00;
2DE2 : 00;
2DE3 : 00;
2DE4 : 00;
2DE5 : 00;
2DE6 : 00;
2DE7 : 00;
2DE8 : 00;
2DE9 : 00;
2DEA : 00;
2DEB : 00;
2DEC : 00;
2DED : 00;
2DEE : 00;
2DEF : 00;
2DF0 : 00;
2DF1 : 00;
2DF2 : 00;
2DF3 : 00;
2DF4 : 00;
2DF5 : 00;
2DF6 : 00;
2DF7 : 00;
2DF8 : 00;
2DF9 : 00;
2DFA : 00;
2DFB : 00;
2DFC : 00;
2DFD : 00;
2DFE : 00;
2DFF : 00;
2E00 : 00;
2E01 : 00;
2E02 : 00;
2E03 : 00;
2E04 : 00;
2E05 : 00;
2E06 : 00;
2E07 : 00;
2E08 : 00;
2E09 : 00;
2E0A : 00;
2E0B : 00;
2E0C : 00;
2E0D : 00;
2E0E : 00;
2E0F : 00;
2E10 : 00;
2E11 : 00;
2E12 : 00;
2E13 : 00;
2E14 : 00;
2E15 : 00;
2E16 : 00;
2E17 : 00;
2E18 : 00;
2E19 : 00;
2E1A : 00;
2E1B : 00;
2E1C : 00;
2E1D : 00;
2E1E : 00;
2E1F : 00;
2E20 : 00;
2E21 : 00;
2E22 : 00;
2E23 : 00;
2E24 : 00;
2E25 : 00;
2E26 : 00;
2E27 : 00;
2E28 : 00;
2E29 : 00;
2E2A : 00;
2E2B : 00;
2E2C : 00;
2E2D : 00;
2E2E : 00;
2E2F : 00;
2E30 : 00;
2E31 : 00;
2E32 : 00;
2E33 : 00;
2E34 : 00;
2E35 : 00;
2E36 : 00;
2E37 : 00;
2E38 : 00;
2E39 : 00;
2E3A : 00;
2E3B : 00;
2E3C : 00;
2E3D : 00;
2E3E : 00;
2E3F : 00;
2E40 : 00;
2E41 : 00;
2E42 : 00;
2E43 : 00;
2E44 : 00;
2E45 : 00;
2E46 : 00;
2E47 : 00;
2E48 : 00;
2E49 : 00;
2E4A : 00;
2E4B : 00;
2E4C : 00;
2E4D : 00;
2E4E : 00;
2E4F : 00;
2E50 : 00;
2E51 : 00;
2E52 : 00;
2E53 : 00;
2E54 : 00;
2E55 : 00;
2E56 : 00;
2E57 : 00;
2E58 : 00;
2E59 : 00;
2E5A : 00;
2E5B : 00;
2E5C : 00;
2E5D : 00;
2E5E : 00;
2E5F : 00;
2E60 : 00;
2E61 : 00;
2E62 : 00;
2E63 : 00;
2E64 : 00;
2E65 : 00;
2E66 : 00;
2E67 : 00;
2E68 : 00;
2E69 : 00;
2E6A : 00;
2E6B : 00;
2E6C : 00;
2E6D : 00;
2E6E : 00;
2E6F : 00;
2E70 : 00;
2E71 : 00;
2E72 : 00;
2E73 : 00;
2E74 : 00;
2E75 : 00;
2E76 : 00;
2E77 : 00;
2E78 : 00;
2E79 : 00;
2E7A : 00;
2E7B : 00;
2E7C : 00;
2E7D : 00;
2E7E : 00;
2E7F : 00;
2E80 : 00;
2E81 : 00;
2E82 : 00;
2E83 : 00;
2E84 : 00;
2E85 : 00;
2E86 : 00;
2E87 : 00;
2E88 : 00;
2E89 : 00;
2E8A : 00;
2E8B : 00;
2E8C : 00;
2E8D : 00;
2E8E : 00;
2E8F : 00;
2E90 : 00;
2E91 : 00;
2E92 : 00;
2E93 : 00;
2E94 : 00;
2E95 : 00;
2E96 : 00;
2E97 : 00;
2E98 : 00;
2E99 : 00;
2E9A : 00;
2E9B : 00;
2E9C : 00;
2E9D : 00;
2E9E : 00;
2E9F : 00;
2EA0 : 00;
2EA1 : 00;
2EA2 : 00;
2EA3 : 00;
2EA4 : 00;
2EA5 : 00;
2EA6 : 00;
2EA7 : 00;
2EA8 : 00;
2EA9 : 00;
2EAA : 00;
2EAB : 00;
2EAC : 00;
2EAD : 00;
2EAE : 00;
2EAF : 00;
2EB0 : 00;
2EB1 : 00;
2EB2 : 00;
2EB3 : 00;
2EB4 : 00;
2EB5 : 00;
2EB6 : 00;
2EB7 : 00;
2EB8 : 00;
2EB9 : 00;
2EBA : 00;
2EBB : 00;
2EBC : 00;
2EBD : 00;
2EBE : 00;
2EBF : 00;
2EC0 : 00;
2EC1 : 00;
2EC2 : 00;
2EC3 : 00;
2EC4 : 00;
2EC5 : 00;
2EC6 : 00;
2EC7 : 00;
2EC8 : 00;
2EC9 : 00;
2ECA : 00;
2ECB : 00;
2ECC : 00;
2ECD : 00;
2ECE : 00;
2ECF : 00;
2ED0 : 00;
2ED1 : 00;
2ED2 : 00;
2ED3 : 00;
2ED4 : 00;
2ED5 : 00;
2ED6 : 00;
2ED7 : 00;
2ED8 : 00;
2ED9 : 00;
2EDA : 00;
2EDB : 00;
2EDC : 00;
2EDD : 00;
2EDE : 00;
2EDF : 00;
2EE0 : 00;
2EE1 : 00;
2EE2 : 00;
2EE3 : 00;
2EE4 : 00;
2EE5 : 00;
2EE6 : 00;
2EE7 : 00;
2EE8 : 00;
2EE9 : 00;
2EEA : 00;
2EEB : 00;
2EEC : 00;
2EED : 00;
2EEE : 00;
2EEF : 00;
2EF0 : 00;
2EF1 : 00;
2EF2 : 00;
2EF3 : 00;
2EF4 : 00;
2EF5 : 00;
2EF6 : 00;
2EF7 : 00;
2EF8 : 00;
2EF9 : 00;
2EFA : 00;
2EFB : 00;
2EFC : 00;
2EFD : 00;
2EFE : 00;
2EFF : 00;
2F00 : 00;
2F01 : 00;
2F02 : 00;
2F03 : 00;
2F04 : 00;
2F05 : 00;
2F06 : 00;
2F07 : 00;
2F08 : 00;
2F09 : 00;
2F0A : 00;
2F0B : 00;
2F0C : 00;
2F0D : 00;
2F0E : 00;
2F0F : 00;
2F10 : 00;
2F11 : 00;
2F12 : 00;
2F13 : 00;
2F14 : 00;
2F15 : 00;
2F16 : 00;
2F17 : 00;
2F18 : 00;
2F19 : 00;
2F1A : 00;
2F1B : 00;
2F1C : 00;
2F1D : 00;
2F1E : 00;
2F1F : 00;
2F20 : 00;
2F21 : 00;
2F22 : 00;
2F23 : 00;
2F24 : 00;
2F25 : 00;
2F26 : 00;
2F27 : 00;
2F28 : 00;
2F29 : 00;
2F2A : 00;
2F2B : 00;
2F2C : 00;
2F2D : 00;
2F2E : 00;
2F2F : 00;
2F30 : 00;
2F31 : 00;
2F32 : 00;
2F33 : 00;
2F34 : 00;
2F35 : 00;
2F36 : 00;
2F37 : 00;
2F38 : 00;
2F39 : 00;
2F3A : 00;
2F3B : 00;
2F3C : 00;
2F3D : 00;
2F3E : 00;
2F3F : 00;
2F40 : 00;
2F41 : 00;
2F42 : 00;
2F43 : 00;
2F44 : 00;
2F45 : 00;
2F46 : 00;
2F47 : 00;
2F48 : 00;
2F49 : 00;
2F4A : 00;
2F4B : 00;
2F4C : 00;
2F4D : 00;
2F4E : 00;
2F4F : 00;
2F50 : 00;
2F51 : 00;
2F52 : 00;
2F53 : 00;
2F54 : 00;
2F55 : 00;
2F56 : 00;
2F57 : 00;
2F58 : 00;
2F59 : 00;
2F5A : 00;
2F5B : 00;
2F5C : 00;
2F5D : 00;
2F5E : 00;
2F5F : 00;
2F60 : 00;
2F61 : 00;
2F62 : 00;
2F63 : 00;
2F64 : 00;
2F65 : 00;
2F66 : 00;
2F67 : 00;
2F68 : 00;
2F69 : 00;
2F6A : 00;
2F6B : 00;
2F6C : 00;
2F6D : 00;
2F6E : 00;
2F6F : 00;
2F70 : 00;
2F71 : 00;
2F72 : 00;
2F73 : 00;
2F74 : 00;
2F75 : 00;
2F76 : 00;
2F77 : 00;
2F78 : 00;
2F79 : 00;
2F7A : 00;
2F7B : 00;
2F7C : 00;
2F7D : 00;
2F7E : 00;
2F7F : 00;
2F80 : 00;
2F81 : 00;
2F82 : 00;
2F83 : 00;
2F84 : 00;
2F85 : 00;
2F86 : 00;
2F87 : 00;
2F88 : 00;
2F89 : 00;
2F8A : 00;
2F8B : 00;
2F8C : 00;
2F8D : 00;
2F8E : 00;
2F8F : 00;
2F90 : 00;
2F91 : 00;
2F92 : 00;
2F93 : 00;
2F94 : 00;
2F95 : 00;
2F96 : 00;
2F97 : 00;
2F98 : 00;
2F99 : 00;
2F9A : 00;
2F9B : 00;
2F9C : 00;
2F9D : 00;
2F9E : 00;
2F9F : 00;
2FA0 : 00;
2FA1 : 00;
2FA2 : 00;
2FA3 : 00;
2FA4 : 00;
2FA5 : 00;
2FA6 : 00;
2FA7 : 00;
2FA8 : 00;
2FA9 : 00;
2FAA : 00;
2FAB : 00;
2FAC : 00;
2FAD : 00;
2FAE : 00;
2FAF : 00;
2FB0 : 00;
2FB1 : 00;
2FB2 : 00;
2FB3 : 00;
2FB4 : 00;
2FB5 : 00;
2FB6 : 00;
2FB7 : 00;
2FB8 : 00;
2FB9 : 00;
2FBA : 00;
2FBB : 00;
2FBC : 00;
2FBD : 00;
2FBE : 00;
2FBF : 00;
2FC0 : 00;
2FC1 : 00;
2FC2 : 00;
2FC3 : 00;
2FC4 : 00;
2FC5 : 00;
2FC6 : 00;
2FC7 : 00;
2FC8 : 00;
2FC9 : 00;
2FCA : 00;
2FCB : 00;
2FCC : 00;
2FCD : 00;
2FCE : 00;
2FCF : 00;
2FD0 : 00;
2FD1 : 00;
2FD2 : 00;
2FD3 : 00;
2FD4 : 00;
2FD5 : 00;
2FD6 : 00;
2FD7 : 00;
2FD8 : 00;
2FD9 : 00;
2FDA : 00;
2FDB : 00;
2FDC : 00;
2FDD : 00;
2FDE : 00;
2FDF : 00;
2FE0 : 00;
2FE1 : 00;
2FE2 : 00;
2FE3 : 00;
2FE4 : 00;
2FE5 : 00;
2FE6 : 00;
2FE7 : 00;
2FE8 : 00;
2FE9 : 00;
2FEA : 00;
2FEB : 00;
2FEC : 00;
2FED : 00;
2FEE : 00;
2FEF : 00;
2FF0 : 00;
2FF1 : 00;
2FF2 : 00;
2FF3 : 00;
2FF4 : 00;
2FF5 : 00;
2FF6 : 00;
2FF7 : 00;
2FF8 : 00;
2FF9 : 00;
2FFA : 00;
2FFB : 00;
2FFC : 00;
2FFD : 00;
2FFE : 00;
2FFF : 00;
3000 : 00;
3001 : 00;
3002 : 00;
3003 : 00;
3004 : 00;
3005 : 00;
3006 : 00;
3007 : 00;
3008 : 00;
3009 : 00;
300A : 00;
300B : 00;
300C : 00;
300D : 00;
300E : 00;
300F : 00;
3010 : 00;
3011 : 00;
3012 : 00;
3013 : 00;
3014 : 00;
3015 : 00;
3016 : 00;
3017 : 00;
3018 : 00;
3019 : 00;
301A : 00;
301B : 00;
301C : 00;
301D : 00;
301E : 00;
301F : 00;
3020 : 00;
3021 : 00;
3022 : 00;
3023 : 00;
3024 : 00;
3025 : 00;
3026 : 00;
3027 : 00;
3028 : 00;
3029 : 00;
302A : 00;
302B : 00;
302C : 00;
302D : 00;
302E : 00;
302F : 00;
3030 : 00;
3031 : 00;
3032 : 00;
3033 : 00;
3034 : 00;
3035 : 00;
3036 : 00;
3037 : 00;
3038 : 00;
3039 : 00;
303A : 00;
303B : 00;
303C : 00;
303D : 00;
303E : 00;
303F : 00;
3040 : 00;
3041 : 00;
3042 : 00;
3043 : 00;
3044 : 00;
3045 : 00;
3046 : 00;
3047 : 00;
3048 : 00;
3049 : 00;
304A : 00;
304B : 00;
304C : 00;
304D : 00;
304E : 00;
304F : 00;
3050 : 00;
3051 : 00;
3052 : 00;
3053 : 00;
3054 : 00;
3055 : 00;
3056 : 00;
3057 : 00;
3058 : 00;
3059 : 00;
305A : 00;
305B : 00;
305C : 00;
305D : 00;
305E : 00;
305F : 00;
3060 : 00;
3061 : 00;
3062 : 00;
3063 : 00;
3064 : 00;
3065 : 00;
3066 : 00;
3067 : 00;
3068 : 00;
3069 : 00;
306A : 00;
306B : 00;
306C : 00;
306D : 00;
306E : 00;
306F : 00;
3070 : 00;
3071 : 00;
3072 : 00;
3073 : 00;
3074 : 00;
3075 : 00;
3076 : 00;
3077 : 00;
3078 : 00;
3079 : 00;
307A : 00;
307B : 00;
307C : 00;
307D : 00;
307E : 00;
307F : 00;
3080 : 00;
3081 : 00;
3082 : 00;
3083 : 00;
3084 : 00;
3085 : 00;
3086 : 00;
3087 : 00;
3088 : 00;
3089 : 00;
308A : 00;
308B : 00;
308C : 00;
308D : 00;
308E : 00;
308F : 00;
3090 : 00;
3091 : 00;
3092 : 00;
3093 : 00;
3094 : 00;
3095 : 00;
3096 : 00;
3097 : 00;
3098 : 00;
3099 : 00;
309A : 00;
309B : 00;
309C : 00;
309D : 00;
309E : 00;
309F : 00;
30A0 : 00;
30A1 : 00;
30A2 : 00;
30A3 : 00;
30A4 : 00;
30A5 : 00;
30A6 : 00;
30A7 : 00;
30A8 : 00;
30A9 : 00;
30AA : 00;
30AB : 00;
30AC : 00;
30AD : 00;
30AE : 00;
30AF : 00;
30B0 : 00;
30B1 : 00;
30B2 : 00;
30B3 : 00;
30B4 : 00;
30B5 : 00;
30B6 : 00;
30B7 : 00;
30B8 : 00;
30B9 : 00;
30BA : 00;
30BB : 00;
30BC : 00;
30BD : 00;
30BE : 00;
30BF : 00;
30C0 : 00;
30C1 : 00;
30C2 : 00;
30C3 : 00;
30C4 : 00;
30C5 : 00;
30C6 : 00;
30C7 : 00;
30C8 : 00;
30C9 : 00;
30CA : 00;
30CB : 00;
30CC : 00;
30CD : 00;
30CE : 00;
30CF : 00;
30D0 : 00;
30D1 : 00;
30D2 : 00;
30D3 : 00;
30D4 : 00;
30D5 : 00;
30D6 : 00;
30D7 : 00;
30D8 : 00;
30D9 : 00;
30DA : 00;
30DB : 00;
30DC : 00;
30DD : 00;
30DE : 00;
30DF : 00;
30E0 : 00;
30E1 : 00;
30E2 : 00;
30E3 : 00;
30E4 : 00;
30E5 : 00;
30E6 : 00;
30E7 : 00;
30E8 : 00;
30E9 : 00;
30EA : 00;
30EB : 00;
30EC : 00;
30ED : 00;
30EE : 00;
30EF : 00;
30F0 : 00;
30F1 : 00;
30F2 : 00;
30F3 : 00;
30F4 : 00;
30F5 : 00;
30F6 : 00;
30F7 : 00;
30F8 : 00;
30F9 : 00;
30FA : 00;
30FB : 00;
30FC : 00;
30FD : 00;
30FE : 00;
30FF : 00;
3100 : 00;
3101 : 00;
3102 : 00;
3103 : 00;
3104 : 00;
3105 : 00;
3106 : 00;
3107 : 00;
3108 : 00;
3109 : 00;
310A : 00;
310B : 00;
310C : 00;
310D : 00;
310E : 00;
310F : 00;
3110 : 00;
3111 : 00;
3112 : 00;
3113 : 00;
3114 : 00;
3115 : 00;
3116 : 00;
3117 : 00;
3118 : 00;
3119 : 00;
311A : 00;
311B : 00;
311C : 00;
311D : 00;
311E : 00;
311F : 00;
3120 : 00;
3121 : 00;
3122 : 00;
3123 : 00;
3124 : 00;
3125 : 00;
3126 : 00;
3127 : 00;
3128 : 00;
3129 : 00;
312A : 00;
312B : 00;
312C : 00;
312D : 00;
312E : 00;
312F : 00;
3130 : 00;
3131 : 00;
3132 : 00;
3133 : 00;
3134 : 00;
3135 : 00;
3136 : 00;
3137 : 00;
3138 : 00;
3139 : 00;
313A : 00;
313B : 00;
313C : 00;
313D : 00;
313E : 00;
313F : 00;
3140 : 00;
3141 : 00;
3142 : 00;
3143 : 00;
3144 : 00;
3145 : 00;
3146 : 00;
3147 : 00;
3148 : 00;
3149 : 00;
314A : 00;
314B : 00;
314C : 00;
314D : 00;
314E : 00;
314F : 00;
3150 : 00;
3151 : 00;
3152 : 00;
3153 : 00;
3154 : 00;
3155 : 00;
3156 : 00;
3157 : 00;
3158 : 00;
3159 : 00;
315A : 00;
315B : 00;
315C : 00;
315D : 00;
315E : 00;
315F : 00;
3160 : 00;
3161 : 00;
3162 : 00;
3163 : 00;
3164 : 00;
3165 : 00;
3166 : 00;
3167 : 00;
3168 : 00;
3169 : 00;
316A : 00;
316B : 00;
316C : 00;
316D : 00;
316E : 00;
316F : 00;
3170 : 00;
3171 : 00;
3172 : 00;
3173 : 00;
3174 : 00;
3175 : 00;
3176 : 00;
3177 : 00;
3178 : 00;
3179 : 00;
317A : 00;
317B : 00;
317C : 00;
317D : 00;
317E : 00;
317F : 00;
3180 : 00;
3181 : 00;
3182 : 00;
3183 : 00;
3184 : 00;
3185 : 00;
3186 : 00;
3187 : 00;
3188 : 00;
3189 : 00;
318A : 00;
318B : 00;
318C : 00;
318D : 00;
318E : 00;
318F : 00;
3190 : 00;
3191 : 00;
3192 : 00;
3193 : C5;
3194 : E5;
3195 : C1;
3196 : 1B;
3197 : 7B;
3198 : B2;
3199 : 28;
319A : 03;
319B : 09;
319C : 18;
319D : F8;
319E : C1;
319F : C9;
31A0 : E5;
31A1 : F5;
31A2 : 21;
31A3 : B5;
31A4 : 31;
31A5 : CD;
31A6 : AB;
31A7 : 09;
31A8 : 3E;
31A9 : 20;
31AA : D3;
31AB : 2E;
31AC : 7A;
31AD : D3;
31AE : 2F;
31AF : 7B;
31B0 : D3;
31B1 : 2F;
31B2 : F1;
31B3 : E1;
31B4 : C9;
31B5 : 52;
31B6 : 4F;
31B7 : 4D;
31B8 : 42;
31B9 : 41;
31BA : 53;
31BB : 00;
31BC : 00;
31BD : 00;
31BE : 00;
31BF : 00;
31C0 : 00;
31C1 : 00;
31C2 : 00;
31C3 : 00;
31C4 : 00;
31C5 : 00;
31C6 : 00;
31C7 : 00;
31C8 : 00;
31C9 : 00;
31CA : 00;
31CB : 00;
31CC : 00;
31CD : 00;
31CE : 00;
31CF : 00;
31D0 : 00;
31D1 : 00;
31D2 : 00;
31D3 : 00;
31D4 : 00;
31D5 : 00;
31D6 : 00;
31D7 : 00;
31D8 : 00;
31D9 : 00;
31DA : 00;
31DB : 00;
31DC : 00;
31DD : 00;
31DE : 00;
31DF : 00;
31E0 : 00;
31E1 : 00;
31E2 : 00;
31E3 : 00;
31E4 : 00;
31E5 : 00;
31E6 : 00;
31E7 : 00;
31E8 : 00;
31E9 : 00;
31EA : 00;
31EB : 00;
31EC : 00;
31ED : 00;
31EE : 00;
31EF : 00;
31F0 : 00;
31F1 : 00;
31F2 : 00;
31F3 : 00;
31F4 : 00;
31F5 : 00;
31F6 : 00;
31F7 : 00;
31F8 : 00;
31F9 : 00;
31FA : 00;
31FB : 00;
31FC : 00;
31FD : 00;
31FE : 00;
31FF : 00;
3200 : 00;
3201 : 00;
3202 : 00;
3203 : 00;
3204 : 00;
3205 : 00;
3206 : 00;
3207 : 00;
3208 : 00;
3209 : 00;
320A : 00;
320B : 00;
320C : 00;
320D : 00;
320E : 00;
320F : 00;
3210 : 00;
3211 : 00;
3212 : 00;
3213 : 00;
3214 : 00;
3215 : 00;
3216 : 00;
3217 : 00;
3218 : 00;
3219 : 00;
321A : 00;
321B : 00;
321C : 00;
321D : 00;
321E : 00;
321F : 00;
3220 : 00;
3221 : 00;
3222 : 00;
3223 : 00;
3224 : 00;
3225 : 00;
3226 : 00;
3227 : 00;
3228 : 00;
3229 : 00;
322A : 00;
322B : 00;
322C : 00;
322D : 00;
322E : 00;
322F : 00;
3230 : 00;
3231 : 00;
3232 : 00;
3233 : 00;
3234 : 00;
3235 : 00;
3236 : 00;
3237 : 00;
3238 : 00;
3239 : 00;
323A : 00;
323B : 00;
323C : 00;
323D : 00;
323E : 00;
323F : 00;
3240 : 00;
3241 : 00;
3242 : 00;
3243 : 00;
3244 : 00;
3245 : 00;
3246 : 00;
3247 : 00;
3248 : 00;
3249 : 00;
324A : 00;
324B : 00;
324C : 00;
324D : 00;
324E : 00;
324F : 00;
3250 : 00;
3251 : 00;
3252 : 00;
3253 : 00;
3254 : 00;
3255 : 00;
3256 : 00;
3257 : 00;
3258 : 00;
3259 : 00;
325A : 00;
325B : 00;
325C : 00;
325D : 00;
325E : 00;
325F : 00;
3260 : 00;
3261 : 00;
3262 : 00;
3263 : 00;
3264 : 00;
3265 : 00;
3266 : 00;
3267 : 00;
3268 : 00;
3269 : 00;
326A : 00;
326B : 00;
326C : 00;
326D : 00;
326E : 00;
326F : 00;
3270 : 00;
3271 : 00;
3272 : 00;
3273 : 00;
3274 : 00;
3275 : 00;
3276 : 00;
3277 : 00;
3278 : 00;
3279 : 00;
327A : 00;
327B : 00;
327C : 00;
327D : 00;
327E : 00;
327F : 00;
3280 : 00;
3281 : 00;
3282 : 00;
3283 : 00;
3284 : 00;
3285 : 00;
3286 : 00;
3287 : 00;
3288 : 00;
3289 : 00;
328A : 00;
328B : 00;
328C : 00;
328D : 00;
328E : 00;
328F : 00;
3290 : 00;
3291 : 00;
3292 : 00;
3293 : 00;
3294 : 00;
3295 : 00;
3296 : 00;
3297 : 00;
3298 : 00;
3299 : 00;
329A : 00;
329B : 00;
329C : 00;
329D : 00;
329E : 00;
329F : 00;
32A0 : 00;
32A1 : 00;
32A2 : 00;
32A3 : 00;
32A4 : 00;
32A5 : 00;
32A6 : 00;
32A7 : 00;
32A8 : 00;
32A9 : 00;
32AA : 00;
32AB : 00;
32AC : 00;
32AD : 00;
32AE : 00;
32AF : 00;
32B0 : 00;
32B1 : 00;
32B2 : 00;
32B3 : 00;
32B4 : 00;
32B5 : 00;
32B6 : 00;
32B7 : 00;
32B8 : 00;
32B9 : 00;
32BA : 00;
32BB : 00;
32BC : 00;
32BD : 00;
32BE : 00;
32BF : 00;
32C0 : 00;
32C1 : 00;
32C2 : 00;
32C3 : 00;
32C4 : 00;
32C5 : 00;
32C6 : 00;
32C7 : 00;
32C8 : 00;
32C9 : 00;
32CA : 00;
32CB : 00;
32CC : 00;
32CD : 00;
32CE : 00;
32CF : 00;
32D0 : 00;
32D1 : 00;
32D2 : 00;
32D3 : 00;
32D4 : 00;
32D5 : 00;
32D6 : 00;
32D7 : 00;
32D8 : 00;
32D9 : 00;
32DA : 00;
32DB : 00;
32DC : 00;
32DD : 00;
32DE : 00;
32DF : 00;
32E0 : 00;
32E1 : 00;
32E2 : 00;
32E3 : 00;
32E4 : 00;
32E5 : 00;
32E6 : 00;
32E7 : 00;
32E8 : 00;
32E9 : 00;
32EA : 00;
32EB : 00;
32EC : 00;
32ED : 00;
32EE : 00;
32EF : 00;
32F0 : 00;
32F1 : 00;
32F2 : 00;
32F3 : 00;
32F4 : 00;
32F5 : 00;
32F6 : 00;
32F7 : 00;
32F8 : 00;
32F9 : 00;
32FA : 00;
32FB : 00;
32FC : 00;
32FD : 00;
32FE : 00;
32FF : 00;
3300 : 00;
3301 : 00;
3302 : 00;
3303 : 00;
3304 : 00;
3305 : 00;
3306 : 00;
3307 : 00;
3308 : 00;
3309 : 00;
330A : 00;
330B : 00;
330C : 00;
330D : 00;
330E : 00;
330F : 00;
3310 : 00;
3311 : 00;
3312 : 00;
3313 : 00;
3314 : 00;
3315 : 00;
3316 : 00;
3317 : 00;
3318 : 00;
3319 : 00;
331A : 00;
331B : 00;
331C : 00;
331D : 00;
331E : 00;
331F : 00;
3320 : 00;
3321 : 00;
3322 : 00;
3323 : 00;
3324 : 00;
3325 : 00;
3326 : 00;
3327 : 00;
3328 : 00;
3329 : 00;
332A : 00;
332B : 00;
332C : 00;
332D : 00;
332E : 00;
332F : 00;
3330 : 00;
3331 : 00;
3332 : 00;
3333 : 00;
3334 : 00;
3335 : 00;
3336 : 00;
3337 : 00;
3338 : 00;
3339 : 00;
333A : 00;
333B : 00;
333C : 00;
333D : 00;
333E : 00;
333F : 00;
3340 : 00;
3341 : 00;
3342 : 00;
3343 : 00;
3344 : 00;
3345 : 00;
3346 : 00;
3347 : 00;
3348 : 00;
3349 : 00;
334A : 00;
334B : 00;
334C : 00;
334D : 00;
334E : 00;
334F : 00;
3350 : 00;
3351 : 00;
3352 : 00;
3353 : 00;
3354 : 00;
3355 : 00;
3356 : 00;
3357 : 00;
3358 : 00;
3359 : 00;
335A : 00;
335B : 00;
335C : 00;
335D : 00;
335E : 00;
335F : 00;
3360 : 00;
3361 : 00;
3362 : 00;
3363 : 00;
3364 : 00;
3365 : 00;
3366 : 00;
3367 : 00;
3368 : 00;
3369 : 00;
336A : 00;
336B : 00;
336C : 00;
336D : 00;
336E : 00;
336F : 00;
3370 : 00;
3371 : 00;
3372 : 00;
3373 : 00;
3374 : 00;
3375 : 00;
3376 : 00;
3377 : 00;
3378 : 00;
3379 : 00;
337A : 00;
337B : 00;
337C : 00;
337D : 00;
337E : 00;
337F : 00;
3380 : 00;
3381 : 00;
3382 : 00;
3383 : 00;
3384 : 00;
3385 : 00;
3386 : 00;
3387 : 00;
3388 : 00;
3389 : 00;
338A : 00;
338B : 00;
338C : 00;
338D : 00;
338E : 00;
338F : 00;
3390 : 00;
3391 : 00;
3392 : 00;
3393 : 00;
3394 : 00;
3395 : 00;
3396 : 00;
3397 : 00;
3398 : 00;
3399 : 00;
339A : 00;
339B : 00;
339C : 00;
339D : 00;
339E : 00;
339F : 00;
33A0 : 00;
33A1 : 00;
33A2 : 00;
33A3 : 00;
33A4 : 00;
33A5 : 00;
33A6 : 00;
33A7 : 00;
33A8 : 00;
33A9 : 00;
33AA : 00;
33AB : 00;
33AC : 00;
33AD : 00;
33AE : 00;
33AF : 00;
33B0 : 00;
33B1 : 00;
33B2 : 00;
33B3 : 00;
33B4 : 00;
33B5 : 00;
33B6 : 00;
33B7 : 00;
33B8 : 00;
33B9 : 00;
33BA : 00;
33BB : 00;
33BC : 00;
33BD : 00;
33BE : 00;
33BF : 00;
33C0 : 00;
33C1 : 00;
33C2 : 00;
33C3 : 00;
33C4 : 00;
33C5 : 00;
33C6 : 00;
33C7 : 00;
33C8 : 00;
33C9 : 00;
33CA : 00;
33CB : 00;
33CC : 00;
33CD : 00;
33CE : 00;
33CF : 00;
33D0 : 00;
33D1 : 00;
33D2 : 00;
33D3 : 00;
33D4 : 00;
33D5 : 00;
33D6 : 00;
33D7 : 00;
33D8 : 00;
33D9 : 00;
33DA : 00;
33DB : 00;
33DC : 00;
33DD : 00;
33DE : 00;
33DF : 00;
33E0 : 00;
33E1 : 00;
33E2 : 00;
33E3 : 00;
33E4 : 00;
33E5 : 00;
33E6 : 00;
33E7 : 00;
33E8 : 00;
33E9 : 00;
33EA : 00;
33EB : 00;
33EC : 00;
33ED : 00;
33EE : 00;
33EF : 00;
33F0 : 00;
33F1 : 00;
33F2 : 00;
33F3 : 00;
33F4 : 00;
33F5 : 00;
33F6 : 00;
33F7 : 00;
33F8 : 00;
33F9 : 00;
33FA : 00;
33FB : 00;
33FC : 00;
33FD : 00;
33FE : 00;
33FF : 00;
3400 : 00;
3401 : 00;
3402 : 00;
3403 : 00;
3404 : 00;
3405 : 00;
3406 : 00;
3407 : 00;
3408 : 00;
3409 : 00;
340A : 00;
340B : 00;
340C : 00;
340D : 00;
340E : 00;
340F : 00;
3410 : 00;
3411 : 00;
3412 : 00;
3413 : 00;
3414 : 00;
3415 : 00;
3416 : 00;
3417 : 00;
3418 : 00;
3419 : 00;
341A : 00;
341B : 00;
341C : 00;
341D : 00;
341E : 00;
341F : 00;
3420 : 00;
3421 : 00;
3422 : 00;
3423 : 00;
3424 : 00;
3425 : 00;
3426 : 00;
3427 : 00;
3428 : 00;
3429 : 00;
342A : 00;
342B : 00;
342C : 00;
342D : 00;
342E : 00;
342F : 00;
3430 : 00;
3431 : 00;
3432 : 00;
3433 : 00;
3434 : 00;
3435 : 00;
3436 : 00;
3437 : 00;
3438 : 00;
3439 : 00;
343A : 00;
343B : 00;
343C : 00;
343D : 00;
343E : 00;
343F : 00;
3440 : 00;
3441 : 00;
3442 : 00;
3443 : 00;
3444 : 00;
3445 : 00;
3446 : 00;
3447 : 00;
3448 : 00;
3449 : 00;
344A : 00;
344B : 00;
344C : 00;
344D : 00;
344E : 00;
344F : 00;
3450 : 00;
3451 : 00;
3452 : 00;
3453 : 00;
3454 : 00;
3455 : 00;
3456 : 00;
3457 : 00;
3458 : 00;
3459 : 00;
345A : 00;
345B : 00;
345C : 00;
345D : 00;
345E : 00;
345F : 00;
3460 : 00;
3461 : 00;
3462 : 00;
3463 : 00;
3464 : 00;
3465 : 00;
3466 : 00;
3467 : 00;
3468 : 00;
3469 : 00;
346A : 00;
346B : 00;
346C : 00;
346D : 00;
346E : 00;
346F : 00;
3470 : 00;
3471 : 00;
3472 : 00;
3473 : 00;
3474 : 00;
3475 : 00;
3476 : 00;
3477 : 00;
3478 : 00;
3479 : 00;
347A : 00;
347B : 00;
347C : 00;
347D : 00;
347E : 00;
347F : 00;
3480 : 00;
3481 : 00;
3482 : 00;
3483 : 00;
3484 : 00;
3485 : 00;
3486 : 00;
3487 : 00;
3488 : 00;
3489 : 00;
348A : 00;
348B : 00;
348C : 00;
348D : 00;
348E : 00;
348F : 00;
3490 : 00;
3491 : 00;
3492 : 00;
3493 : 00;
3494 : 00;
3495 : 00;
3496 : 00;
3497 : 00;
3498 : 00;
3499 : 00;
349A : 00;
349B : 00;
349C : 00;
349D : 00;
349E : 00;
349F : 00;
34A0 : 00;
34A1 : 00;
34A2 : 00;
34A3 : 00;
34A4 : 00;
34A5 : 00;
34A6 : 00;
34A7 : 00;
34A8 : 00;
34A9 : 00;
34AA : 00;
34AB : 00;
34AC : 00;
34AD : 00;
34AE : 00;
34AF : 00;
34B0 : 00;
34B1 : 00;
34B2 : 00;
34B3 : 00;
34B4 : 00;
34B5 : 00;
34B6 : 00;
34B7 : 00;
34B8 : 00;
34B9 : 00;
34BA : 00;
34BB : 00;
34BC : 00;
34BD : 00;
34BE : 00;
34BF : 00;
34C0 : 00;
34C1 : 00;
34C2 : 00;
34C3 : 00;
34C4 : 00;
34C5 : 00;
34C6 : 00;
34C7 : 00;
34C8 : 00;
34C9 : 00;
34CA : 00;
34CB : 00;
34CC : 00;
34CD : 00;
34CE : 00;
34CF : 00;
34D0 : 00;
34D1 : 00;
34D2 : 00;
34D3 : 00;
34D4 : 00;
34D5 : 00;
34D6 : 00;
34D7 : 00;
34D8 : 00;
34D9 : 00;
34DA : 00;
34DB : 00;
34DC : 00;
34DD : 00;
34DE : 00;
34DF : 00;
34E0 : 00;
34E1 : 00;
34E2 : 00;
34E3 : 00;
34E4 : 00;
34E5 : 00;
34E6 : 00;
34E7 : 00;
34E8 : 00;
34E9 : 00;
34EA : 00;
34EB : 00;
34EC : 00;
34ED : 00;
34EE : 00;
34EF : 00;
34F0 : 00;
34F1 : 00;
34F2 : 00;
34F3 : 00;
34F4 : 00;
34F5 : 00;
34F6 : 00;
34F7 : 00;
34F8 : 00;
34F9 : 00;
34FA : 00;
34FB : 00;
34FC : 00;
34FD : 00;
34FE : 00;
34FF : 00;
3500 : 00;
3501 : 00;
3502 : 00;
3503 : 00;
3504 : 00;
3505 : 00;
3506 : 00;
3507 : 00;
3508 : 00;
3509 : 00;
350A : 00;
350B : 00;
350C : 00;
350D : 00;
350E : 00;
350F : 00;
3510 : 00;
3511 : 00;
3512 : 00;
3513 : 00;
3514 : 00;
3515 : 00;
3516 : 00;
3517 : 00;
3518 : 00;
3519 : 00;
351A : 00;
351B : 00;
351C : 00;
351D : 00;
351E : 00;
351F : 00;
3520 : 00;
3521 : 00;
3522 : 00;
3523 : 00;
3524 : 00;
3525 : 00;
3526 : 00;
3527 : 00;
3528 : 00;
3529 : 00;
352A : 00;
352B : 00;
352C : 00;
352D : 00;
352E : 00;
352F : 00;
3530 : 00;
3531 : 00;
3532 : 00;
3533 : 00;
3534 : 00;
3535 : 00;
3536 : 00;
3537 : 00;
3538 : 00;
3539 : 00;
353A : 00;
353B : 00;
353C : 00;
353D : 00;
353E : 00;
353F : 00;
3540 : 00;
3541 : 00;
3542 : 00;
3543 : 00;
3544 : 00;
3545 : 00;
3546 : 00;
3547 : 00;
3548 : 00;
3549 : 00;
354A : 00;
354B : 00;
354C : 00;
354D : 00;
354E : 00;
354F : 00;
3550 : 00;
3551 : 00;
3552 : 00;
3553 : 00;
3554 : 00;
3555 : 00;
3556 : 00;
3557 : 00;
3558 : 00;
3559 : 00;
355A : 00;
355B : 00;
355C : 00;
355D : 00;
355E : 00;
355F : 00;
3560 : 00;
3561 : 00;
3562 : 00;
3563 : 00;
3564 : 00;
3565 : 00;
3566 : 00;
3567 : 00;
3568 : 00;
3569 : 00;
356A : 00;
356B : 00;
356C : 00;
356D : 00;
356E : 00;
356F : 00;
3570 : 00;
3571 : 00;
3572 : 00;
3573 : 00;
3574 : 00;
3575 : 00;
3576 : 00;
3577 : 00;
3578 : 00;
3579 : 00;
357A : 00;
357B : 00;
357C : 00;
357D : 00;
357E : 00;
357F : 00;
3580 : 00;
3581 : 00;
3582 : 00;
3583 : 00;
3584 : 00;
3585 : 00;
3586 : 00;
3587 : 00;
3588 : 00;
3589 : 00;
358A : 00;
358B : 00;
358C : 00;
358D : 00;
358E : 00;
358F : 00;
3590 : 00;
3591 : 00;
3592 : 00;
3593 : 00;
3594 : 00;
3595 : 00;
3596 : 00;
3597 : 00;
3598 : 00;
3599 : 00;
359A : 00;
359B : 00;
359C : 00;
359D : 00;
359E : 00;
359F : 00;
35A0 : 00;
35A1 : 00;
35A2 : 00;
35A3 : 00;
35A4 : 00;
35A5 : 00;
35A6 : 00;
35A7 : 00;
35A8 : 00;
35A9 : 00;
35AA : 00;
35AB : 00;
35AC : 00;
35AD : 00;
35AE : 00;
35AF : 00;
35B0 : 00;
35B1 : 00;
35B2 : 00;
35B3 : 00;
35B4 : 00;
35B5 : 00;
35B6 : 00;
35B7 : 00;
35B8 : 00;
35B9 : 00;
35BA : 00;
35BB : 00;
35BC : 00;
35BD : 00;
35BE : 00;
35BF : 00;
35C0 : 00;
35C1 : 00;
35C2 : 00;
35C3 : 00;
35C4 : 00;
35C5 : 00;
35C6 : 00;
35C7 : 00;
35C8 : 00;
35C9 : 00;
35CA : 00;
35CB : 00;
35CC : 00;
35CD : 00;
35CE : 00;
35CF : 00;
35D0 : 00;
35D1 : 00;
35D2 : 00;
35D3 : 00;
35D4 : 00;
35D5 : 00;
35D6 : 00;
35D7 : 00;
35D8 : 00;
35D9 : 00;
35DA : 00;
35DB : 00;
35DC : 00;
35DD : 00;
35DE : 00;
35DF : 00;
35E0 : 00;
35E1 : 00;
35E2 : 00;
35E3 : 00;
35E4 : 00;
35E5 : 00;
35E6 : 00;
35E7 : 00;
35E8 : 00;
35E9 : 00;
35EA : 00;
35EB : 00;
35EC : 00;
35ED : 00;
35EE : 00;
35EF : 00;
35F0 : 00;
35F1 : 00;
35F2 : 00;
35F3 : 00;
35F4 : 00;
35F5 : 00;
35F6 : 00;
35F7 : 00;
35F8 : 00;
35F9 : 00;
35FA : 00;
35FB : 00;
35FC : 00;
35FD : 00;
35FE : 00;
35FF : 00;
3600 : 00;
3601 : 00;
3602 : 00;
3603 : 00;
3604 : 00;
3605 : 00;
3606 : 00;
3607 : 00;
3608 : 00;
3609 : 00;
360A : 00;
360B : 00;
360C : 00;
360D : 00;
360E : 00;
360F : 00;
3610 : 00;
3611 : 00;
3612 : 00;
3613 : 00;
3614 : 00;
3615 : 00;
3616 : 00;
3617 : 00;
3618 : 00;
3619 : 00;
361A : 00;
361B : 00;
361C : 00;
361D : 00;
361E : 00;
361F : 00;
3620 : 00;
3621 : 00;
3622 : 00;
3623 : 00;
3624 : 00;
3625 : 00;
3626 : 00;
3627 : 00;
3628 : 00;
3629 : 00;
362A : 00;
362B : 00;
362C : 00;
362D : 00;
362E : 00;
362F : 00;
3630 : 00;
3631 : 00;
3632 : 00;
3633 : 00;
3634 : 00;
3635 : 00;
3636 : 00;
3637 : 00;
3638 : 00;
3639 : 00;
363A : 00;
363B : 00;
363C : 00;
363D : 00;
363E : 00;
363F : 00;
3640 : 00;
3641 : 00;
3642 : 00;
3643 : 00;
3644 : 00;
3645 : 00;
3646 : 00;
3647 : 00;
3648 : 00;
3649 : 00;
364A : 00;
364B : 00;
364C : 00;
364D : 00;
364E : 00;
364F : 00;
3650 : 00;
3651 : 00;
3652 : 00;
3653 : 00;
3654 : 00;
3655 : 00;
3656 : 00;
3657 : 00;
3658 : 00;
3659 : 00;
365A : 00;
365B : 00;
365C : 00;
365D : 00;
365E : 00;
365F : 00;
3660 : 00;
3661 : 00;
3662 : 00;
3663 : 00;
3664 : 00;
3665 : 00;
3666 : 00;
3667 : 00;
3668 : 00;
3669 : 00;
366A : 00;
366B : 00;
366C : 00;
366D : 00;
366E : 00;
366F : 00;
3670 : 00;
3671 : 00;
3672 : 00;
3673 : 00;
3674 : 00;
3675 : 00;
3676 : 00;
3677 : 00;
3678 : 00;
3679 : 00;
367A : 00;
367B : 00;
367C : 00;
367D : 00;
367E : 00;
367F : 00;
3680 : 00;
3681 : 00;
3682 : 00;
3683 : 00;
3684 : 00;
3685 : 00;
3686 : 00;
3687 : 00;
3688 : 00;
3689 : 00;
368A : 00;
368B : 00;
368C : 00;
368D : 00;
368E : 00;
368F : 00;
3690 : 00;
3691 : 00;
3692 : 00;
3693 : 00;
3694 : 00;
3695 : 00;
3696 : 00;
3697 : 00;
3698 : 00;
3699 : 00;
369A : 00;
369B : 00;
369C : 00;
369D : 00;
369E : 00;
369F : 00;
36A0 : 00;
36A1 : 00;
36A2 : 00;
36A3 : 00;
36A4 : 00;
36A5 : 00;
36A6 : 00;
36A7 : 00;
36A8 : 00;
36A9 : 00;
36AA : 00;
36AB : 00;
36AC : 00;
36AD : 00;
36AE : 00;
36AF : 00;
36B0 : 00;
36B1 : 00;
36B2 : 00;
36B3 : 00;
36B4 : 00;
36B5 : 00;
36B6 : 00;
36B7 : 00;
36B8 : 00;
36B9 : 00;
36BA : 00;
36BB : 00;
36BC : 00;
36BD : 00;
36BE : 00;
36BF : 00;
36C0 : 00;
36C1 : 00;
36C2 : 00;
36C3 : 00;
36C4 : 00;
36C5 : 00;
36C6 : 00;
36C7 : 00;
36C8 : 00;
36C9 : 00;
36CA : 00;
36CB : 00;
36CC : 00;
36CD : 00;
36CE : 00;
36CF : 00;
36D0 : 00;
36D1 : 00;
36D2 : 00;
36D3 : 00;
36D4 : 00;
36D5 : 00;
36D6 : 00;
36D7 : 00;
36D8 : 00;
36D9 : 00;
36DA : 00;
36DB : 00;
36DC : 00;
36DD : 00;
36DE : 00;
36DF : 00;
36E0 : 00;
36E1 : 00;
36E2 : 00;
36E3 : 00;
36E4 : 00;
36E5 : 00;
36E6 : 00;
36E7 : 00;
36E8 : 00;
36E9 : 00;
36EA : 00;
36EB : 00;
36EC : 00;
36ED : 00;
36EE : 00;
36EF : 00;
36F0 : 00;
36F1 : 00;
36F2 : 00;
36F3 : 00;
36F4 : 00;
36F5 : 00;
36F6 : 00;
36F7 : 00;
36F8 : 00;
36F9 : 00;
36FA : 00;
36FB : 00;
36FC : 00;
36FD : 00;
36FE : 00;
36FF : 00;
3700 : 00;
3701 : 00;
3702 : 00;
3703 : 00;
3704 : 00;
3705 : 00;
3706 : 00;
3707 : 00;
3708 : 00;
3709 : 00;
370A : 00;
370B : 00;
370C : 00;
370D : 00;
370E : 00;
370F : 00;
3710 : 00;
3711 : 00;
3712 : 00;
3713 : 00;
3714 : 00;
3715 : 00;
3716 : 00;
3717 : 00;
3718 : 00;
3719 : 00;
371A : 00;
371B : 00;
371C : 00;
371D : 00;
371E : 00;
371F : 00;
3720 : 00;
3721 : 00;
3722 : 00;
3723 : 00;
3724 : 00;
3725 : 00;
3726 : 00;
3727 : 00;
3728 : 00;
3729 : 00;
372A : 00;
372B : 00;
372C : 00;
372D : 00;
372E : 00;
372F : 00;
3730 : 00;
3731 : 00;
3732 : 00;
3733 : 00;
3734 : 00;
3735 : 00;
3736 : 00;
3737 : 00;
3738 : 00;
3739 : 00;
373A : 00;
373B : 00;
373C : 00;
373D : 00;
373E : 00;
373F : 00;
3740 : 00;
3741 : 00;
3742 : 00;
3743 : 00;
3744 : 00;
3745 : 00;
3746 : 00;
3747 : 00;
3748 : 00;
3749 : 00;
374A : 00;
374B : 00;
374C : 00;
374D : 00;
374E : 00;
374F : 00;
3750 : 00;
3751 : 00;
3752 : 00;
3753 : 00;
3754 : 00;
3755 : 00;
3756 : 00;
3757 : 00;
3758 : 00;
3759 : 00;
375A : 00;
375B : 00;
375C : 00;
375D : 00;
375E : 00;
375F : 00;
3760 : 00;
3761 : 00;
3762 : 00;
3763 : 00;
3764 : 00;
3765 : 00;
3766 : 00;
3767 : 00;
3768 : 00;
3769 : 00;
376A : 00;
376B : 00;
376C : 00;
376D : 00;
376E : 00;
376F : 00;
3770 : 00;
3771 : 00;
3772 : 00;
3773 : 00;
3774 : 00;
3775 : 00;
3776 : 00;
3777 : 00;
3778 : 00;
3779 : 00;
377A : 00;
377B : 00;
377C : 00;
377D : 00;
377E : 00;
377F : 00;
3780 : 00;
3781 : 00;
3782 : 00;
3783 : 00;
3784 : 00;
3785 : 00;
3786 : 00;
3787 : 00;
3788 : 00;
3789 : 00;
378A : 00;
378B : 00;
378C : 00;
378D : 00;
378E : 00;
378F : 00;
3790 : 00;
3791 : 00;
3792 : 00;
3793 : 00;
3794 : 00;
3795 : 00;
3796 : 00;
3797 : 00;
3798 : 00;
3799 : 00;
379A : 00;
379B : 00;
379C : 00;
379D : 00;
379E : 00;
379F : 00;
37A0 : 00;
37A1 : 00;
37A2 : 00;
37A3 : 00;
37A4 : 00;
37A5 : 00;
37A6 : 00;
37A7 : 00;
37A8 : 00;
37A9 : 00;
37AA : 00;
37AB : 00;
37AC : 00;
37AD : 00;
37AE : 00;
37AF : 00;
37B0 : 00;
37B1 : 00;
37B2 : 00;
37B3 : 00;
37B4 : 00;
37B5 : 00;
37B6 : 00;
37B7 : 00;
37B8 : 00;
37B9 : 00;
37BA : 00;
37BB : 00;
37BC : 00;
37BD : 00;
37BE : 00;
37BF : 00;
37C0 : 00;
37C1 : 00;
37C2 : 00;
37C3 : 00;
37C4 : 00;
37C5 : 00;
37C6 : 00;
37C7 : 00;
37C8 : 00;
37C9 : 00;
37CA : 00;
37CB : 00;
37CC : 00;
37CD : 00;
37CE : 00;
37CF : 00;
37D0 : 00;
37D1 : 00;
37D2 : 00;
37D3 : 00;
37D4 : 00;
37D5 : 00;
37D6 : 00;
37D7 : 00;
37D8 : 00;
37D9 : 00;
37DA : 00;
37DB : 00;
37DC : 00;
37DD : 00;
37DE : 00;
37DF : 00;
37E0 : 00;
37E1 : 00;
37E2 : 00;
37E3 : 00;
37E4 : 00;
37E5 : 00;
37E6 : 00;
37E7 : 00;
37E8 : 00;
37E9 : 00;
37EA : 00;
37EB : 00;
37EC : 00;
37ED : 00;
37EE : 00;
37EF : 00;
37F0 : 00;
37F1 : 00;
37F2 : 00;
37F3 : 00;
37F4 : 00;
37F5 : 00;
37F6 : 00;
37F7 : 00;
37F8 : 00;
37F9 : 00;
37FA : 00;
37FB : 00;
37FC : 00;
37FD : 00;
37FE : 00;
37FF : 00;
3800 : 00;
3801 : 00;
3802 : 00;
3803 : 00;
3804 : 00;
3805 : 00;
3806 : 00;
3807 : 00;
3808 : 00;
3809 : 00;
380A : 00;
380B : 00;
380C : 00;
380D : 00;
380E : 00;
380F : 00;
3810 : 00;
3811 : 00;
3812 : 00;
3813 : 00;
3814 : 00;
3815 : 00;
3816 : 00;
3817 : 00;
3818 : 00;
3819 : 00;
381A : 00;
381B : 00;
381C : 00;
381D : 00;
381E : 00;
381F : 00;
3820 : 00;
3821 : 00;
3822 : 00;
3823 : 00;
3824 : 00;
3825 : 00;
3826 : 00;
3827 : 00;
3828 : 00;
3829 : 00;
382A : 00;
382B : 00;
382C : 00;
382D : 00;
382E : 00;
382F : 00;
3830 : 00;
3831 : 00;
3832 : 00;
3833 : 00;
3834 : 00;
3835 : 00;
3836 : 00;
3837 : 00;
3838 : 00;
3839 : 00;
383A : 00;
383B : 00;
383C : 00;
383D : 00;
383E : 00;
383F : 00;
3840 : 00;
3841 : 00;
3842 : 00;
3843 : 00;
3844 : 00;
3845 : 00;
3846 : 00;
3847 : 00;
3848 : 00;
3849 : 00;
384A : 00;
384B : 00;
384C : 00;
384D : 00;
384E : 00;
384F : 00;
3850 : 00;
3851 : 00;
3852 : 00;
3853 : 00;
3854 : 00;
3855 : 00;
3856 : 00;
3857 : 00;
3858 : 00;
3859 : 00;
385A : 00;
385B : 00;
385C : 00;
385D : 00;
385E : 00;
385F : 00;
3860 : 00;
3861 : 00;
3862 : 00;
3863 : 00;
3864 : 00;
3865 : 00;
3866 : 00;
3867 : 00;
3868 : 00;
3869 : 00;
386A : 00;
386B : 00;
386C : 00;
386D : 00;
386E : 00;
386F : 00;
3870 : 00;
3871 : 00;
3872 : 00;
3873 : 00;
3874 : 00;
3875 : 00;
3876 : 00;
3877 : 00;
3878 : 00;
3879 : 00;
387A : 00;
387B : 00;
387C : 00;
387D : 00;
387E : 00;
387F : 00;
3880 : 00;
3881 : 00;
3882 : 00;
3883 : 00;
3884 : 00;
3885 : 00;
3886 : 00;
3887 : 00;
3888 : 00;
3889 : 00;
388A : 00;
388B : 00;
388C : 00;
388D : 00;
388E : 00;
388F : 00;
3890 : 00;
3891 : 00;
3892 : 00;
3893 : 00;
3894 : 00;
3895 : 00;
3896 : 00;
3897 : 00;
3898 : 00;
3899 : 00;
389A : 00;
389B : 00;
389C : 00;
389D : 00;
389E : 00;
389F : 00;
38A0 : 00;
38A1 : 00;
38A2 : 00;
38A3 : 00;
38A4 : 00;
38A5 : 00;
38A6 : 00;
38A7 : 00;
38A8 : 00;
38A9 : 00;
38AA : 00;
38AB : 00;
38AC : 00;
38AD : 00;
38AE : 00;
38AF : 00;
38B0 : 00;
38B1 : 00;
38B2 : 00;
38B3 : 00;
38B4 : 00;
38B5 : 00;
38B6 : 00;
38B7 : 00;
38B8 : 00;
38B9 : 00;
38BA : 00;
38BB : 00;
38BC : 00;
38BD : 00;
38BE : 00;
38BF : 00;
38C0 : 00;
38C1 : 00;
38C2 : 00;
38C3 : 00;
38C4 : 00;
38C5 : 00;
38C6 : 00;
38C7 : 00;
38C8 : 00;
38C9 : 00;
38CA : 00;
38CB : 00;
38CC : 00;
38CD : 00;
38CE : 00;
38CF : 00;
38D0 : 00;
38D1 : 00;
38D2 : 00;
38D3 : 00;
38D4 : 00;
38D5 : 00;
38D6 : 00;
38D7 : 00;
38D8 : 00;
38D9 : 00;
38DA : 00;
38DB : 00;
38DC : 00;
38DD : 00;
38DE : 00;
38DF : 00;
38E0 : 00;
38E1 : 00;
38E2 : 00;
38E3 : 00;
38E4 : 00;
38E5 : 00;
38E6 : 00;
38E7 : 00;
38E8 : 00;
38E9 : 00;
38EA : 00;
38EB : 00;
38EC : 00;
38ED : 00;
38EE : 00;
38EF : 00;
38F0 : 00;
38F1 : 00;
38F2 : 00;
38F3 : 00;
38F4 : 00;
38F5 : 00;
38F6 : 00;
38F7 : 00;
38F8 : 00;
38F9 : 00;
38FA : 00;
38FB : 00;
38FC : 00;
38FD : 00;
38FE : 00;
38FF : 00;
3900 : 00;
3901 : 00;
3902 : 00;
3903 : 00;
3904 : 00;
3905 : 00;
3906 : 00;
3907 : 00;
3908 : 00;
3909 : 00;
390A : 00;
390B : 00;
390C : 00;
390D : 00;
390E : 00;
390F : 00;
3910 : 00;
3911 : 00;
3912 : 00;
3913 : 00;
3914 : 00;
3915 : 00;
3916 : 00;
3917 : 00;
3918 : 00;
3919 : 00;
391A : 00;
391B : 00;
391C : 00;
391D : 00;
391E : 00;
391F : 00;
3920 : 00;
3921 : 00;
3922 : 00;
3923 : 00;
3924 : 00;
3925 : 00;
3926 : 00;
3927 : 00;
3928 : 00;
3929 : 00;
392A : 00;
392B : 00;
392C : 00;
392D : 00;
392E : 3E;
392F : 3A;
3930 : 3E;
3931 : 3A;
3932 : 3E;
3933 : 3A;
3934 : 3E;
3935 : 3A;
3936 : 3E;
3937 : 3A;
3938 : 3E;
3939 : 3A;
393A : 3E;
393B : 3A;
393C : 3E;
393D : 3A;
393E : 3E;
393F : 3A;
3940 : 3E;
3941 : 3A;
3942 : 3E;
3943 : 3A;
3944 : 3E;
3945 : 3A;
3946 : 3E;
3947 : 3A;
3948 : 3E;
3949 : 3A;
394A : 3E;
394B : 3A;
394C : 3E;
394D : 3A;
394E : 3E;
394F : 3A;
3950 : 3E;
3951 : 3A;
3952 : 3E;
3953 : 3A;
3954 : 3E;
3955 : 3A;
3956 : 3E;
3957 : 3A;
3958 : 3E;
3959 : 3A;
395A : 3E;
395B : 3A;
395C : 3E;
395D : 3A;
395E : 3E;
395F : 3A;
3960 : 3E;
3961 : 3A;
3962 : 3E;
3963 : 3A;
3964 : 3E;
3965 : 3A;
3966 : 3E;
3967 : 3A;
3968 : 3E;
3969 : 3A;
396A : 3E;
396B : 3A;
396C : 3E;
396D : 3A;
396E : 3E;
396F : 3A;
3970 : 3E;
3971 : 3A;
3972 : 3E;
3973 : 3A;
3974 : 3E;
3975 : 3A;
3976 : 3E;
3977 : 3A;
3978 : 3E;
3979 : 3A;
397A : 3E;
397B : 3A;
397C : 3E;
397D : 3A;
397E : 3E;
397F : 3A;
3980 : 3E;
3981 : 3A;
3982 : 3E;
3983 : 3A;
3984 : 3E;
3985 : 3A;
3986 : 3E;
3987 : 3A;
3988 : 3E;
3989 : 3A;
398A : 3E;
398B : 3A;
398C : 3E;
398D : 3A;
398E : 3E;
398F : 3A;
3990 : 3E;
3991 : 3A;
3992 : 3E;
3993 : 3A;
3994 : 3E;
3995 : 3A;
3996 : 3E;
3997 : 3A;
3998 : 3E;
3999 : 3A;
399A : 3E;
399B : 3A;
399C : 3E;
399D : 3A;
399E : 3E;
399F : 3A;
39A0 : 3E;
39A1 : 3A;
39A2 : 3E;
39A3 : 3A;
39A4 : 3E;
39A5 : 3A;
39A6 : 3E;
39A7 : 3A;
39A8 : 3E;
39A9 : 3A;
39AA : 3E;
39AB : 3A;
39AC : 3E;
39AD : 3A;
39AE : 3E;
39AF : 3A;
39B0 : 3E;
39B1 : 3A;
39B2 : 3E;
39B3 : 3A;
39B4 : 3E;
39B5 : 3A;
39B6 : 3E;
39B7 : 3A;
39B8 : 3E;
39B9 : 3A;
39BA : 3E;
39BB : 3A;
39BC : 3E;
39BD : 3A;
39BE : 3E;
39BF : 3A;
39C0 : 3E;
39C1 : 3A;
39C2 : 3E;
39C3 : 3A;
39C4 : 3E;
39C5 : 3A;
39C6 : 3E;
39C7 : 3A;
39C8 : 3E;
39C9 : 3A;
39CA : 3E;
39CB : 3A;
39CC : 3E;
39CD : 3A;
39CE : 3E;
39CF : 3A;
39D0 : 3E;
39D1 : 3A;
39D2 : 3E;
39D3 : 3A;
39D4 : 3E;
39D5 : 3A;
39D6 : 3E;
39D7 : 3A;
39D8 : 3E;
39D9 : 3A;
39DA : 3E;
39DB : 3A;
39DC : 3E;
39DD : 3A;
39DE : 3E;
39DF : 3A;
39E0 : 3E;
39E1 : 3A;
39E2 : 3E;
39E3 : 3A;
39E4 : 3E;
39E5 : 3A;
39E6 : 3E;
39E7 : 3A;
39E8 : 3E;
39E9 : 3A;
39EA : 3E;
39EB : 3A;
39EC : 3E;
39ED : 3A;
39EE : 3E;
39EF : 3A;
39F0 : 3E;
39F1 : 3A;
39F2 : 3E;
39F3 : 3A;
39F4 : 3E;
39F5 : 3A;
39F6 : 3E;
39F7 : 3A;
39F8 : 3E;
39F9 : 3A;
39FA : 3E;
39FB : 3A;
39FC : 3E;
39FD : 3A;
39FE : 3E;
39FF : 3A;
3A00 : 3E;
3A01 : 3A;
3A02 : 3E;
3A03 : 3A;
3A04 : 3E;
3A05 : 3A;
3A06 : 3E;
3A07 : 3A;
3A08 : 3E;
3A09 : 3A;
3A0A : 3E;
3A0B : 3A;
3A0C : 3E;
3A0D : 3A;
3A0E : 3E;
3A0F : 3A;
3A10 : 3E;
3A11 : 3A;
3A12 : 3E;
3A13 : 3A;
3A14 : 3E;
3A15 : 3A;
3A16 : 3E;
3A17 : 3A;
3A18 : 3E;
3A19 : 3A;
3A1A : 3E;
3A1B : 3A;
3A1C : 3E;
3A1D : 3A;
3A1E : 3E;
3A1F : 3A;
3A20 : 3E;
3A21 : 3A;
3A22 : 3E;
3A23 : 3A;
3A24 : 3E;
3A25 : 3A;
3A26 : 3E;
3A27 : 3A;
3A28 : 3E;
3A29 : 3A;
3A2A : 3E;
3A2B : 3A;
3A2C : 3E;
3A2D : 3A;
3A2E : 3E;
3A2F : 3A;
3A30 : 3E;
3A31 : 3A;
3A32 : 3E;
3A33 : 3A;
3A34 : 3E;
3A35 : 3A;
3A36 : 3E;
3A37 : 3A;
3A38 : 3E;
3A39 : 3A;
3A3A : 3E;
3A3B : 3A;
3A3C : 3E;
3A3D : 3A;
3A3E : E5;
3A3F : F5;
3A40 : 21;
3A41 : 49;
3A42 : 3A;
3A43 : CD;
3A44 : AB;
3A45 : 09;
3A46 : F1;
3A47 : E1;
3A48 : C9;
3A49 : 42;
3A4A : 41;
3A4B : 53;
3A4C : 49;
3A4D : 43;
3A4E : 20;
3A4F : 73;
3A50 : 74;
3A51 : 61;
3A52 : 74;
3A53 : 65;
3A54 : 6D;
3A55 : 65;
3A56 : 6E;
3A57 : 74;
3A58 : 73;
3A59 : 20;
3A5A : 61;
3A5B : 72;
3A5C : 65;
3A5D : 20;
3A5E : 6E;
3A5F : 6F;
3A60 : 74;
3A61 : 20;
3A62 : 69;
3A63 : 6D;
3A64 : 70;
3A65 : 6C;
3A66 : 65;
3A67 : 6D;
3A68 : 65;
3A69 : 6E;
3A6A : 74;
3A6B : 65;
3A6C : 64;
3A6D : 20;
3A6E : 79;
3A6F : 65;
3A70 : 74;
3A71 : 00;
3A72 : 00;
3A73 : 00;
3A74 : 00;
3A75 : 00;
3A76 : 00;
3A77 : 00;
3A78 : 00;
3A79 : 00;
3A7A : 00;
3A7B : 00;
3A7C : 00;
3A7D : 00;
3A7E : 00;
3A7F : 00;
3A80 : 00;
3A81 : 00;
3A82 : 00;
3A83 : 00;
3A84 : 00;
3A85 : 00;
3A86 : 00;
3A87 : 00;
3A88 : 00;
3A89 : 00;
3A8A : 00;
3A8B : 00;
3A8C : 00;
3A8D : 00;
3A8E : 00;
3A8F : 00;
3A90 : 00;
3A91 : 00;
3A92 : 00;
3A93 : 00;
3A94 : 00;
3A95 : 00;
3A96 : 00;
3A97 : 00;
3A98 : 00;
3A99 : 00;
3A9A : 00;
3A9B : 00;
3A9C : 00;
3A9D : 00;
3A9E : 00;
3A9F : 00;
3AA0 : 00;
3AA1 : 00;
3AA2 : 00;
3AA3 : 00;
3AA4 : 00;
3AA5 : 00;
3AA6 : 00;
3AA7 : 00;
3AA8 : 00;
3AA9 : 00;
3AAA : 00;
3AAB : 00;
3AAC : 00;
3AAD : 00;
3AAE : 00;
3AAF : 00;
3AB0 : 00;
3AB1 : 00;
3AB2 : 00;
3AB3 : 00;
3AB4 : 00;
3AB5 : 00;
3AB6 : 00;
3AB7 : 00;
3AB8 : 00;
3AB9 : 00;
3ABA : 00;
3ABB : 00;
3ABC : 00;
3ABD : 00;
3ABE : 00;
3ABF : 00;
3AC0 : 00;
3AC1 : 00;
3AC2 : 00;
3AC3 : 00;
3AC4 : 00;
3AC5 : 00;
3AC6 : 00;
3AC7 : 00;
3AC8 : 00;
3AC9 : 00;
3ACA : 00;
3ACB : 00;
3ACC : 00;
3ACD : 00;
3ACE : 00;
3ACF : 00;
3AD0 : 00;
3AD1 : 00;
3AD2 : 00;
3AD3 : 00;
3AD4 : 00;
3AD5 : 00;
3AD6 : 00;
3AD7 : 00;
3AD8 : 00;
3AD9 : 00;
3ADA : 00;
3ADB : 00;
3ADC : 00;
3ADD : 00;
3ADE : 00;
3ADF : 00;
3AE0 : 00;
3AE1 : 00;
3AE2 : 00;
3AE3 : 00;
3AE4 : 00;
3AE5 : 00;
3AE6 : 00;
3AE7 : 00;
3AE8 : 00;
3AE9 : 00;
3AEA : 00;
3AEB : 00;
3AEC : 00;
3AED : 00;
3AEE : 00;
3AEF : 00;
3AF0 : 00;
3AF1 : 00;
3AF2 : 00;
3AF3 : 00;
3AF4 : 00;
3AF5 : 00;
3AF6 : 00;
3AF7 : 00;
3AF8 : 00;
3AF9 : 00;
3AFA : 00;
3AFB : 00;
3AFC : 00;
3AFD : 00;
3AFE : 00;
3AFF : 00;
3B00 : 00;
3B01 : 00;
3B02 : 00;
3B03 : 00;
3B04 : 00;
3B05 : 00;
3B06 : 00;
3B07 : 00;
3B08 : 00;
3B09 : 00;
3B0A : 00;
3B0B : 00;
3B0C : 00;
3B0D : 00;
3B0E : 00;
3B0F : 00;
3B10 : 00;
3B11 : 00;
3B12 : 00;
3B13 : 00;
3B14 : 00;
3B15 : 00;
3B16 : 00;
3B17 : 00;
3B18 : 00;
3B19 : 00;
3B1A : 00;
3B1B : 00;
3B1C : 00;
3B1D : 00;
3B1E : 00;
3B1F : 00;
3B20 : 00;
3B21 : 00;
3B22 : 00;
3B23 : 00;
3B24 : 00;
3B25 : 00;
3B26 : 00;
3B27 : 00;
3B28 : 00;
3B29 : 00;
3B2A : 00;
3B2B : 00;
3B2C : 00;
3B2D : 00;
3B2E : 00;
3B2F : 00;
3B30 : 00;
3B31 : 00;
3B32 : 00;
3B33 : 00;
3B34 : 00;
3B35 : 00;
3B36 : 00;
3B37 : 00;
3B38 : 00;
3B39 : 00;
3B3A : 00;
3B3B : 00;
3B3C : 00;
3B3D : 00;
3B3E : 00;
3B3F : 00;
3B40 : 00;
3B41 : 00;
3B42 : 00;
3B43 : 00;
3B44 : 00;
3B45 : 00;
3B46 : 00;
3B47 : 00;
3B48 : 00;
3B49 : 00;
3B4A : 00;
3B4B : 00;
3B4C : 00;
3B4D : 00;
3B4E : 00;
3B4F : 00;
3B50 : 00;
3B51 : 00;
3B52 : 00;
3B53 : 00;
3B54 : 00;
3B55 : 00;
3B56 : 00;
3B57 : 00;
3B58 : 00;
3B59 : 00;
3B5A : 00;
3B5B : 00;
3B5C : 00;
3B5D : 00;
3B5E : 00;
3B5F : 00;
3B60 : 00;
3B61 : 00;
3B62 : 00;
3B63 : 00;
3B64 : 00;
3B65 : 00;
3B66 : 00;
3B67 : 00;
3B68 : 00;
3B69 : 00;
3B6A : 00;
3B6B : 00;
3B6C : 00;
3B6D : 00;
3B6E : 00;
3B6F : 00;
3B70 : 00;
3B71 : 00;
3B72 : 00;
3B73 : 00;
3B74 : 00;
3B75 : 00;
3B76 : 00;
3B77 : 00;
3B78 : 00;
3B79 : 00;
3B7A : 00;
3B7B : 00;
3B7C : 00;
3B7D : 00;
3B7E : 00;
3B7F : 00;
3B80 : 00;
3B81 : 00;
3B82 : 00;
3B83 : 00;
3B84 : 00;
3B85 : 00;
3B86 : 00;
3B87 : 00;
3B88 : 00;
3B89 : 00;
3B8A : 00;
3B8B : 00;
3B8C : 00;
3B8D : 00;
3B8E : 00;
3B8F : 00;
3B90 : 00;
3B91 : 00;
3B92 : 00;
3B93 : 00;
3B94 : 00;
3B95 : 00;
3B96 : 00;
3B97 : 00;
3B98 : 00;
3B99 : 00;
3B9A : 00;
3B9B : 00;
3B9C : 00;
3B9D : 00;
3B9E : 00;
3B9F : 00;
3BA0 : 00;
3BA1 : 00;
3BA2 : 00;
3BA3 : 00;
3BA4 : 00;
3BA5 : 00;
3BA6 : 00;
3BA7 : 00;
3BA8 : 00;
3BA9 : 00;
3BAA : 00;
3BAB : 00;
3BAC : 00;
3BAD : 00;
3BAE : 00;
3BAF : 00;
3BB0 : 00;
3BB1 : 00;
3BB2 : 00;
3BB3 : 00;
3BB4 : 00;
3BB5 : 00;
3BB6 : 00;
3BB7 : 00;
3BB8 : 00;
3BB9 : 00;
3BBA : 00;
3BBB : 00;
3BBC : 00;
3BBD : 00;
3BBE : 00;
3BBF : 00;
3BC0 : 00;
3BC1 : 00;
3BC2 : 00;
3BC3 : 00;
3BC4 : 00;
3BC5 : 00;
3BC6 : 00;
3BC7 : 00;
3BC8 : 00;
3BC9 : 00;
3BCA : 00;
3BCB : 00;
3BCC : 00;
3BCD : 00;
3BCE : 00;
3BCF : 00;
3BD0 : 00;
3BD1 : 00;
3BD2 : 00;
3BD3 : 00;
3BD4 : 00;
3BD5 : 00;
3BD6 : 00;
3BD7 : 00;
3BD8 : 00;
3BD9 : 00;
3BDA : 00;
3BDB : 00;
3BDC : 00;
3BDD : 00;
3BDE : 00;
3BDF : 00;
3BE0 : 00;
3BE1 : 00;
3BE2 : 00;
3BE3 : 00;
3BE4 : 00;
3BE5 : 00;
3BE6 : 00;
3BE7 : 00;
3BE8 : 00;
3BE9 : 00;
3BEA : 00;
3BEB : 00;
3BEC : 00;
3BED : 00;
3BEE : 00;
3BEF : 00;
3BF0 : 00;
3BF1 : 00;
3BF2 : 00;
3BF3 : 00;
3BF4 : 00;
3BF5 : 00;
3BF6 : 00;
3BF7 : 00;
3BF8 : 00;
3BF9 : 00;
3BFA : 00;
3BFB : 00;
3BFC : 00;
3BFD : 00;
3BFE : 00;
3BFF : 00;
3C00 : 00;
3C01 : 00;
3C02 : 00;
3C03 : 00;
3C04 : 00;
3C05 : 00;
3C06 : 00;
3C07 : 00;
3C08 : 00;
3C09 : 00;
3C0A : 00;
3C0B : 00;
3C0C : 00;
3C0D : 00;
3C0E : 00;
3C0F : 00;
3C10 : 00;
3C11 : 00;
3C12 : 00;
3C13 : 00;
3C14 : 00;
3C15 : 00;
3C16 : 00;
3C17 : 00;
3C18 : 00;
3C19 : 00;
3C1A : 00;
3C1B : 00;
3C1C : 00;
3C1D : 00;
3C1E : 00;
3C1F : 00;
3C20 : 00;
3C21 : 00;
3C22 : 00;
3C23 : 00;
3C24 : 00;
3C25 : 00;
3C26 : 00;
3C27 : 00;
3C28 : 00;
3C29 : 00;
3C2A : 00;
3C2B : 00;
3C2C : 00;
3C2D : 00;
3C2E : 00;
3C2F : 00;
3C30 : 00;
3C31 : 00;
3C32 : 00;
3C33 : 00;
3C34 : 00;
3C35 : 00;
3C36 : 00;
3C37 : 00;
3C38 : 00;
3C39 : 00;
3C3A : 00;
3C3B : 00;
3C3C : 00;
3C3D : 00;
3C3E : 00;
3C3F : 00;
3C40 : 00;
3C41 : 00;
3C42 : 00;
3C43 : 00;
3C44 : 00;
3C45 : 00;
3C46 : 00;
3C47 : 00;
3C48 : 00;
3C49 : 00;
3C4A : 00;
3C4B : 00;
3C4C : 00;
3C4D : 00;
3C4E : 00;
3C4F : 00;
3C50 : 00;
3C51 : 00;
3C52 : 00;
3C53 : 00;
3C54 : 00;
3C55 : 00;
3C56 : 00;
3C57 : 00;
3C58 : 00;
3C59 : 00;
3C5A : 00;
3C5B : 00;
3C5C : 00;
3C5D : 00;
3C5E : 00;
3C5F : 00;
3C60 : 00;
3C61 : 00;
3C62 : 00;
3C63 : 00;
3C64 : 00;
3C65 : 00;
3C66 : 00;
3C67 : 00;
3C68 : 00;
3C69 : 00;
3C6A : 00;
3C6B : 00;
3C6C : 00;
3C6D : 00;
3C6E : 00;
3C6F : 00;
3C70 : 00;
3C71 : 00;
3C72 : 00;
3C73 : 00;
3C74 : 00;
3C75 : 00;
3C76 : 00;
3C77 : 00;
3C78 : 00;
3C79 : 00;
3C7A : 00;
3C7B : 00;
3C7C : 00;
3C7D : 00;
3C7E : 00;
3C7F : 00;
3C80 : 00;
3C81 : 00;
3C82 : 00;
3C83 : 00;
3C84 : 00;
3C85 : 00;
3C86 : 00;
3C87 : 00;
3C88 : 00;
3C89 : 00;
3C8A : 00;
3C8B : 00;
3C8C : 00;
3C8D : 00;
3C8E : 00;
3C8F : 00;
3C90 : 00;
3C91 : 00;
3C92 : 00;
3C93 : 00;
3C94 : 00;
3C95 : 00;
3C96 : 00;
3C97 : 00;
3C98 : 00;
3C99 : 00;
3C9A : 00;
3C9B : 00;
3C9C : 00;
3C9D : 00;
3C9E : 00;
3C9F : 00;
3CA0 : 00;
3CA1 : 00;
3CA2 : 00;
3CA3 : 00;
3CA4 : 00;
3CA5 : 00;
3CA6 : 00;
3CA7 : 00;
3CA8 : 00;
3CA9 : 00;
3CAA : 00;
3CAB : 00;
3CAC : 00;
3CAD : 00;
3CAE : 00;
3CAF : 00;
3CB0 : 00;
3CB1 : 00;
3CB2 : 00;
3CB3 : 00;
3CB4 : 00;
3CB5 : 00;
3CB6 : 00;
3CB7 : 00;
3CB8 : 00;
3CB9 : 00;
3CBA : 00;
3CBB : 00;
3CBC : 00;
3CBD : 00;
3CBE : 00;
3CBF : 00;
3CC0 : 00;
3CC1 : 00;
3CC2 : 00;
3CC3 : 00;
3CC4 : 00;
3CC5 : 00;
3CC6 : 00;
3CC7 : 00;
3CC8 : 00;
3CC9 : 00;
3CCA : 00;
3CCB : 00;
3CCC : 00;
3CCD : 00;
3CCE : 00;
3CCF : 00;
3CD0 : 00;
3CD1 : 00;
3CD2 : 00;
3CD3 : 00;
3CD4 : 00;
3CD5 : 00;
3CD6 : 00;
3CD7 : 00;
3CD8 : 00;
3CD9 : 00;
3CDA : 00;
3CDB : 00;
3CDC : 00;
3CDD : 00;
3CDE : 00;
3CDF : 00;
3CE0 : 00;
3CE1 : 00;
3CE2 : 00;
3CE3 : 00;
3CE4 : 00;
3CE5 : 00;
3CE6 : 00;
3CE7 : 00;
3CE8 : 00;
3CE9 : 00;
3CEA : 00;
3CEB : 00;
3CEC : 00;
3CED : 00;
3CEE : 00;
3CEF : 00;
3CF0 : 00;
3CF1 : 00;
3CF2 : 00;
3CF3 : 00;
3CF4 : 00;
3CF5 : 00;
3CF6 : 00;
3CF7 : 00;
3CF8 : 00;
3CF9 : 00;
3CFA : 00;
3CFB : 00;
3CFC : 00;
3CFD : 00;
3CFE : 00;
3CFF : 00;
3D00 : 00;
3D01 : 00;
3D02 : 00;
3D03 : 00;
3D04 : 00;
3D05 : 00;
3D06 : 00;
3D07 : 00;
3D08 : 00;
3D09 : 00;
3D0A : 00;
3D0B : 00;
3D0C : 00;
3D0D : 00;
3D0E : 00;
3D0F : 00;
3D10 : 00;
3D11 : 00;
3D12 : 00;
3D13 : 00;
3D14 : 00;
3D15 : 00;
3D16 : 00;
3D17 : 00;
3D18 : 00;
3D19 : 00;
3D1A : 00;
3D1B : 00;
3D1C : 00;
3D1D : 00;
3D1E : 00;
3D1F : 00;
3D20 : 00;
3D21 : 00;
3D22 : 00;
3D23 : 00;
3D24 : 00;
3D25 : 00;
3D26 : 00;
3D27 : 00;
3D28 : 00;
3D29 : 00;
3D2A : 00;
3D2B : 00;
3D2C : 00;
3D2D : 00;
3D2E : 00;
3D2F : 00;
3D30 : 00;
3D31 : 00;
3D32 : 00;
3D33 : 00;
3D34 : 00;
3D35 : 00;
3D36 : 00;
3D37 : 00;
3D38 : 00;
3D39 : 00;
3D3A : 00;
3D3B : 00;
3D3C : 00;
3D3D : 00;
3D3E : 00;
3D3F : 00;
3D40 : 00;
3D41 : 00;
3D42 : 00;
3D43 : 00;
3D44 : 00;
3D45 : 00;
3D46 : 00;
3D47 : 00;
3D48 : 00;
3D49 : 00;
3D4A : 00;
3D4B : 00;
3D4C : 00;
3D4D : 00;
3D4E : 00;
3D4F : 00;
3D50 : 00;
3D51 : 00;
3D52 : 00;
3D53 : 00;
3D54 : 00;
3D55 : 00;
3D56 : 00;
3D57 : 00;
3D58 : 00;
3D59 : 00;
3D5A : 00;
3D5B : 00;
3D5C : 00;
3D5D : 00;
3D5E : 00;
3D5F : 00;
3D60 : 00;
3D61 : 00;
3D62 : 00;
3D63 : 00;
3D64 : 00;
3D65 : 00;
3D66 : 00;
3D67 : 00;
3D68 : 00;
3D69 : 00;
3D6A : 00;
3D6B : 00;
3D6C : 00;
3D6D : 00;
3D6E : 00;
3D6F : 00;
3D70 : 00;
3D71 : 00;
3D72 : 00;
3D73 : 00;
3D74 : 00;
3D75 : 00;
3D76 : 00;
3D77 : 00;
3D78 : 00;
3D79 : 00;
3D7A : 00;
3D7B : 00;
3D7C : 00;
3D7D : 00;
3D7E : 00;
3D7F : 00;
3D80 : 00;
3D81 : 00;
3D82 : 00;
3D83 : 00;
3D84 : 00;
3D85 : 00;
3D86 : 00;
3D87 : 00;
3D88 : 00;
3D89 : 00;
3D8A : 00;
3D8B : 00;
3D8C : 00;
3D8D : 00;
3D8E : 00;
3D8F : 00;
3D90 : 00;
3D91 : 00;
3D92 : 00;
3D93 : 00;
3D94 : 00;
3D95 : 00;
3D96 : 00;
3D97 : 00;
3D98 : 00;
3D99 : 00;
3D9A : 00;
3D9B : 00;
3D9C : 00;
3D9D : 00;
3D9E : 00;
3D9F : 00;
3DA0 : 00;
3DA1 : 00;
3DA2 : 00;
3DA3 : 00;
3DA4 : 00;
3DA5 : 00;
3DA6 : 00;
3DA7 : 00;
3DA8 : 00;
3DA9 : 00;
3DAA : 00;
3DAB : 00;
3DAC : 00;
3DAD : 00;
3DAE : 00;
3DAF : 00;
3DB0 : 00;
3DB1 : 00;
3DB2 : 00;
3DB3 : 00;
3DB4 : 00;
3DB5 : 00;
3DB6 : 00;
3DB7 : 00;
3DB8 : 00;
3DB9 : 00;
3DBA : 00;
3DBB : 00;
3DBC : 00;
3DBD : 00;
3DBE : 00;
3DBF : 00;
3DC0 : 00;
3DC1 : 00;
3DC2 : 00;
3DC3 : 00;
3DC4 : 00;
3DC5 : 00;
3DC6 : 00;
3DC7 : 00;
3DC8 : 00;
3DC9 : 00;
3DCA : 00;
3DCB : 00;
3DCC : 00;
3DCD : 00;
3DCE : 00;
3DCF : 00;
3DD0 : 00;
3DD1 : 00;
3DD2 : 00;
3DD3 : 00;
3DD4 : 00;
3DD5 : 00;
3DD6 : 00;
3DD7 : 00;
3DD8 : 00;
3DD9 : 00;
3DDA : 00;
3DDB : 00;
3DDC : 00;
3DDD : 00;
3DDE : 00;
3DDF : 00;
3DE0 : 00;
3DE1 : 00;
3DE2 : 00;
3DE3 : 00;
3DE4 : 00;
3DE5 : 00;
3DE6 : 00;
3DE7 : 00;
3DE8 : 00;
3DE9 : 00;
3DEA : 00;
3DEB : 00;
3DEC : 00;
3DED : 00;
3DEE : 00;
3DEF : 00;
3DF0 : 00;
3DF1 : 00;
3DF2 : 00;
3DF3 : 00;
3DF4 : 00;
3DF5 : 00;
3DF6 : 00;
3DF7 : 00;
3DF8 : 00;
3DF9 : 00;
3DFA : 00;
3DFB : 00;
3DFC : 00;
3DFD : 00;
3DFE : 00;
3DFF : 00;
3E00 : 00;
3E01 : 00;
3E02 : 00;
3E03 : 00;
3E04 : 00;
3E05 : 00;
3E06 : 00;
3E07 : 00;
3E08 : 00;
3E09 : 00;
3E0A : 00;
3E0B : 00;
3E0C : 00;
3E0D : 00;
3E0E : 00;
3E0F : 00;
3E10 : 00;
3E11 : 00;
3E12 : 00;
3E13 : 00;
3E14 : 00;
3E15 : 00;
3E16 : 00;
3E17 : 00;
3E18 : 00;
3E19 : 00;
3E1A : 00;
3E1B : 00;
3E1C : 00;
3E1D : 00;
3E1E : 00;
3E1F : 00;
3E20 : 00;
3E21 : 00;
3E22 : 00;
3E23 : 00;
3E24 : 00;
3E25 : 00;
3E26 : 00;
3E27 : 00;
3E28 : 00;
3E29 : 00;
3E2A : 00;
3E2B : 00;
3E2C : 00;
3E2D : 00;
3E2E : 00;
3E2F : 00;
3E30 : 00;
3E31 : 00;
3E32 : 00;
3E33 : 00;
3E34 : 00;
3E35 : 00;
3E36 : 00;
3E37 : 00;
3E38 : 00;
3E39 : 00;
3E3A : 00;
3E3B : 00;
3E3C : 00;
3E3D : 00;
3E3E : 00;
3E3F : 00;
3E40 : 00;
3E41 : 00;
3E42 : 00;
3E43 : 00;
3E44 : 00;
3E45 : 00;
3E46 : 00;
3E47 : 00;
3E48 : 00;
3E49 : 00;
3E4A : 00;
3E4B : 00;
3E4C : 00;
3E4D : 00;
3E4E : 00;
3E4F : 00;
3E50 : 00;
3E51 : 00;
3E52 : 00;
3E53 : 00;
3E54 : 00;
3E55 : 00;
3E56 : 00;
3E57 : 00;
3E58 : 00;
3E59 : 00;
3E5A : 00;
3E5B : 00;
3E5C : 00;
3E5D : 00;
3E5E : 00;
3E5F : 00;
3E60 : 00;
3E61 : 00;
3E62 : 00;
3E63 : 00;
3E64 : 00;
3E65 : 00;
3E66 : 00;
3E67 : 00;
3E68 : 00;
3E69 : 00;
3E6A : 00;
3E6B : 00;
3E6C : 00;
3E6D : 00;
3E6E : 00;
3E6F : 00;
3E70 : 00;
3E71 : 00;
3E72 : 00;
3E73 : 00;
3E74 : 00;
3E75 : 00;
3E76 : 00;
3E77 : 00;
3E78 : 00;
3E79 : 00;
3E7A : 00;
3E7B : 00;
3E7C : 00;
3E7D : 00;
3E7E : 00;
3E7F : 00;
3E80 : 00;
3E81 : 00;
3E82 : 00;
3E83 : 00;
3E84 : 00;
3E85 : 00;
3E86 : 00;
3E87 : 00;
3E88 : 00;
3E89 : 00;
3E8A : 00;
3E8B : 00;
3E8C : 00;
3E8D : 00;
3E8E : 00;
3E8F : 00;
3E90 : 00;
3E91 : 00;
3E92 : 00;
3E93 : 00;
3E94 : 00;
3E95 : 00;
3E96 : 00;
3E97 : 00;
3E98 : 00;
3E99 : 00;
3E9A : 00;
3E9B : 00;
3E9C : 00;
3E9D : 00;
3E9E : 00;
3E9F : 00;
3EA0 : 00;
3EA1 : 00;
3EA2 : 00;
3EA3 : 00;
3EA4 : 00;
3EA5 : 00;
3EA6 : 00;
3EA7 : 00;
3EA8 : 00;
3EA9 : 00;
3EAA : 00;
3EAB : 00;
3EAC : 00;
3EAD : 00;
3EAE : 00;
3EAF : 00;
3EB0 : 00;
3EB1 : 00;
3EB2 : 00;
3EB3 : 00;
3EB4 : 00;
3EB5 : 00;
3EB6 : 00;
3EB7 : 00;
3EB8 : 00;
3EB9 : 00;
3EBA : 00;
3EBB : 00;
3EBC : 00;
3EBD : 00;
3EBE : 00;
3EBF : 00;
3EC0 : 00;
3EC1 : 00;
3EC2 : 00;
3EC3 : 00;
3EC4 : 00;
3EC5 : 00;
3EC6 : 00;
3EC7 : 00;
3EC8 : 00;
3EC9 : 00;
3ECA : 00;
3ECB : 00;
3ECC : 00;
3ECD : 00;
3ECE : 00;
3ECF : 00;
3ED0 : 00;
3ED1 : 00;
3ED2 : 00;
3ED3 : 00;
3ED4 : 00;
3ED5 : 00;
3ED6 : 00;
3ED7 : 00;
3ED8 : 00;
3ED9 : 00;
3EDA : 00;
3EDB : 00;
3EDC : 00;
3EDD : 00;
3EDE : 00;
3EDF : 00;
3EE0 : 00;
3EE1 : 00;
3EE2 : 00;
3EE3 : 00;
3EE4 : 00;
3EE5 : 00;
3EE6 : 00;
3EE7 : 00;
3EE8 : 00;
3EE9 : 00;
3EEA : 00;
3EEB : 00;
3EEC : 00;
3EED : 00;
3EEE : 00;
3EEF : 00;
3EF0 : 00;
3EF1 : 00;
3EF2 : 00;
3EF3 : 00;
3EF4 : 00;
3EF5 : 00;
3EF6 : 00;
3EF7 : 00;
3EF8 : 00;
3EF9 : 00;
3EFA : 00;
3EFB : 00;
3EFC : 00;
3EFD : 00;
3EFE : 00;
3EFF : 00;
3F00 : 00;
3F01 : 00;
3F02 : 00;
3F03 : 00;
3F04 : 00;
3F05 : 00;
3F06 : 00;
3F07 : 00;
3F08 : 00;
3F09 : 00;
3F0A : 00;
3F0B : 00;
3F0C : 00;
3F0D : 00;
3F0E : 00;
3F0F : 00;
3F10 : 00;
3F11 : 00;
3F12 : 00;
3F13 : 00;
3F14 : 00;
3F15 : 00;
3F16 : 00;
3F17 : 00;
3F18 : 00;
3F19 : 00;
3F1A : 00;
3F1B : 00;
3F1C : 00;
3F1D : 00;
3F1E : 00;
3F1F : 00;
3F20 : 00;
3F21 : 00;
3F22 : 00;
3F23 : 00;
3F24 : 00;
3F25 : 00;
3F26 : 00;
3F27 : 00;
3F28 : 00;
3F29 : 00;
3F2A : 00;
3F2B : 00;
3F2C : 00;
3F2D : 00;
3F2E : 00;
3F2F : 00;
3F30 : 00;
3F31 : 00;
3F32 : 00;
3F33 : 00;
3F34 : 00;
3F35 : 00;
3F36 : 00;
3F37 : 00;
3F38 : 00;
3F39 : 00;
3F3A : 00;
3F3B : 00;
3F3C : 00;
3F3D : 00;
3F3E : 00;
3F3F : 00;
3F40 : 00;
3F41 : 00;
3F42 : 00;
3F43 : 00;
3F44 : 00;
3F45 : 00;
3F46 : 00;
3F47 : 00;
3F48 : 00;
3F49 : 00;
3F4A : 00;
3F4B : 00;
3F4C : 00;
3F4D : 00;
3F4E : 00;
3F4F : 00;
3F50 : 00;
3F51 : 00;
3F52 : 00;
3F53 : 00;
3F54 : 00;
3F55 : 00;
3F56 : 00;
3F57 : 00;
3F58 : 00;
3F59 : 00;
3F5A : 00;
3F5B : 00;
3F5C : 00;
3F5D : 00;
3F5E : 00;
3F5F : 00;
3F60 : 00;
3F61 : 00;
3F62 : 00;
3F63 : 00;
3F64 : 00;
3F65 : 00;
3F66 : 00;
3F67 : 00;
3F68 : 00;
3F69 : 00;
3F6A : 00;
3F6B : 00;
3F6C : 00;
3F6D : 00;
3F6E : 00;
3F6F : 00;
3F70 : 00;
3F71 : 00;
3F72 : 00;
3F73 : 00;
3F74 : 00;
3F75 : 00;
3F76 : 00;
3F77 : 00;
3F78 : 00;
3F79 : 00;
3F7A : 00;
3F7B : 00;
3F7C : 00;
3F7D : 00;
3F7E : 00;
3F7F : 00;
3F80 : 00;
3F81 : 00;
3F82 : 00;
3F83 : 00;
3F84 : 00;
3F85 : 00;
3F86 : 00;
3F87 : 00;
3F88 : 00;
3F89 : 00;
3F8A : 00;
3F8B : 00;
3F8C : 00;
3F8D : 00;
3F8E : 00;
3F8F : 00;
3F90 : 00;
3F91 : 00;
3F92 : 00;
3F93 : 00;
3F94 : 00;
3F95 : 00;
3F96 : 00;
3F97 : 00;
3F98 : 00;
3F99 : 00;
3F9A : 00;
3F9B : 00;
3F9C : 00;
3F9D : 00;
3F9E : 00;
3F9F : 00;
3FA0 : 00;
3FA1 : 00;
3FA2 : 00;
3FA3 : 00;
3FA4 : 00;
3FA5 : 00;
3FA6 : 00;
3FA7 : 00;
3FA8 : 00;
3FA9 : 00;
3FAA : 00;
3FAB : 00;
3FAC : 00;
3FAD : 00;
3FAE : 00;
3FAF : 00;
3FB0 : 00;
3FB1 : 00;
3FB2 : 00;
3FB3 : 00;
3FB4 : 00;
3FB5 : 00;
3FB6 : 00;
3FB7 : 00;
3FB8 : 00;
3FB9 : 00;
3FBA : 00;
3FBB : 00;
3FBC : 00;
3FBD : 00;
3FBE : 00;
3FBF : 00;
3FC0 : 00;
3FC1 : 00;
3FC2 : 00;
3FC3 : 00;
3FC4 : 00;
3FC5 : 00;
3FC6 : 00;
3FC7 : 00;
3FC8 : 00;
3FC9 : 00;
3FCA : 00;
3FCB : 00;
3FCC : 00;
3FCD : 00;
3FCE : 00;
3FCF : 00;
3FD0 : 00;
3FD1 : 00;
3FD2 : 00;
3FD3 : 00;
3FD4 : 00;
3FD5 : 00;
3FD6 : 00;
3FD7 : 00;
3FD8 : 00;
3FD9 : 00;
3FDA : 00;
3FDB : 00;
3FDC : 00;
3FDD : 00;
3FDE : 00;
3FDF : 00;
3FE0 : 00;
3FE1 : 00;
3FE2 : 00;
3FE3 : 00;
3FE4 : 00;
3FE5 : 00;
3FE6 : 00;
3FE7 : 00;
3FE8 : 00;
3FE9 : 00;
3FEA : 00;
3FEB : 00;
3FEC : 00;
3FED : 00;
3FEE : 00;
3FEF : 00;
3FF0 : 00;
3FF1 : 00;
3FF2 : 00;
3FF3 : 00;
3FF4 : 00;
3FF5 : 00;
3FF6 : 00;
3FF7 : 00;
3FF8 : 00;
3FF9 : 00;
3FFA : 00;
3FFB : 00;
3FFC : 00;
3FFD : 00;
3FFE : 00;
3FFF : 00;
4000 : 00;
4001 : 00;
4002 : 00;
4003 : 00;
4004 : 00;
4005 : 00;
4006 : 00;
4007 : 00;
4008 : 00;
4009 : 00;
400A : 00;
400B : 00;
400C : 00;
400D : 00;
400E : 00;
400F : 00;
4010 : 00;
4011 : 00;
4012 : 00;
4013 : 00;
4014 : 00;
4015 : 00;
4016 : 00;
4017 : 00;
4018 : 00;
4019 : 00;
401A : 00;
401B : 00;
401C : 00;
401D : 00;
401E : 00;
401F : 00;
4020 : 00;
4021 : 00;
4022 : 00;
4023 : 00;
4024 : 00;
4025 : 00;
4026 : 00;
4027 : 00;
4028 : 00;
4029 : 00;
402A : 00;
402B : 00;
402C : 00;
402D : 00;
402E : 00;
402F : 00;
4030 : 00;
4031 : 00;
4032 : 00;
4033 : 00;
4034 : 00;
4035 : 00;
4036 : 00;
4037 : 00;
4038 : 00;
4039 : 00;
403A : 00;
403B : 00;
403C : 00;
403D : 00;
403E : 00;
403F : 00;
4040 : 00;
4041 : 00;
4042 : 00;
4043 : 00;
4044 : 00;
4045 : 00;
4046 : 00;
4047 : 00;
4048 : 00;
4049 : 00;
404A : 00;
404B : 00;
404C : 00;
404D : 00;
404E : 00;
404F : 00;
4050 : 00;
4051 : 00;
4052 : 00;
4053 : 00;
4054 : 00;
4055 : 00;
4056 : 00;
4057 : 00;
4058 : 00;
4059 : 00;
405A : 00;
405B : 00;
405C : 00;
405D : 00;
405E : 00;
405F : 00;
4060 : 00;
4061 : 00;
4062 : 00;
4063 : 00;
4064 : 00;
4065 : 00;
4066 : 00;
4067 : 00;
4068 : 00;
4069 : 00;
406A : 00;
406B : 00;
406C : 00;
406D : 00;
406E : 00;
406F : 00;
4070 : 00;
4071 : 00;
4072 : 00;
4073 : 00;
4074 : 00;
4075 : 00;
4076 : 00;
4077 : 00;
4078 : 00;
4079 : 00;
407A : 00;
407B : 00;
407C : 00;
407D : 00;
407E : 00;
407F : 00;
4080 : 00;
4081 : 00;
4082 : 00;
4083 : 00;
4084 : 00;
4085 : 00;
4086 : 00;
4087 : 00;
4088 : 00;
4089 : 00;
408A : 00;
408B : 00;
408C : 00;
408D : 00;
408E : 00;
408F : 00;
4090 : 00;
4091 : 00;
4092 : 00;
4093 : 00;
4094 : 00;
4095 : 00;
4096 : 00;
4097 : 00;
4098 : 00;
4099 : 00;
409A : 00;
409B : 00;
409C : 00;
409D : 00;
409E : 00;
409F : 00;
40A0 : 00;
40A1 : 00;
40A2 : 00;
40A3 : 00;
40A4 : 00;
40A5 : 00;
40A6 : 00;
40A7 : 00;
40A8 : 00;
40A9 : 00;
40AA : 00;
40AB : 00;
40AC : 00;
40AD : 00;
40AE : 00;
40AF : 00;
40B0 : 00;
40B1 : 00;
40B2 : 00;
40B3 : 00;
40B4 : 00;
40B5 : 00;
40B6 : 00;
40B7 : 00;
40B8 : 00;
40B9 : 00;
40BA : 00;
40BB : 00;
40BC : 00;
40BD : 00;
40BE : 00;
40BF : 00;
40C0 : 00;
40C1 : 00;
40C2 : 00;
40C3 : 00;
40C4 : 00;
40C5 : 00;
40C6 : 00;
40C7 : 00;
40C8 : 00;
40C9 : 00;
40CA : 00;
40CB : 00;
40CC : 00;
40CD : 00;
40CE : 00;
40CF : 00;
40D0 : 00;
40D1 : 00;
40D2 : 00;
40D3 : 00;
40D4 : 00;
40D5 : 00;
40D6 : 00;
40D7 : 00;
40D8 : 00;
40D9 : 00;
40DA : 00;
40DB : 00;
40DC : 00;
40DD : 00;
40DE : 00;
40DF : 00;
40E0 : 00;
40E1 : 00;
40E2 : 00;
40E3 : 00;
40E4 : 00;
40E5 : 00;
40E6 : 00;
40E7 : 00;
40E8 : 00;
40E9 : 00;
40EA : 00;
40EB : 00;
40EC : 00;
40ED : 00;
40EE : 00;
40EF : 00;
40F0 : 00;
40F1 : 00;
40F2 : 00;
40F3 : 00;
40F4 : 00;
40F5 : 00;
40F6 : 00;
40F7 : 00;
40F8 : 00;
40F9 : 00;
40FA : 00;
40FB : 00;
40FC : 00;
40FD : 00;
40FE : 00;
40FF : 00;
4100 : 00;
4101 : 00;
4102 : 00;
4103 : 00;
4104 : 00;
4105 : 00;
4106 : 00;
4107 : 00;
4108 : 00;
4109 : 00;
410A : 00;
410B : 00;
410C : 00;
410D : 00;
410E : 00;
410F : 00;
4110 : 00;
4111 : 00;
4112 : 00;
4113 : 00;
4114 : 00;
4115 : 00;
4116 : 00;
4117 : 00;
4118 : 00;
4119 : 00;
411A : 00;
411B : 00;
411C : 00;
411D : 00;
411E : 00;
411F : 00;
4120 : 00;
4121 : 00;
4122 : 00;
4123 : 00;
4124 : 00;
4125 : 00;
4126 : 00;
4127 : 00;
4128 : 00;
4129 : 00;
412A : 00;
412B : 00;
412C : 00;
412D : 00;
412E : 00;
412F : 00;
4130 : 00;
4131 : 00;
4132 : 00;
4133 : 00;
4134 : 00;
4135 : 00;
4136 : 00;
4137 : 00;
4138 : 00;
4139 : 00;
413A : 00;
413B : 00;
413C : 00;
413D : 00;
413E : 00;
413F : 00;
4140 : 00;
4141 : 00;
4142 : 00;
4143 : 00;
4144 : 00;
4145 : 00;
4146 : 00;
4147 : 00;
4148 : 00;
4149 : 00;
414A : 00;
414B : 00;
414C : 00;
414D : 00;
414E : 00;
414F : 00;
4150 : 00;
4151 : 00;
4152 : 00;
4153 : 00;
4154 : 00;
4155 : 00;
4156 : 00;
4157 : 00;
4158 : 00;
4159 : 00;
415A : 00;
415B : 00;
415C : 00;
415D : 00;
415E : 00;
415F : 00;
4160 : 00;
4161 : 00;
4162 : 00;
4163 : 00;
4164 : 00;
4165 : 00;
4166 : 00;
4167 : 00;
4168 : 00;
4169 : 00;
416A : 00;
416B : 00;
416C : 00;
416D : 00;
416E : 00;
416F : 00;
4170 : 00;
4171 : 00;
4172 : 00;
4173 : 00;
4174 : 00;
4175 : 00;
4176 : 00;
4177 : 00;
4178 : 00;
4179 : 00;
417A : 00;
417B : 00;
417C : 00;
417D : 00;
417E : 00;
417F : 00;
4180 : 00;
4181 : 00;
4182 : 00;
4183 : 00;
4184 : 00;
4185 : 00;
4186 : 00;
4187 : 00;
4188 : 00;
4189 : 00;
418A : 00;
418B : 00;
418C : 00;
418D : 00;
418E : 00;
418F : 00;
4190 : 00;
4191 : 00;
4192 : 00;
4193 : 00;
4194 : 00;
4195 : 00;
4196 : 00;
4197 : 00;
4198 : 00;
4199 : 00;
419A : 00;
419B : 00;
419C : 00;
419D : 00;
419E : 00;
419F : 00;
41A0 : 00;
41A1 : 00;
41A2 : 00;
41A3 : 00;
41A4 : 00;
41A5 : 00;
41A6 : 00;
41A7 : 00;
41A8 : 00;
41A9 : 00;
41AA : 00;
41AB : 00;
41AC : 00;
41AD : 00;
41AE : 00;
41AF : 00;
41B0 : 00;
41B1 : 00;
41B2 : 00;
41B3 : 00;
41B4 : 00;
41B5 : 00;
41B6 : 00;
41B7 : 00;
41B8 : 00;
41B9 : 00;
41BA : 00;
41BB : 00;
41BC : 00;
41BD : 00;
41BE : 00;
41BF : 00;
41C0 : 00;
41C1 : 00;
41C2 : 00;
41C3 : 00;
41C4 : 00;
41C5 : 00;
41C6 : 00;
41C7 : 00;
41C8 : 00;
41C9 : 00;
41CA : 00;
41CB : 00;
41CC : 00;
41CD : 00;
41CE : 00;
41CF : 00;
41D0 : 00;
41D1 : 00;
41D2 : 00;
41D3 : 00;
41D4 : 00;
41D5 : 00;
41D6 : 00;
41D7 : 00;
41D8 : 00;
41D9 : 00;
41DA : 00;
41DB : 00;
41DC : 00;
41DD : 00;
41DE : 00;
41DF : 00;
41E0 : 00;
41E1 : 00;
41E2 : 00;
41E3 : 00;
41E4 : 00;
41E5 : 00;
41E6 : 00;
41E7 : 00;
41E8 : 00;
41E9 : 00;
41EA : 00;
41EB : 00;
41EC : 00;
41ED : 00;
41EE : 00;
41EF : 00;
41F0 : 00;
41F1 : 00;
41F2 : 00;
41F3 : 00;
41F4 : 00;
41F5 : 00;
41F6 : 00;
41F7 : 00;
41F8 : 00;
41F9 : 00;
41FA : 00;
41FB : 00;
41FC : 00;
41FD : 00;
41FE : 00;
41FF : 00;
4200 : 00;
4201 : 00;
4202 : 00;
4203 : 00;
4204 : 00;
4205 : 00;
4206 : 00;
4207 : 00;
4208 : 00;
4209 : 00;
420A : 00;
420B : 00;
420C : 00;
420D : 00;
420E : 00;
420F : 00;
4210 : 00;
4211 : 00;
4212 : 00;
4213 : 00;
4214 : 00;
4215 : 00;
4216 : 00;
4217 : 00;
4218 : 00;
4219 : 00;
421A : 00;
421B : 00;
421C : 00;
421D : 00;
421E : 00;
421F : 00;
4220 : 00;
4221 : 00;
4222 : 00;
4223 : 00;
4224 : 00;
4225 : 00;
4226 : 00;
4227 : 00;
4228 : 00;
4229 : 00;
422A : 00;
422B : 00;
422C : 00;
422D : 00;
422E : 00;
422F : 00;
4230 : 00;
4231 : 00;
4232 : 00;
4233 : 00;
4234 : 00;
4235 : 00;
4236 : 00;
4237 : 00;
4238 : 00;
4239 : 00;
423A : 00;
423B : 00;
423C : 00;
423D : 00;
423E : 00;
423F : 00;
4240 : 00;
4241 : 00;
4242 : 00;
4243 : 00;
4244 : 00;
4245 : 00;
4246 : 00;
4247 : 00;
4248 : 00;
4249 : 00;
424A : 00;
424B : 00;
424C : 00;
424D : 00;
424E : 00;
424F : 00;
4250 : 00;
4251 : 00;
4252 : 00;
4253 : 00;
4254 : 00;
4255 : 00;
4256 : 00;
4257 : 00;
4258 : 00;
4259 : 00;
425A : 00;
425B : 00;
425C : 00;
425D : 00;
425E : 00;
425F : 00;
4260 : 00;
4261 : 00;
4262 : 00;
4263 : 00;
4264 : 00;
4265 : 00;
4266 : 00;
4267 : 00;
4268 : 00;
4269 : 00;
426A : 00;
426B : 00;
426C : 00;
426D : 00;
426E : 00;
426F : 00;
4270 : 00;
4271 : 00;
4272 : 00;
4273 : 00;
4274 : 00;
4275 : 00;
4276 : 00;
4277 : 00;
4278 : 00;
4279 : 00;
427A : 00;
427B : 00;
427C : 00;
427D : 00;
427E : 00;
427F : 00;
4280 : 00;
4281 : 00;
4282 : 00;
4283 : 00;
4284 : 00;
4285 : 00;
4286 : 00;
4287 : 00;
4288 : 00;
4289 : 00;
428A : 00;
428B : 00;
428C : 00;
428D : 00;
428E : 00;
428F : 00;
4290 : 00;
4291 : 00;
4292 : 00;
4293 : 00;
4294 : 00;
4295 : 00;
4296 : 00;
4297 : 00;
4298 : 00;
4299 : 00;
429A : 00;
429B : 00;
429C : 00;
429D : 00;
429E : 00;
429F : 00;
42A0 : 00;
42A1 : 00;
42A2 : 00;
42A3 : 00;
42A4 : 00;
42A5 : 00;
42A6 : 00;
42A7 : 00;
42A8 : 00;
42A9 : 00;
42AA : 00;
42AB : 00;
42AC : 00;
42AD : 00;
42AE : 00;
42AF : 00;
42B0 : 00;
42B1 : 00;
42B2 : 00;
42B3 : 00;
42B4 : 00;
42B5 : 00;
42B6 : 00;
42B7 : 00;
42B8 : 00;
42B9 : 00;
42BA : 00;
42BB : 00;
42BC : 00;
42BD : 00;
42BE : 00;
42BF : 00;
42C0 : 00;
42C1 : 00;
42C2 : 00;
42C3 : 00;
42C4 : 00;
42C5 : 00;
42C6 : 00;
42C7 : 00;
42C8 : 00;
42C9 : 00;
42CA : 00;
42CB : 00;
42CC : 00;
42CD : 00;
42CE : 00;
42CF : 00;
42D0 : 00;
42D1 : 00;
42D2 : 00;
42D3 : 00;
42D4 : 00;
42D5 : 00;
42D6 : 00;
42D7 : 00;
42D8 : 00;
42D9 : 00;
42DA : 00;
42DB : 00;
42DC : 00;
42DD : 00;
42DE : 00;
42DF : 00;
42E0 : 00;
42E1 : 00;
42E2 : 00;
42E3 : 00;
42E4 : 00;
42E5 : 00;
42E6 : 00;
42E7 : 00;
42E8 : 00;
42E9 : 00;
42EA : 00;
42EB : 00;
42EC : 00;
42ED : 00;
42EE : 00;
42EF : 00;
42F0 : 00;
42F1 : 00;
42F2 : 00;
42F3 : 00;
42F4 : 00;
42F5 : 00;
42F6 : 00;
42F7 : 00;
42F8 : 00;
42F9 : 00;
42FA : 00;
42FB : 00;
42FC : 00;
42FD : 00;
42FE : 00;
42FF : 00;
4300 : 00;
4301 : 00;
4302 : 00;
4303 : 00;
4304 : 00;
4305 : 00;
4306 : 00;
4307 : 00;
4308 : 00;
4309 : 00;
430A : 00;
430B : 00;
430C : 00;
430D : 00;
430E : 00;
430F : 00;
4310 : 00;
4311 : 00;
4312 : 00;
4313 : 00;
4314 : 00;
4315 : 00;
4316 : 00;
4317 : 00;
4318 : 00;
4319 : 00;
431A : 00;
431B : 00;
431C : 00;
431D : 00;
431E : 00;
431F : 00;
4320 : 00;
4321 : 00;
4322 : 00;
4323 : 00;
4324 : 00;
4325 : 00;
4326 : 00;
4327 : 00;
4328 : 00;
4329 : 00;
432A : 00;
432B : 00;
432C : 00;
432D : 00;
432E : 00;
432F : 00;
4330 : 00;
4331 : 00;
4332 : 00;
4333 : 00;
4334 : 00;
4335 : 00;
4336 : 00;
4337 : 00;
4338 : 00;
4339 : 00;
433A : 00;
433B : 00;
433C : 00;
433D : 00;
433E : 00;
433F : 00;
4340 : 00;
4341 : 00;
4342 : 00;
4343 : 00;
4344 : 00;
4345 : 00;
4346 : 00;
4347 : 00;
4348 : 00;
4349 : 00;
434A : 00;
434B : 00;
434C : 00;
434D : 00;
434E : 00;
434F : 00;
4350 : 00;
4351 : 00;
4352 : 00;
4353 : 00;
4354 : 00;
4355 : 00;
4356 : 00;
4357 : 00;
4358 : 00;
4359 : 00;
435A : 00;
435B : 00;
435C : 00;
435D : 00;
435E : 00;
435F : 00;
4360 : 00;
4361 : 00;
4362 : 00;
4363 : 00;
4364 : 00;
4365 : 00;
4366 : 00;
4367 : 00;
4368 : 00;
4369 : 00;
436A : 00;
436B : 00;
436C : 00;
436D : 00;
436E : 00;
436F : 00;
4370 : 00;
4371 : 00;
4372 : 00;
4373 : 00;
4374 : 00;
4375 : 00;
4376 : 00;
4377 : 00;
4378 : 00;
4379 : 00;
437A : 00;
437B : 00;
437C : 00;
437D : 00;
437E : 00;
437F : 00;
4380 : 00;
4381 : 00;
4382 : 00;
4383 : 00;
4384 : 00;
4385 : 00;
4386 : 00;
4387 : 00;
4388 : 00;
4389 : 00;
438A : 00;
438B : 00;
438C : 00;
438D : 00;
438E : 00;
438F : 00;
4390 : 00;
4391 : 00;
4392 : 00;
4393 : 00;
4394 : 00;
4395 : 00;
4396 : 00;
4397 : 00;
4398 : 00;
4399 : 00;
439A : 00;
439B : 00;
439C : 00;
439D : 00;
439E : 00;
439F : 00;
43A0 : 00;
43A1 : 00;
43A2 : 00;
43A3 : 00;
43A4 : 00;
43A5 : 00;
43A6 : 00;
43A7 : 00;
43A8 : 00;
43A9 : 00;
43AA : 00;
43AB : 00;
43AC : 00;
43AD : 00;
43AE : 00;
43AF : 00;
43B0 : 00;
43B1 : 00;
43B2 : 00;
43B3 : 00;
43B4 : 00;
43B5 : 00;
43B6 : 00;
43B7 : 00;
43B8 : 00;
43B9 : 00;
43BA : 00;
43BB : 00;
43BC : 00;
43BD : 00;
43BE : 00;
43BF : 00;
43C0 : 00;
43C1 : 00;
43C2 : 00;
43C3 : 00;
43C4 : 00;
43C5 : 00;
43C6 : 00;
43C7 : 00;
43C8 : 00;
43C9 : 00;
43CA : 00;
43CB : 00;
43CC : 00;
43CD : 00;
43CE : 00;
43CF : 00;
43D0 : 00;
43D1 : 00;
43D2 : 00;
43D3 : 00;
43D4 : 00;
43D5 : 00;
43D6 : 00;
43D7 : 00;
43D8 : 00;
43D9 : 00;
43DA : 00;
43DB : 00;
43DC : 00;
43DD : 00;
43DE : 00;
43DF : 00;
43E0 : 00;
43E1 : 00;
43E2 : 00;
43E3 : 00;
43E4 : 00;
43E5 : 00;
43E6 : 00;
43E7 : 00;
43E8 : 00;
43E9 : 00;
43EA : 00;
43EB : 00;
43EC : 00;
43ED : 00;
43EE : 00;
43EF : 00;
43F0 : 00;
43F1 : 00;
43F2 : 00;
43F3 : 00;
43F4 : 00;
43F5 : 00;
43F6 : 00;
43F7 : 00;
43F8 : 00;
43F9 : 00;
43FA : 00;
43FB : 00;
43FC : 00;
43FD : 00;
43FE : 00;
43FF : 00;
4400 : 00;
4401 : 00;
4402 : 00;
4403 : 00;
4404 : 00;
4405 : 00;
4406 : 00;
4407 : 00;
4408 : 00;
4409 : 00;
440A : 00;
440B : 00;
440C : 00;
440D : 00;
440E : 00;
440F : 00;
4410 : 00;
4411 : 00;
4412 : 00;
4413 : 00;
4414 : 00;
4415 : 00;
4416 : 00;
4417 : 00;
4418 : 00;
4419 : 00;
441A : 00;
441B : 00;
441C : 00;
441D : 00;
441E : 00;
441F : 00;
4420 : 00;
4421 : 00;
4422 : 00;
4423 : 00;
4424 : 00;
4425 : 00;
4426 : 00;
4427 : 00;
4428 : 00;
4429 : 00;
442A : 00;
442B : 00;
442C : 00;
442D : 00;
442E : 00;
442F : 00;
4430 : 00;
4431 : 00;
4432 : 00;
4433 : 00;
4434 : 00;
4435 : 00;
4436 : 00;
4437 : 00;
4438 : 00;
4439 : 00;
443A : 00;
443B : 00;
443C : 00;
443D : 00;
443E : 00;
443F : 00;
4440 : 00;
4441 : 00;
4442 : 00;
4443 : 00;
4444 : 00;
4445 : 00;
4446 : 00;
4447 : 00;
4448 : 00;
4449 : 00;
444A : 00;
444B : 00;
444C : 00;
444D : 00;
444E : 00;
444F : 00;
4450 : 00;
4451 : 00;
4452 : 00;
4453 : 00;
4454 : 00;
4455 : 00;
4456 : 00;
4457 : 00;
4458 : 00;
4459 : 00;
445A : 00;
445B : 00;
445C : 00;
445D : 00;
445E : 00;
445F : 00;
4460 : 00;
4461 : 00;
4462 : 00;
4463 : 00;
4464 : 00;
4465 : 00;
4466 : 00;
4467 : 00;
4468 : 00;
4469 : 00;
446A : 00;
446B : 00;
446C : 00;
446D : 00;
446E : 00;
446F : 00;
4470 : 00;
4471 : 00;
4472 : 00;
4473 : 00;
4474 : 00;
4475 : 00;
4476 : 00;
4477 : 00;
4478 : 00;
4479 : 00;
447A : 00;
447B : 00;
447C : 00;
447D : 00;
447E : 00;
447F : 00;
4480 : 00;
4481 : 00;
4482 : 00;
4483 : 00;
4484 : 00;
4485 : 00;
4486 : 00;
4487 : 00;
4488 : 00;
4489 : 00;
448A : 00;
448B : 00;
448C : 00;
448D : 00;
448E : 00;
448F : 00;
4490 : 00;
4491 : 00;
4492 : 00;
4493 : 00;
4494 : 00;
4495 : 00;
4496 : 00;
4497 : 00;
4498 : 00;
4499 : 00;
449A : 00;
449B : 00;
449C : 00;
449D : 00;
449E : 00;
449F : 00;
44A0 : 00;
44A1 : 00;
44A2 : 00;
44A3 : 00;
44A4 : 00;
44A5 : 00;
44A6 : 00;
44A7 : 00;
44A8 : 00;
44A9 : 00;
44AA : 00;
44AB : 00;
44AC : 00;
44AD : 00;
44AE : 00;
44AF : 00;
44B0 : 00;
44B1 : 00;
44B2 : 00;
44B3 : 00;
44B4 : 00;
44B5 : 00;
44B6 : 00;
44B7 : 00;
44B8 : 00;
44B9 : 00;
44BA : 00;
44BB : 00;
44BC : 00;
44BD : 00;
44BE : 00;
44BF : 00;
44C0 : 00;
44C1 : 00;
44C2 : 00;
44C3 : 00;
44C4 : 00;
44C5 : 00;
44C6 : 00;
44C7 : 00;
44C8 : 00;
44C9 : 00;
44CA : 00;
44CB : 00;
44CC : 00;
44CD : 00;
44CE : 00;
44CF : 00;
44D0 : 00;
44D1 : 00;
44D2 : 00;
44D3 : 00;
44D4 : 00;
44D5 : 00;
44D6 : 00;
44D7 : 00;
44D8 : 00;
44D9 : 00;
44DA : 00;
44DB : 00;
44DC : 00;
44DD : 00;
44DE : 00;
44DF : 00;
44E0 : 00;
44E1 : 00;
44E2 : 00;
44E3 : 00;
44E4 : 00;
44E5 : 00;
44E6 : 00;
44E7 : 00;
44E8 : 00;
44E9 : 00;
44EA : 00;
44EB : 00;
44EC : 00;
44ED : 00;
44EE : 00;
44EF : 00;
44F0 : 00;
44F1 : 00;
44F2 : 00;
44F3 : 00;
44F4 : 00;
44F5 : 00;
44F6 : 00;
44F7 : 00;
44F8 : 00;
44F9 : 00;
44FA : 00;
44FB : 00;
44FC : 00;
44FD : 00;
44FE : 00;
44FF : 00;
4500 : 00;
4501 : 00;
4502 : 00;
4503 : 00;
4504 : 00;
4505 : 00;
4506 : 00;
4507 : 00;
4508 : 00;
4509 : 00;
450A : 00;
450B : 00;
450C : 00;
450D : 00;
450E : 00;
450F : 00;
4510 : 00;
4511 : 00;
4512 : 00;
4513 : 00;
4514 : 00;
4515 : 00;
4516 : 00;
4517 : 00;
4518 : 00;
4519 : 00;
451A : 00;
451B : 00;
451C : 00;
451D : 00;
451E : 00;
451F : 00;
4520 : 00;
4521 : 00;
4522 : 00;
4523 : 00;
4524 : 00;
4525 : 00;
4526 : 00;
4527 : 00;
4528 : 00;
4529 : 00;
452A : 00;
452B : 00;
452C : 00;
452D : 00;
452E : 00;
452F : 00;
4530 : 00;
4531 : 00;
4532 : 00;
4533 : 00;
4534 : 00;
4535 : 00;
4536 : 00;
4537 : 00;
4538 : 00;
4539 : 00;
453A : 00;
453B : 00;
453C : 00;
453D : 00;
453E : 00;
453F : 00;
4540 : 00;
4541 : 00;
4542 : 00;
4543 : 00;
4544 : 00;
4545 : 00;
4546 : 00;
4547 : 00;
4548 : 00;
4549 : 00;
454A : 00;
454B : 00;
454C : 00;
454D : 00;
454E : 00;
454F : 00;
4550 : 00;
4551 : 00;
4552 : 00;
4553 : 00;
4554 : 00;
4555 : 00;
4556 : 00;
4557 : 00;
4558 : 00;
4559 : 00;
455A : 00;
455B : 00;
455C : 00;
455D : 00;
455E : 00;
455F : 00;
4560 : 00;
4561 : 00;
4562 : 00;
4563 : 00;
4564 : 00;
4565 : 00;
4566 : 00;
4567 : 00;
4568 : 00;
4569 : 00;
456A : 00;
456B : 00;
456C : 00;
456D : 00;
456E : 00;
456F : 00;
4570 : 00;
4571 : 00;
4572 : 00;
4573 : 00;
4574 : 00;
4575 : 00;
4576 : 00;
4577 : 00;
4578 : 00;
4579 : 00;
457A : 00;
457B : 00;
457C : 00;
457D : 00;
457E : 00;
457F : 00;
4580 : 00;
4581 : 00;
4582 : 00;
4583 : 00;
4584 : 00;
4585 : 00;
4586 : 00;
4587 : 00;
4588 : 00;
4589 : 00;
458A : 00;
458B : 00;
458C : 00;
458D : 00;
458E : 00;
458F : 00;
4590 : 00;
4591 : 00;
4592 : 00;
4593 : 00;
4594 : 00;
4595 : 00;
4596 : 00;
4597 : 00;
4598 : 00;
4599 : 00;
459A : 00;
459B : 00;
459C : 00;
459D : 00;
459E : 00;
459F : 00;
45A0 : 00;
45A1 : 00;
45A2 : 00;
45A3 : 00;
45A4 : 00;
45A5 : 00;
45A6 : 00;
45A7 : 00;
45A8 : 00;
45A9 : 00;
45AA : 00;
45AB : 00;
45AC : 00;
45AD : 00;
45AE : 00;
45AF : 00;
45B0 : 00;
45B1 : 00;
45B2 : 00;
45B3 : 00;
45B4 : 00;
45B5 : 00;
45B6 : 00;
45B7 : 00;
45B8 : 00;
45B9 : 00;
45BA : 00;
45BB : 00;
45BC : 00;
45BD : 00;
45BE : 00;
45BF : 00;
45C0 : 00;
45C1 : 00;
45C2 : 00;
45C3 : 00;
45C4 : 00;
45C5 : 00;
45C6 : 00;
45C7 : 00;
45C8 : 00;
45C9 : 00;
45CA : 00;
45CB : 00;
45CC : 00;
45CD : 00;
45CE : 00;
45CF : 00;
45D0 : 00;
45D1 : 00;
45D2 : 00;
45D3 : 00;
45D4 : 00;
45D5 : 00;
45D6 : 00;
45D7 : 00;
45D8 : 00;
45D9 : 00;
45DA : 00;
45DB : 00;
45DC : 00;
45DD : 00;
45DE : 00;
45DF : 00;
45E0 : 00;
45E1 : 00;
45E2 : 00;
45E3 : 00;
45E4 : 00;
45E5 : 00;
45E6 : 00;
45E7 : 00;
45E8 : 00;
45E9 : 00;
45EA : 00;
45EB : 00;
45EC : 00;
45ED : 00;
45EE : 00;
45EF : 00;
45F0 : 00;
45F1 : 00;
45F2 : 00;
45F3 : 00;
45F4 : 00;
45F5 : 00;
45F6 : 00;
45F7 : 00;
45F8 : 00;
45F9 : 00;
45FA : 00;
45FB : 00;
45FC : 00;
45FD : 00;
45FE : 00;
45FF : 00;
4600 : 00;
4601 : 00;
4602 : 00;
4603 : 00;
4604 : 00;
4605 : 00;
4606 : 00;
4607 : 00;
4608 : 00;
4609 : 00;
460A : 00;
460B : 00;
460C : 00;
460D : 00;
460E : 00;
460F : 00;
4610 : 00;
4611 : 00;
4612 : 00;
4613 : 00;
4614 : 00;
4615 : 00;
4616 : 00;
4617 : 00;
4618 : 00;
4619 : 00;
461A : 00;
461B : 00;
461C : 00;
461D : 00;
461E : 00;
461F : 00;
4620 : 00;
4621 : 00;
4622 : 00;
4623 : 00;
4624 : 00;
4625 : 00;
4626 : 00;
4627 : 00;
4628 : 00;
4629 : 00;
462A : 00;
462B : 00;
462C : 00;
462D : 00;
462E : 00;
462F : 00;
4630 : 00;
4631 : 00;
4632 : 00;
4633 : 00;
4634 : 00;
4635 : 00;
4636 : 00;
4637 : 00;
4638 : 00;
4639 : 00;
463A : 00;
463B : 00;
463C : 00;
463D : 00;
463E : 00;
463F : 00;
4640 : 00;
4641 : 00;
4642 : 00;
4643 : 00;
4644 : 00;
4645 : 00;
4646 : 00;
4647 : 00;
4648 : 00;
4649 : 00;
464A : 00;
464B : 00;
464C : 00;
464D : 00;
464E : 00;
464F : 00;
4650 : 00;
4651 : 00;
4652 : 00;
4653 : 00;
4654 : 00;
4655 : 00;
4656 : 00;
4657 : 00;
4658 : 00;
4659 : 00;
465A : 00;
465B : 00;
465C : 00;
465D : 00;
465E : 00;
465F : 00;
4660 : 00;
4661 : 00;
4662 : 00;
4663 : 00;
4664 : 00;
4665 : 00;
4666 : 00;
4667 : 00;
4668 : 00;
4669 : 00;
466A : 00;
466B : 00;
466C : 00;
466D : 00;
466E : 00;
466F : 00;
4670 : 00;
4671 : 00;
4672 : 00;
4673 : 00;
4674 : 00;
4675 : 00;
4676 : 00;
4677 : 00;
4678 : 00;
4679 : 00;
467A : 00;
467B : 00;
467C : 00;
467D : 00;
467E : 00;
467F : 00;
4680 : 00;
4681 : 00;
4682 : 00;
4683 : 00;
4684 : 00;
4685 : 00;
4686 : 00;
4687 : 00;
4688 : 00;
4689 : 00;
468A : 00;
468B : 00;
468C : 00;
468D : 00;
468E : 00;
468F : 00;
4690 : 00;
4691 : 00;
4692 : 00;
4693 : 00;
4694 : 00;
4695 : 00;
4696 : 00;
4697 : 00;
4698 : 00;
4699 : 00;
469A : 00;
469B : 00;
469C : 00;
469D : 00;
469E : 00;
469F : 00;
46A0 : 00;
46A1 : 00;
46A2 : 00;
46A3 : 00;
46A4 : 00;
46A5 : 00;
46A6 : 00;
46A7 : 00;
46A8 : 00;
46A9 : 00;
46AA : 00;
46AB : 00;
46AC : 00;
46AD : 00;
46AE : 00;
46AF : 00;
46B0 : 00;
46B1 : 00;
46B2 : 00;
46B3 : 00;
46B4 : 00;
46B5 : 00;
46B6 : 00;
46B7 : 00;
46B8 : 00;
46B9 : 00;
46BA : 00;
46BB : 00;
46BC : 00;
46BD : 00;
46BE : 00;
46BF : 00;
46C0 : 00;
46C1 : 00;
46C2 : 00;
46C3 : 00;
46C4 : 00;
46C5 : 00;
46C6 : 00;
46C7 : 00;
46C8 : 00;
46C9 : 00;
46CA : 00;
46CB : 00;
46CC : 00;
46CD : 00;
46CE : 00;
46CF : 00;
46D0 : 00;
46D1 : 00;
46D2 : 00;
46D3 : 00;
46D4 : 00;
46D5 : 00;
46D6 : 00;
46D7 : 00;
46D8 : 00;
46D9 : 00;
46DA : 00;
46DB : 00;
46DC : 00;
46DD : 00;
46DE : 00;
46DF : 00;
46E0 : 00;
46E1 : 00;
46E2 : 00;
46E3 : 00;
46E4 : 00;
46E5 : 00;
46E6 : 00;
46E7 : 00;
46E8 : 00;
46E9 : 00;
46EA : 00;
46EB : 00;
46EC : 00;
46ED : 00;
46EE : 00;
46EF : 00;
46F0 : 00;
46F1 : 00;
46F2 : 00;
46F3 : 00;
46F4 : 00;
46F5 : 00;
46F6 : 00;
46F7 : 00;
46F8 : 00;
46F9 : 00;
46FA : 00;
46FB : 00;
46FC : 00;
46FD : 00;
46FE : 00;
46FF : 00;
4700 : 00;
4701 : 00;
4702 : 00;
4703 : 00;
4704 : 00;
4705 : 00;
4706 : 00;
4707 : 00;
4708 : 00;
4709 : 00;
470A : 00;
470B : 00;
470C : 00;
470D : 00;
470E : 00;
470F : 00;
4710 : 00;
4711 : 00;
4712 : 00;
4713 : 00;
4714 : 00;
4715 : 00;
4716 : 00;
4717 : 00;
4718 : 00;
4719 : 00;
471A : 00;
471B : 00;
471C : 00;
471D : 00;
471E : 00;
471F : 00;
4720 : 00;
4721 : 00;
4722 : 00;
4723 : 00;
4724 : 00;
4725 : 00;
4726 : 00;
4727 : 00;
4728 : 00;
4729 : 00;
472A : 00;
472B : 00;
472C : 00;
472D : 00;
472E : 00;
472F : 00;
4730 : 00;
4731 : 00;
4732 : 00;
4733 : 00;
4734 : 00;
4735 : 00;
4736 : 00;
4737 : 00;
4738 : 00;
4739 : 00;
473A : 00;
473B : 00;
473C : 00;
473D : 00;
473E : 00;
473F : 00;
4740 : 00;
4741 : 00;
4742 : 00;
4743 : 00;
4744 : 00;
4745 : 00;
4746 : 00;
4747 : 00;
4748 : 00;
4749 : 00;
474A : 00;
474B : 00;
474C : 00;
474D : 00;
474E : 00;
474F : 00;
4750 : 00;
4751 : 00;
4752 : 00;
4753 : 00;
4754 : 00;
4755 : 00;
4756 : 00;
4757 : 00;
4758 : 00;
4759 : 00;
475A : 00;
475B : 00;
475C : 00;
475D : 00;
475E : 00;
475F : 00;
4760 : 00;
4761 : 00;
4762 : 00;
4763 : 00;
4764 : 00;
4765 : 00;
4766 : 00;
4767 : 00;
4768 : 00;
4769 : 00;
476A : 00;
476B : 00;
476C : 00;
476D : 00;
476E : 00;
476F : 00;
4770 : 00;
4771 : 00;
4772 : 00;
4773 : 00;
4774 : 00;
4775 : 00;
4776 : 00;
4777 : 00;
4778 : 00;
4779 : 00;
477A : 00;
477B : 00;
477C : 00;
477D : 00;
477E : 00;
477F : 00;
4780 : 00;
4781 : 00;
4782 : 00;
4783 : 00;
4784 : 00;
4785 : 00;
4786 : 00;
4787 : 00;
4788 : 00;
4789 : 00;
478A : 00;
478B : 00;
478C : 00;
478D : 00;
478E : 00;
478F : 00;
4790 : 00;
4791 : 00;
4792 : 00;
4793 : 00;
4794 : 00;
4795 : 00;
4796 : 00;
4797 : 00;
4798 : 00;
4799 : 00;
479A : 00;
479B : 00;
479C : 00;
479D : 00;
479E : 00;
479F : 00;
47A0 : 00;
47A1 : 00;
47A2 : 00;
47A3 : 00;
47A4 : 00;
47A5 : 00;
47A6 : 00;
47A7 : 00;
47A8 : 00;
47A9 : 00;
47AA : 00;
47AB : 00;
47AC : 00;
47AD : 00;
47AE : 00;
47AF : 00;
47B0 : 00;
47B1 : 00;
47B2 : 00;
47B3 : 00;
47B4 : 00;
47B5 : 00;
47B6 : 00;
47B7 : 00;
47B8 : 00;
47B9 : 00;
47BA : 00;
47BB : 00;
47BC : 00;
47BD : 00;
47BE : 00;
47BF : 00;
47C0 : 00;
47C1 : 00;
47C2 : 00;
47C3 : 00;
47C4 : 00;
47C5 : 00;
47C6 : 00;
47C7 : 00;
47C8 : 00;
47C9 : 00;
47CA : 00;
47CB : 00;
47CC : 00;
47CD : 00;
47CE : 00;
47CF : 00;
47D0 : 00;
47D1 : 00;
47D2 : 00;
47D3 : 00;
47D4 : 00;
47D5 : 00;
47D6 : 00;
47D7 : 00;
47D8 : 00;
47D9 : 00;
47DA : 00;
47DB : 00;
47DC : 00;
47DD : 00;
47DE : 00;
47DF : 00;
47E0 : 00;
47E1 : 00;
47E2 : 00;
47E3 : 00;
47E4 : 00;
47E5 : 00;
47E6 : 00;
47E7 : 00;
47E8 : 00;
47E9 : 00;
47EA : 00;
47EB : 00;
47EC : 00;
47ED : 00;
47EE : 00;
47EF : 00;
47F0 : 00;
47F1 : 00;
47F2 : 00;
47F3 : 00;
47F4 : 00;
47F5 : 00;
47F6 : 00;
47F7 : 00;
47F8 : 00;
47F9 : 00;
47FA : 00;
47FB : 00;
47FC : 00;
47FD : 00;
47FE : 00;
47FF : 00;
4800 : 00;
4801 : 00;
4802 : 00;
4803 : 00;
4804 : 00;
4805 : 00;
4806 : 00;
4807 : 00;
4808 : 00;
4809 : 00;
480A : 00;
480B : 00;
480C : 00;
480D : 00;
480E : 00;
480F : 00;
4810 : 00;
4811 : 00;
4812 : 00;
4813 : 00;
4814 : 00;
4815 : 00;
4816 : 00;
4817 : 00;
4818 : 00;
4819 : 00;
481A : 00;
481B : 00;
481C : 00;
481D : 00;
481E : 00;
481F : 00;
4820 : 00;
4821 : 00;
4822 : 00;
4823 : 00;
4824 : 00;
4825 : 00;
4826 : 00;
4827 : 00;
4828 : 00;
4829 : 00;
482A : 00;
482B : 00;
482C : 00;
482D : 00;
482E : 00;
482F : 00;
4830 : 00;
4831 : 00;
4832 : 00;
4833 : 00;
4834 : 00;
4835 : 00;
4836 : 00;
4837 : 00;
4838 : 00;
4839 : 00;
483A : 00;
483B : 00;
483C : 00;
483D : 00;
483E : 00;
483F : 00;
4840 : 00;
4841 : 00;
4842 : 00;
4843 : 00;
4844 : 00;
4845 : 00;
4846 : 00;
4847 : 00;
4848 : 00;
4849 : 00;
484A : 00;
484B : 00;
484C : 00;
484D : 00;
484E : 00;
484F : 00;
4850 : 00;
4851 : 00;
4852 : 00;
4853 : 00;
4854 : 00;
4855 : 00;
4856 : 00;
4857 : 00;
4858 : 00;
4859 : 00;
485A : 00;
485B : 00;
485C : 00;
485D : 00;
485E : 00;
485F : 00;
4860 : 00;
4861 : 00;
4862 : 00;
4863 : 00;
4864 : 00;
4865 : 00;
4866 : 00;
4867 : 00;
4868 : 00;
4869 : 00;
486A : 00;
486B : 00;
486C : 00;
486D : 00;
486E : 00;
486F : 00;
4870 : 00;
4871 : 00;
4872 : 00;
4873 : 00;
4874 : 00;
4875 : 00;
4876 : 00;
4877 : 00;
4878 : 00;
4879 : 00;
487A : 00;
487B : 00;
487C : 00;
487D : 00;
487E : 00;
487F : 00;
4880 : 00;
4881 : 00;
4882 : 00;
4883 : 00;
4884 : 00;
4885 : 00;
4886 : 00;
4887 : 00;
4888 : 00;
4889 : 00;
488A : 00;
488B : 00;
488C : 00;
488D : 00;
488E : 00;
488F : 00;
4890 : 00;
4891 : 00;
4892 : 00;
4893 : 00;
4894 : 00;
4895 : 00;
4896 : 00;
4897 : 00;
4898 : 00;
4899 : 00;
489A : 00;
489B : 00;
489C : 00;
489D : 00;
489E : 00;
489F : 00;
48A0 : 00;
48A1 : 00;
48A2 : 00;
48A3 : 00;
48A4 : 00;
48A5 : 00;
48A6 : 00;
48A7 : 00;
48A8 : 00;
48A9 : 00;
48AA : 00;
48AB : 00;
48AC : 00;
48AD : 00;
48AE : 00;
48AF : 00;
48B0 : 00;
48B1 : 00;
48B2 : 00;
48B3 : 00;
48B4 : 00;
48B5 : 00;
48B6 : 00;
48B7 : 00;
48B8 : 00;
48B9 : 00;
48BA : 00;
48BB : 00;
48BC : 00;
48BD : 00;
48BE : 00;
48BF : 00;
48C0 : 00;
48C1 : 00;
48C2 : 00;
48C3 : 00;
48C4 : 00;
48C5 : 00;
48C6 : 00;
48C7 : 00;
48C8 : 00;
48C9 : 00;
48CA : 00;
48CB : 00;
48CC : 00;
48CD : 00;
48CE : 00;
48CF : 00;
48D0 : 00;
48D1 : 00;
48D2 : 00;
48D3 : 00;
48D4 : 00;
48D5 : 00;
48D6 : 00;
48D7 : 00;
48D8 : 00;
48D9 : 00;
48DA : 00;
48DB : 00;
48DC : 00;
48DD : 00;
48DE : 00;
48DF : 00;
48E0 : 00;
48E1 : 00;
48E2 : 00;
48E3 : 00;
48E4 : 00;
48E5 : 00;
48E6 : 00;
48E7 : 00;
48E8 : 00;
48E9 : 00;
48EA : 00;
48EB : 00;
48EC : 00;
48ED : 00;
48EE : 00;
48EF : 00;
48F0 : 00;
48F1 : 00;
48F2 : 00;
48F3 : 00;
48F4 : 00;
48F5 : 00;
48F6 : 00;
48F7 : 00;
48F8 : 00;
48F9 : 00;
48FA : 00;
48FB : 00;
48FC : 00;
48FD : 00;
48FE : 00;
48FF : 00;
4900 : 00;
4901 : 00;
4902 : 00;
4903 : 00;
4904 : 00;
4905 : 00;
4906 : 00;
4907 : 00;
4908 : 00;
4909 : 00;
490A : 00;
490B : 00;
490C : 00;
490D : 00;
490E : 00;
490F : 00;
4910 : 00;
4911 : 00;
4912 : 00;
4913 : 00;
4914 : 00;
4915 : 00;
4916 : 00;
4917 : 00;
4918 : 00;
4919 : 00;
491A : 00;
491B : 00;
491C : 00;
491D : 00;
491E : 00;
491F : 00;
4920 : 00;
4921 : 00;
4922 : 00;
4923 : 00;
4924 : 00;
4925 : 00;
4926 : 00;
4927 : 00;
4928 : 00;
4929 : 00;
492A : 00;
492B : 00;
492C : 00;
492D : 00;
492E : 00;
492F : 00;
4930 : 00;
4931 : 00;
4932 : 00;
4933 : 00;
4934 : 00;
4935 : 00;
4936 : 00;
4937 : 00;
4938 : 00;
4939 : 00;
493A : 00;
493B : 00;
493C : 00;
493D : 00;
493E : 00;
493F : 00;
4940 : 00;
4941 : 00;
4942 : 00;
4943 : 00;
4944 : 00;
4945 : 00;
4946 : 00;
4947 : 00;
4948 : 00;
4949 : 00;
494A : 00;
494B : 00;
494C : 00;
494D : 00;
494E : 00;
494F : 00;
4950 : 00;
4951 : 00;
4952 : 00;
4953 : 00;
4954 : 00;
4955 : 00;
4956 : 00;
4957 : 00;
4958 : 00;
4959 : 00;
495A : 00;
495B : 00;
495C : 00;
495D : 00;
495E : 00;
495F : 00;
4960 : 00;
4961 : 00;
4962 : 00;
4963 : 00;
4964 : 00;
4965 : 00;
4966 : 00;
4967 : 00;
4968 : 00;
4969 : 00;
496A : 00;
496B : 00;
496C : 00;
496D : 00;
496E : 00;
496F : 00;
4970 : 00;
4971 : 00;
4972 : 00;
4973 : 00;
4974 : 00;
4975 : 00;
4976 : 00;
4977 : 00;
4978 : 00;
4979 : 00;
497A : 00;
497B : 00;
497C : 00;
497D : 00;
497E : 00;
497F : 00;
4980 : 00;
4981 : 00;
4982 : 00;
4983 : 00;
4984 : 00;
4985 : 00;
4986 : 00;
4987 : 00;
4988 : 00;
4989 : 00;
498A : 00;
498B : 00;
498C : 00;
498D : 00;
498E : 00;
498F : 00;
4990 : 00;
4991 : 00;
4992 : 00;
4993 : 00;
4994 : 00;
4995 : 00;
4996 : 00;
4997 : 00;
4998 : 00;
4999 : 00;
499A : 00;
499B : 00;
499C : 00;
499D : 00;
499E : 00;
499F : 00;
49A0 : 00;
49A1 : 00;
49A2 : 00;
49A3 : 00;
49A4 : 00;
49A5 : 00;
49A6 : 00;
49A7 : 00;
49A8 : 00;
49A9 : 00;
49AA : 00;
49AB : 00;
49AC : 00;
49AD : 00;
49AE : 00;
49AF : 00;
49B0 : 00;
49B1 : 00;
49B2 : 00;
49B3 : 00;
49B4 : 00;
49B5 : 00;
49B6 : 00;
49B7 : 00;
49B8 : 00;
49B9 : 00;
49BA : 00;
49BB : 00;
49BC : 00;
49BD : 00;
49BE : 00;
49BF : 00;
49C0 : 00;
49C1 : 00;
49C2 : 00;
49C3 : 00;
49C4 : 00;
49C5 : 00;
49C6 : 00;
49C7 : 00;
49C8 : 00;
49C9 : 00;
49CA : 00;
49CB : 00;
49CC : 00;
49CD : 00;
49CE : 00;
49CF : 00;
49D0 : 00;
49D1 : 00;
49D2 : 00;
49D3 : 00;
49D4 : 00;
49D5 : 00;
49D6 : 00;
49D7 : 00;
49D8 : 00;
49D9 : 00;
49DA : 00;
49DB : 00;
49DC : 00;
49DD : 00;
49DE : 00;
49DF : 00;
49E0 : 00;
49E1 : 00;
49E2 : 00;
49E3 : 00;
49E4 : 00;
49E5 : 00;
49E6 : 00;
49E7 : 00;
49E8 : 00;
49E9 : 00;
49EA : 00;
49EB : 00;
49EC : 00;
49ED : 00;
49EE : 00;
49EF : 00;
49F0 : 00;
49F1 : 00;
49F2 : 00;
49F3 : 00;
49F4 : 00;
49F5 : 00;
49F6 : 00;
49F7 : 00;
49F8 : 00;
49F9 : 00;
49FA : 00;
49FB : 00;
49FC : 00;
49FD : 00;
49FE : 00;
49FF : 00;
4A00 : 00;
4A01 : 00;
4A02 : 00;
4A03 : 00;
4A04 : 00;
4A05 : 00;
4A06 : 00;
4A07 : 00;
4A08 : 00;
4A09 : 00;
4A0A : 00;
4A0B : 00;
4A0C : 00;
4A0D : 00;
4A0E : 00;
4A0F : 00;
4A10 : 00;
4A11 : 00;
4A12 : 00;
4A13 : 00;
4A14 : 00;
4A15 : 00;
4A16 : 00;
4A17 : 00;
4A18 : 00;
4A19 : 00;
4A1A : 00;
4A1B : 00;
4A1C : 00;
4A1D : 00;
4A1E : 00;
4A1F : 00;
4A20 : 00;
4A21 : 00;
4A22 : 00;
4A23 : 00;
4A24 : 00;
4A25 : 00;
4A26 : 00;
4A27 : 00;
4A28 : 00;
4A29 : 00;
4A2A : 00;
4A2B : 00;
4A2C : 00;
4A2D : 00;
4A2E : 00;
4A2F : 00;
4A30 : 00;
4A31 : 00;
4A32 : 00;
4A33 : 00;
4A34 : 00;
4A35 : 00;
4A36 : 00;
4A37 : 00;
4A38 : 00;
4A39 : 00;
4A3A : 00;
4A3B : 00;
4A3C : 00;
4A3D : 00;
4A3E : 00;
4A3F : 00;
4A40 : 00;
4A41 : 00;
4A42 : 00;
4A43 : 00;
4A44 : 00;
4A45 : 00;
4A46 : 00;
4A47 : 00;
4A48 : 00;
4A49 : 00;
4A4A : 00;
4A4B : 00;
4A4C : 00;
4A4D : 00;
4A4E : 00;
4A4F : 00;
4A50 : 00;
4A51 : 00;
4A52 : 00;
4A53 : 00;
4A54 : 00;
4A55 : 00;
4A56 : 00;
4A57 : 00;
4A58 : 00;
4A59 : 00;
4A5A : 00;
4A5B : 00;
4A5C : 00;
4A5D : 00;
4A5E : 00;
4A5F : 00;
4A60 : 00;
4A61 : 00;
4A62 : 00;
4A63 : 00;
4A64 : 00;
4A65 : 00;
4A66 : 00;
4A67 : 00;
4A68 : 00;
4A69 : 00;
4A6A : 00;
4A6B : 00;
4A6C : 00;
4A6D : 00;
4A6E : 00;
4A6F : 00;
4A70 : 00;
4A71 : 00;
4A72 : 00;
4A73 : 00;
4A74 : 00;
4A75 : 00;
4A76 : 00;
4A77 : 00;
4A78 : 00;
4A79 : 00;
4A7A : 00;
4A7B : 00;
4A7C : 00;
4A7D : 00;
4A7E : 00;
4A7F : 00;
4A80 : 00;
4A81 : 00;
4A82 : 00;
4A83 : 00;
4A84 : 00;
4A85 : 00;
4A86 : 00;
4A87 : 00;
4A88 : 00;
4A89 : 00;
4A8A : 00;
4A8B : 00;
4A8C : 00;
4A8D : 00;
4A8E : 00;
4A8F : 00;
4A90 : 00;
4A91 : 00;
4A92 : 00;
4A93 : 00;
4A94 : 00;
4A95 : 00;
4A96 : 00;
4A97 : 00;
4A98 : 00;
4A99 : 00;
4A9A : 00;
4A9B : 00;
4A9C : 00;
4A9D : 00;
4A9E : 00;
4A9F : 00;
4AA0 : 00;
4AA1 : 00;
4AA2 : 00;
4AA3 : 00;
4AA4 : 00;
4AA5 : 00;
4AA6 : 00;
4AA7 : 00;
4AA8 : 00;
4AA9 : 00;
4AAA : 00;
4AAB : 00;
4AAC : 00;
4AAD : 00;
4AAE : 00;
4AAF : 00;
4AB0 : 00;
4AB1 : 00;
4AB2 : 00;
4AB3 : 00;
4AB4 : 00;
4AB5 : 00;
4AB6 : 00;
4AB7 : 00;
4AB8 : 00;
4AB9 : 00;
4ABA : 00;
4ABB : 00;
4ABC : 00;
4ABD : 00;
4ABE : 00;
4ABF : 00;
4AC0 : 00;
4AC1 : 00;
4AC2 : 00;
4AC3 : 00;
4AC4 : 00;
4AC5 : 00;
4AC6 : 00;
4AC7 : 00;
4AC8 : 00;
4AC9 : 00;
4ACA : 00;
4ACB : 00;
4ACC : 00;
4ACD : 00;
4ACE : 00;
4ACF : 00;
4AD0 : 00;
4AD1 : 00;
4AD2 : 00;
4AD3 : 00;
4AD4 : 00;
4AD5 : 00;
4AD6 : 00;
4AD7 : 00;
4AD8 : 00;
4AD9 : 00;
4ADA : 00;
4ADB : 00;
4ADC : 00;
4ADD : 00;
4ADE : 00;
4ADF : 00;
4AE0 : 00;
4AE1 : 00;
4AE2 : 00;
4AE3 : 00;
4AE4 : 00;
4AE5 : 00;
4AE6 : 00;
4AE7 : 00;
4AE8 : 00;
4AE9 : 00;
4AEA : 00;
4AEB : 00;
4AEC : 00;
4AED : 00;
4AEE : 00;
4AEF : 00;
4AF0 : 00;
4AF1 : 00;
4AF2 : 00;
4AF3 : 00;
4AF4 : 00;
4AF5 : 00;
4AF6 : 00;
4AF7 : 00;
4AF8 : 00;
4AF9 : 00;
4AFA : 00;
4AFB : 00;
4AFC : 00;
4AFD : 00;
4AFE : 00;
4AFF : 00;
4B00 : 00;
4B01 : 00;
4B02 : 00;
4B03 : 00;
4B04 : 00;
4B05 : 00;
4B06 : 00;
4B07 : 00;
4B08 : 00;
4B09 : 00;
4B0A : 00;
4B0B : 00;
4B0C : 00;
4B0D : 00;
4B0E : 00;
4B0F : 00;
4B10 : 00;
4B11 : 00;
4B12 : 00;
4B13 : 00;
4B14 : 00;
4B15 : 00;
4B16 : 00;
4B17 : 00;
4B18 : 00;
4B19 : 00;
4B1A : 00;
4B1B : 00;
4B1C : 00;
4B1D : 00;
4B1E : 00;
4B1F : 00;
4B20 : 00;
4B21 : 00;
4B22 : 00;
4B23 : 00;
4B24 : 00;
4B25 : 00;
4B26 : 00;
4B27 : 00;
4B28 : 00;
4B29 : 00;
4B2A : 00;
4B2B : 00;
4B2C : 00;
4B2D : 00;
4B2E : 00;
4B2F : 00;
4B30 : 00;
4B31 : 00;
4B32 : 00;
4B33 : 00;
4B34 : 00;
4B35 : 00;
4B36 : 00;
4B37 : 00;
4B38 : 00;
4B39 : 00;
4B3A : 00;
4B3B : 00;
4B3C : 00;
4B3D : 00;
4B3E : 00;
4B3F : 00;
4B40 : 00;
4B41 : 00;
4B42 : 00;
4B43 : 00;
4B44 : 00;
4B45 : 00;
4B46 : 00;
4B47 : 00;
4B48 : 00;
4B49 : 00;
4B4A : 00;
4B4B : 00;
4B4C : 00;
4B4D : 00;
4B4E : 00;
4B4F : 00;
4B50 : 00;
4B51 : 00;
4B52 : 00;
4B53 : 00;
4B54 : 00;
4B55 : 00;
4B56 : 00;
4B57 : 00;
4B58 : 00;
4B59 : 00;
4B5A : 00;
4B5B : 00;
4B5C : 00;
4B5D : 00;
4B5E : 00;
4B5F : 00;
4B60 : 00;
4B61 : 00;
4B62 : 00;
4B63 : 00;
4B64 : 00;
4B65 : 00;
4B66 : 00;
4B67 : 00;
4B68 : 00;
4B69 : 00;
4B6A : 00;
4B6B : 00;
4B6C : 00;
4B6D : 00;
4B6E : 00;
4B6F : 00;
4B70 : 00;
4B71 : 00;
4B72 : 00;
4B73 : 00;
4B74 : 00;
4B75 : 00;
4B76 : 00;
4B77 : 00;
4B78 : 00;
4B79 : 00;
4B7A : 00;
4B7B : 00;
4B7C : 00;
4B7D : 00;
4B7E : 00;
4B7F : 00;
4B80 : 00;
4B81 : 00;
4B82 : 00;
4B83 : 00;
4B84 : 00;
4B85 : 00;
4B86 : 00;
4B87 : 00;
4B88 : 00;
4B89 : 00;
4B8A : 00;
4B8B : 00;
4B8C : 00;
4B8D : 00;
4B8E : 00;
4B8F : 00;
4B90 : 00;
4B91 : 00;
4B92 : 00;
4B93 : 00;
4B94 : 00;
4B95 : 00;
4B96 : 00;
4B97 : 00;
4B98 : 00;
4B99 : 00;
4B9A : 00;
4B9B : 00;
4B9C : 00;
4B9D : 00;
4B9E : 00;
4B9F : 00;
4BA0 : 00;
4BA1 : 00;
4BA2 : 00;
4BA3 : 00;
4BA4 : 00;
4BA5 : 00;
4BA6 : 00;
4BA7 : 00;
4BA8 : 00;
4BA9 : 00;
4BAA : 00;
4BAB : 00;
4BAC : 00;
4BAD : 00;
4BAE : 00;
4BAF : 00;
4BB0 : 00;
4BB1 : 00;
4BB2 : 00;
4BB3 : 00;
4BB4 : 00;
4BB5 : 00;
4BB6 : 00;
4BB7 : 00;
4BB8 : 00;
4BB9 : 00;
4BBA : 00;
4BBB : 00;
4BBC : 00;
4BBD : 00;
4BBE : 00;
4BBF : 00;
4BC0 : 00;
4BC1 : 00;
4BC2 : 00;
4BC3 : 00;
4BC4 : 00;
4BC5 : 00;
4BC6 : 00;
4BC7 : 00;
4BC8 : 00;
4BC9 : 00;
4BCA : 00;
4BCB : 00;
4BCC : 00;
4BCD : 00;
4BCE : 00;
4BCF : 00;
4BD0 : 00;
4BD1 : 00;
4BD2 : 00;
4BD3 : 00;
4BD4 : 00;
4BD5 : 00;
4BD6 : 00;
4BD7 : 00;
4BD8 : 00;
4BD9 : 00;
4BDA : 00;
4BDB : 00;
4BDC : 00;
4BDD : 00;
4BDE : 00;
4BDF : 00;
4BE0 : 00;
4BE1 : 00;
4BE2 : 00;
4BE3 : 00;
4BE4 : 00;
4BE5 : 00;
4BE6 : 00;
4BE7 : 00;
4BE8 : 00;
4BE9 : 00;
4BEA : 00;
4BEB : 00;
4BEC : 00;
4BED : 00;
4BEE : 00;
4BEF : 00;
4BF0 : 00;
4BF1 : 00;
4BF2 : 00;
4BF3 : 00;
4BF4 : 00;
4BF5 : 00;
4BF6 : 00;
4BF7 : 00;
4BF8 : 00;
4BF9 : 00;
4BFA : 00;
4BFB : 00;
4BFC : 00;
4BFD : 00;
4BFE : 00;
4BFF : 00;
4C00 : 00;
4C01 : 00;
4C02 : 00;
4C03 : 00;
4C04 : 00;
4C05 : 00;
4C06 : 00;
4C07 : 00;
4C08 : 00;
4C09 : 00;
4C0A : 00;
4C0B : 00;
4C0C : 00;
4C0D : 00;
4C0E : 00;
4C0F : 00;
4C10 : 00;
4C11 : 00;
4C12 : 00;
4C13 : 00;
4C14 : 00;
4C15 : 00;
4C16 : 00;
4C17 : 00;
4C18 : 00;
4C19 : 00;
4C1A : 00;
4C1B : 00;
4C1C : 00;
4C1D : 00;
4C1E : 00;
4C1F : 00;
4C20 : 00;
4C21 : 00;
4C22 : 00;
4C23 : 00;
4C24 : 00;
4C25 : 00;
4C26 : 00;
4C27 : 00;
4C28 : 00;
4C29 : 00;
4C2A : 00;
4C2B : 00;
4C2C : 00;
4C2D : 00;
4C2E : 00;
4C2F : 00;
4C30 : 00;
4C31 : 00;
4C32 : 00;
4C33 : 00;
4C34 : 00;
4C35 : 00;
4C36 : 00;
4C37 : 00;
4C38 : 00;
4C39 : 00;
4C3A : 00;
4C3B : 00;
4C3C : 00;
4C3D : 00;
4C3E : 00;
4C3F : 00;
4C40 : 00;
4C41 : 00;
4C42 : 00;
4C43 : 00;
4C44 : 00;
4C45 : 00;
4C46 : 00;
4C47 : 00;
4C48 : 00;
4C49 : 00;
4C4A : 00;
4C4B : 00;
4C4C : 00;
4C4D : 00;
4C4E : 00;
4C4F : 00;
4C50 : 00;
4C51 : 00;
4C52 : 00;
4C53 : 00;
4C54 : 00;
4C55 : 00;
4C56 : 00;
4C57 : 00;
4C58 : 00;
4C59 : 00;
4C5A : 00;
4C5B : 00;
4C5C : 00;
4C5D : 00;
4C5E : 00;
4C5F : 00;
4C60 : 00;
4C61 : 00;
4C62 : 00;
4C63 : 00;
4C64 : 00;
4C65 : 00;
4C66 : 00;
4C67 : 00;
4C68 : 00;
4C69 : 00;
4C6A : 00;
4C6B : 00;
4C6C : 00;
4C6D : 00;
4C6E : 00;
4C6F : 00;
4C70 : 00;
4C71 : 00;
4C72 : 00;
4C73 : 00;
4C74 : 00;
4C75 : 00;
4C76 : 00;
4C77 : 00;
4C78 : 00;
4C79 : 00;
4C7A : 00;
4C7B : 00;
4C7C : 00;
4C7D : 00;
4C7E : 00;
4C7F : 00;
4C80 : 00;
4C81 : 00;
4C82 : 00;
4C83 : 00;
4C84 : 00;
4C85 : 00;
4C86 : 00;
4C87 : 00;
4C88 : 00;
4C89 : 00;
4C8A : 00;
4C8B : 00;
4C8C : 00;
4C8D : 00;
4C8E : 00;
4C8F : 00;
4C90 : 00;
4C91 : 00;
4C92 : 00;
4C93 : 00;
4C94 : 00;
4C95 : 00;
4C96 : 00;
4C97 : 00;
4C98 : 00;
4C99 : 00;
4C9A : 00;
4C9B : 00;
4C9C : 00;
4C9D : 00;
4C9E : 00;
4C9F : 00;
4CA0 : 00;
4CA1 : 00;
4CA2 : 00;
4CA3 : 00;
4CA4 : 00;
4CA5 : 00;
4CA6 : 00;
4CA7 : 00;
4CA8 : 00;
4CA9 : 00;
4CAA : 00;
4CAB : 00;
4CAC : 00;
4CAD : 00;
4CAE : 00;
4CAF : 00;
4CB0 : 00;
4CB1 : 00;
4CB2 : 00;
4CB3 : 00;
4CB4 : 00;
4CB5 : 00;
4CB6 : 00;
4CB7 : 00;
4CB8 : 00;
4CB9 : 00;
4CBA : 00;
4CBB : 00;
4CBC : 00;
4CBD : 00;
4CBE : 00;
4CBF : 00;
4CC0 : 00;
4CC1 : 00;
4CC2 : 00;
4CC3 : 00;
4CC4 : 00;
4CC5 : 00;
4CC6 : 00;
4CC7 : 00;
4CC8 : 00;
4CC9 : 00;
4CCA : 00;
4CCB : 00;
4CCC : 00;
4CCD : 00;
4CCE : 00;
4CCF : 00;
4CD0 : 00;
4CD1 : 00;
4CD2 : 00;
4CD3 : 00;
4CD4 : 00;
4CD5 : 00;
4CD6 : 00;
4CD7 : 00;
4CD8 : 00;
4CD9 : 00;
4CDA : 00;
4CDB : 00;
4CDC : 00;
4CDD : 00;
4CDE : 00;
4CDF : 00;
4CE0 : 00;
4CE1 : 00;
4CE2 : 00;
4CE3 : 00;
4CE4 : 00;
4CE5 : 00;
4CE6 : 00;
4CE7 : 00;
4CE8 : 00;
4CE9 : 00;
4CEA : 00;
4CEB : 00;
4CEC : 00;
4CED : 00;
4CEE : 00;
4CEF : 00;
4CF0 : 00;
4CF1 : 00;
4CF2 : 00;
4CF3 : 00;
4CF4 : 00;
4CF5 : 00;
4CF6 : 00;
4CF7 : 00;
4CF8 : 00;
4CF9 : 00;
4CFA : 00;
4CFB : 00;
4CFC : 00;
4CFD : 00;
4CFE : 00;
4CFF : 00;
4D00 : 00;
4D01 : 00;
4D02 : 00;
4D03 : 00;
4D04 : 00;
4D05 : 00;
4D06 : 00;
4D07 : 00;
4D08 : 00;
4D09 : 00;
4D0A : 00;
4D0B : 00;
4D0C : 00;
4D0D : 00;
4D0E : 00;
4D0F : 00;
4D10 : 00;
4D11 : 00;
4D12 : 00;
4D13 : 00;
4D14 : 00;
4D15 : 00;
4D16 : 00;
4D17 : 00;
4D18 : 00;
4D19 : 00;
4D1A : 00;
4D1B : 00;
4D1C : 00;
4D1D : 00;
4D1E : 00;
4D1F : 00;
4D20 : 00;
4D21 : 00;
4D22 : 00;
4D23 : 00;
4D24 : 00;
4D25 : 00;
4D26 : 00;
4D27 : 00;
4D28 : 00;
4D29 : 00;
4D2A : 00;
4D2B : 00;
4D2C : 00;
4D2D : 00;
4D2E : 00;
4D2F : 00;
4D30 : 00;
4D31 : 00;
4D32 : 00;
4D33 : 00;
4D34 : 00;
4D35 : 00;
4D36 : 00;
4D37 : 00;
4D38 : 00;
4D39 : 00;
4D3A : 00;
4D3B : 00;
4D3C : 00;
4D3D : 00;
4D3E : 00;
4D3F : 00;
4D40 : 00;
4D41 : 00;
4D42 : 00;
4D43 : 00;
4D44 : 00;
4D45 : 00;
4D46 : 00;
4D47 : 00;
4D48 : 00;
4D49 : 00;
4D4A : 00;
4D4B : 00;
4D4C : 00;
4D4D : 00;
4D4E : 00;
4D4F : 00;
4D50 : 00;
4D51 : 00;
4D52 : 00;
4D53 : 00;
4D54 : 00;
4D55 : 00;
4D56 : 00;
4D57 : 00;
4D58 : 00;
4D59 : 00;
4D5A : 00;
4D5B : 00;
4D5C : 00;
4D5D : 00;
4D5E : 00;
4D5F : 00;
4D60 : 00;
4D61 : 00;
4D62 : 00;
4D63 : 00;
4D64 : 00;
4D65 : 00;
4D66 : 00;
4D67 : 00;
4D68 : 00;
4D69 : 00;
4D6A : 00;
4D6B : 00;
4D6C : 00;
4D6D : 00;
4D6E : 00;
4D6F : 00;
4D70 : 00;
4D71 : 00;
4D72 : 00;
4D73 : 00;
4D74 : 00;
4D75 : 00;
4D76 : 00;
4D77 : 00;
4D78 : 00;
4D79 : 00;
4D7A : 00;
4D7B : 00;
4D7C : 00;
4D7D : 00;
4D7E : 00;
4D7F : 00;
4D80 : 00;
4D81 : 00;
4D82 : 00;
4D83 : 00;
4D84 : 00;
4D85 : 00;
4D86 : 00;
4D87 : 00;
4D88 : 00;
4D89 : 00;
4D8A : 00;
4D8B : 00;
4D8C : 00;
4D8D : 00;
4D8E : 00;
4D8F : 00;
4D90 : 00;
4D91 : 00;
4D92 : 00;
4D93 : 00;
4D94 : 00;
4D95 : 00;
4D96 : 00;
4D97 : 00;
4D98 : 00;
4D99 : 00;
4D9A : 00;
4D9B : 00;
4D9C : 00;
4D9D : 00;
4D9E : 00;
4D9F : 00;
4DA0 : 00;
4DA1 : 00;
4DA2 : 00;
4DA3 : 00;
4DA4 : 00;
4DA5 : 00;
4DA6 : 00;
4DA7 : 00;
4DA8 : 00;
4DA9 : 00;
4DAA : 00;
4DAB : 00;
4DAC : 00;
4DAD : 00;
4DAE : 00;
4DAF : 00;
4DB0 : 00;
4DB1 : 00;
4DB2 : 00;
4DB3 : 00;
4DB4 : 00;
4DB5 : 00;
4DB6 : 00;
4DB7 : 00;
4DB8 : 00;
4DB9 : 00;
4DBA : 00;
4DBB : 00;
4DBC : 00;
4DBD : 00;
4DBE : 00;
4DBF : 00;
4DC0 : 00;
4DC1 : 00;
4DC2 : 00;
4DC3 : 00;
4DC4 : 00;
4DC5 : 00;
4DC6 : 00;
4DC7 : 00;
4DC8 : 00;
4DC9 : 00;
4DCA : 00;
4DCB : 00;
4DCC : 00;
4DCD : 00;
4DCE : 00;
4DCF : 00;
4DD0 : 00;
4DD1 : 00;
4DD2 : 00;
4DD3 : 00;
4DD4 : 00;
4DD5 : 00;
4DD6 : 00;
4DD7 : 00;
4DD8 : 00;
4DD9 : 00;
4DDA : 00;
4DDB : 00;
4DDC : 00;
4DDD : 00;
4DDE : 00;
4DDF : 00;
4DE0 : 00;
4DE1 : 00;
4DE2 : 00;
4DE3 : 00;
4DE4 : 00;
4DE5 : 00;
4DE6 : 00;
4DE7 : 00;
4DE8 : 00;
4DE9 : 00;
4DEA : 00;
4DEB : 00;
4DEC : 00;
4DED : 00;
4DEE : 00;
4DEF : 00;
4DF0 : 00;
4DF1 : 00;
4DF2 : 00;
4DF3 : 00;
4DF4 : 00;
4DF5 : 00;
4DF6 : 00;
4DF7 : 00;
4DF8 : 00;
4DF9 : 00;
4DFA : 00;
4DFB : 00;
4DFC : 00;
4DFD : 00;
4DFE : 00;
4DFF : 00;
4E00 : 00;
4E01 : 00;
4E02 : 00;
4E03 : 00;
4E04 : 00;
4E05 : 00;
4E06 : 00;
4E07 : 00;
4E08 : 00;
4E09 : 00;
4E0A : 00;
4E0B : 00;
4E0C : 00;
4E0D : 00;
4E0E : 00;
4E0F : 00;
4E10 : 00;
4E11 : 00;
4E12 : 00;
4E13 : 00;
4E14 : 00;
4E15 : 00;
4E16 : 00;
4E17 : 00;
4E18 : 00;
4E19 : 00;
4E1A : 00;
4E1B : 00;
4E1C : 00;
4E1D : 00;
4E1E : 00;
4E1F : 00;
4E20 : 00;
4E21 : 00;
4E22 : 00;
4E23 : 00;
4E24 : 00;
4E25 : 00;
4E26 : 00;
4E27 : 00;
4E28 : 00;
4E29 : 00;
4E2A : 00;
4E2B : 00;
4E2C : 00;
4E2D : 00;
4E2E : 00;
4E2F : 00;
4E30 : 00;
4E31 : 00;
4E32 : 00;
4E33 : 00;
4E34 : 00;
4E35 : 00;
4E36 : 00;
4E37 : 00;
4E38 : 00;
4E39 : 00;
4E3A : 00;
4E3B : 00;
4E3C : 00;
4E3D : 00;
4E3E : 00;
4E3F : 00;
4E40 : 00;
4E41 : 00;
4E42 : 00;
4E43 : 00;
4E44 : 00;
4E45 : 00;
4E46 : 00;
4E47 : 00;
4E48 : 00;
4E49 : 00;
4E4A : 00;
4E4B : 00;
4E4C : 00;
4E4D : 00;
4E4E : 00;
4E4F : 00;
4E50 : 00;
4E51 : 00;
4E52 : 00;
4E53 : 00;
4E54 : 00;
4E55 : 00;
4E56 : 00;
4E57 : 00;
4E58 : 00;
4E59 : 00;
4E5A : 00;
4E5B : 00;
4E5C : 00;
4E5D : 00;
4E5E : 00;
4E5F : 00;
4E60 : 00;
4E61 : 00;
4E62 : 00;
4E63 : 00;
4E64 : 00;
4E65 : 00;
4E66 : 00;
4E67 : 00;
4E68 : 00;
4E69 : 00;
4E6A : 00;
4E6B : 00;
4E6C : 00;
4E6D : 00;
4E6E : 00;
4E6F : 00;
4E70 : 00;
4E71 : 00;
4E72 : 00;
4E73 : 00;
4E74 : 00;
4E75 : 00;
4E76 : 00;
4E77 : 00;
4E78 : 00;
4E79 : 00;
4E7A : 00;
4E7B : 00;
4E7C : 00;
4E7D : 00;
4E7E : 00;
4E7F : 00;
4E80 : 00;
4E81 : 00;
4E82 : 00;
4E83 : 00;
4E84 : 00;
4E85 : 00;
4E86 : 00;
4E87 : 00;
4E88 : 00;
4E89 : 00;
4E8A : 00;
4E8B : 00;
4E8C : 00;
4E8D : 00;
4E8E : 00;
4E8F : 00;
4E90 : 00;
4E91 : 00;
4E92 : 00;
4E93 : 00;
4E94 : 00;
4E95 : 00;
4E96 : 00;
4E97 : 00;
4E98 : 00;
4E99 : 00;
4E9A : 00;
4E9B : 00;
4E9C : 00;
4E9D : 00;
4E9E : 00;
4E9F : 00;
4EA0 : 00;
4EA1 : 00;
4EA2 : 00;
4EA3 : 00;
4EA4 : 00;
4EA5 : 00;
4EA6 : 00;
4EA7 : 00;
4EA8 : 00;
4EA9 : 00;
4EAA : 00;
4EAB : 00;
4EAC : 00;
4EAD : 00;
4EAE : 00;
4EAF : 00;
4EB0 : 00;
4EB1 : 00;
4EB2 : 00;
4EB3 : 00;
4EB4 : 00;
4EB5 : 00;
4EB6 : 00;
4EB7 : 00;
4EB8 : 00;
4EB9 : 00;
4EBA : 00;
4EBB : 00;
4EBC : 00;
4EBD : 00;
4EBE : 00;
4EBF : 00;
4EC0 : 00;
4EC1 : 00;
4EC2 : 00;
4EC3 : 00;
4EC4 : 00;
4EC5 : 00;
4EC6 : 00;
4EC7 : 00;
4EC8 : 00;
4EC9 : 00;
4ECA : 00;
4ECB : 00;
4ECC : 00;
4ECD : 00;
4ECE : 00;
4ECF : 00;
4ED0 : 00;
4ED1 : 00;
4ED2 : 00;
4ED3 : 00;
4ED4 : 00;
4ED5 : 00;
4ED6 : 00;
4ED7 : 00;
4ED8 : 00;
4ED9 : 00;
4EDA : 00;
4EDB : 00;
4EDC : 00;
4EDD : 00;
4EDE : 00;
4EDF : 00;
4EE0 : 00;
4EE1 : 00;
4EE2 : 00;
4EE3 : 00;
4EE4 : 00;
4EE5 : 00;
4EE6 : 00;
4EE7 : 00;
4EE8 : 00;
4EE9 : 00;
4EEA : 00;
4EEB : 00;
4EEC : 00;
4EED : 00;
4EEE : 00;
4EEF : 00;
4EF0 : 00;
4EF1 : 00;
4EF2 : 00;
4EF3 : 00;
4EF4 : 00;
4EF5 : 00;
4EF6 : 00;
4EF7 : 00;
4EF8 : 00;
4EF9 : 00;
4EFA : 00;
4EFB : 00;
4EFC : 00;
4EFD : 00;
4EFE : 00;
4EFF : 00;
4F00 : 00;
4F01 : 00;
4F02 : 00;
4F03 : 00;
4F04 : 00;
4F05 : 00;
4F06 : 00;
4F07 : 00;
4F08 : 00;
4F09 : 00;
4F0A : 00;
4F0B : 00;
4F0C : 00;
4F0D : 00;
4F0E : 00;
4F0F : 00;
4F10 : 00;
4F11 : 00;
4F12 : 00;
4F13 : 00;
4F14 : 00;
4F15 : 00;
4F16 : 00;
4F17 : 00;
4F18 : 00;
4F19 : 00;
4F1A : 00;
4F1B : 00;
4F1C : 00;
4F1D : 00;
4F1E : 00;
4F1F : 00;
4F20 : 00;
4F21 : 00;
4F22 : 00;
4F23 : 00;
4F24 : 00;
4F25 : 00;
4F26 : 00;
4F27 : 00;
4F28 : 00;
4F29 : 00;
4F2A : 00;
4F2B : 00;
4F2C : 00;
4F2D : 00;
4F2E : 00;
4F2F : 00;
4F30 : 00;
4F31 : 00;
4F32 : 00;
4F33 : 00;
4F34 : 00;
4F35 : 00;
4F36 : 00;
4F37 : 00;
4F38 : 00;
4F39 : 00;
4F3A : 00;
4F3B : 00;
4F3C : 00;
4F3D : 00;
4F3E : 00;
4F3F : 00;
4F40 : 00;
4F41 : 00;
4F42 : 00;
4F43 : 00;
4F44 : 00;
4F45 : 00;
4F46 : 00;
4F47 : 00;
4F48 : 00;
4F49 : 00;
4F4A : 00;
4F4B : 00;
4F4C : 00;
4F4D : 00;
4F4E : 00;
4F4F : 00;
4F50 : 00;
4F51 : 00;
4F52 : 00;
4F53 : 00;
4F54 : 00;
4F55 : 00;
4F56 : 00;
4F57 : 00;
4F58 : 00;
4F59 : 00;
4F5A : 00;
4F5B : 00;
4F5C : 00;
4F5D : 00;
4F5E : 00;
4F5F : 00;
4F60 : 00;
4F61 : 00;
4F62 : 00;
4F63 : 00;
4F64 : 00;
4F65 : 00;
4F66 : 00;
4F67 : 00;
4F68 : 00;
4F69 : 00;
4F6A : 00;
4F6B : 00;
4F6C : 00;
4F6D : 00;
4F6E : 00;
4F6F : 00;
4F70 : 00;
4F71 : 00;
4F72 : 00;
4F73 : 00;
4F74 : 00;
4F75 : 00;
4F76 : 00;
4F77 : 00;
4F78 : 00;
4F79 : 00;
4F7A : 00;
4F7B : 00;
4F7C : 00;
4F7D : 00;
4F7E : 00;
4F7F : 00;
4F80 : 00;
4F81 : 00;
4F82 : 00;
4F83 : 00;
4F84 : 00;
4F85 : 00;
4F86 : 00;
4F87 : 00;
4F88 : 00;
4F89 : 00;
4F8A : 00;
4F8B : 00;
4F8C : 00;
4F8D : 00;
4F8E : 00;
4F8F : 00;
4F90 : 00;
4F91 : 00;
4F92 : 00;
4F93 : 00;
4F94 : 00;
4F95 : 00;
4F96 : 00;
4F97 : 00;
4F98 : 00;
4F99 : 00;
4F9A : 00;
4F9B : 00;
4F9C : 00;
4F9D : 00;
4F9E : 00;
4F9F : 00;
4FA0 : 00;
4FA1 : 00;
4FA2 : 00;
4FA3 : 00;
4FA4 : 00;
4FA5 : 00;
4FA6 : 00;
4FA7 : 00;
4FA8 : 00;
4FA9 : 00;
4FAA : 00;
4FAB : 00;
4FAC : 00;
4FAD : 00;
4FAE : 00;
4FAF : 00;
4FB0 : 00;
4FB1 : 00;
4FB2 : 00;
4FB3 : 00;
4FB4 : 00;
4FB5 : 00;
4FB6 : 00;
4FB7 : 00;
4FB8 : 00;
4FB9 : 00;
4FBA : 00;
4FBB : 00;
4FBC : 00;
4FBD : 00;
4FBE : 00;
4FBF : 00;
4FC0 : 00;
4FC1 : 00;
4FC2 : 00;
4FC3 : 00;
4FC4 : 00;
4FC5 : 00;
4FC6 : 00;
4FC7 : 00;
4FC8 : 00;
4FC9 : 00;
4FCA : 00;
4FCB : 00;
4FCC : 00;
4FCD : 00;
4FCE : 00;
4FCF : 00;
4FD0 : 00;
4FD1 : 00;
4FD2 : 00;
4FD3 : 00;
4FD4 : 00;
4FD5 : 00;
4FD6 : 00;
4FD7 : 00;
4FD8 : 00;
4FD9 : 00;
4FDA : 00;
4FDB : 00;
4FDC : 00;
4FDD : 00;
4FDE : 00;
4FDF : 00;
4FE0 : 00;
4FE1 : 00;
4FE2 : 00;
4FE3 : 00;
4FE4 : 00;
4FE5 : 00;
4FE6 : 00;
4FE7 : 00;
4FE8 : 00;
4FE9 : 00;
4FEA : 00;
4FEB : 00;
4FEC : 00;
4FED : 00;
4FEE : 00;
4FEF : 00;
4FF0 : 00;
4FF1 : 00;
4FF2 : 00;
4FF3 : 00;
4FF4 : 00;
4FF5 : 00;
4FF6 : 00;
4FF7 : 00;
4FF8 : 00;
4FF9 : 00;
4FFA : 00;
4FFB : 00;
4FFC : 00;
4FFD : 00;
4FFE : 00;
4FFF : 00;
5000 : 00;
5001 : 00;
5002 : 00;
5003 : 00;
5004 : 00;
5005 : 00;
5006 : 00;
5007 : 00;
5008 : 00;
5009 : 00;
500A : 00;
500B : 00;
500C : 00;
500D : 00;
500E : 00;
500F : 00;
5010 : 00;
5011 : 00;
5012 : 00;
5013 : 00;
5014 : 00;
5015 : 00;
5016 : 00;
5017 : 00;
5018 : 00;
5019 : 00;
501A : 00;
501B : 00;
501C : 00;
501D : 00;
501E : 00;
501F : 00;
5020 : 00;
5021 : 00;
5022 : 00;
5023 : 00;
5024 : 00;
5025 : 00;
5026 : 00;
5027 : 00;
5028 : 00;
5029 : 00;
502A : 00;
502B : 00;
502C : 00;
502D : 00;
502E : 00;
502F : 00;
5030 : 00;
5031 : 00;
5032 : 00;
5033 : 00;
5034 : 00;
5035 : 00;
5036 : 00;
5037 : 00;
5038 : 00;
5039 : 00;
503A : 00;
503B : 00;
503C : 00;
503D : 00;
503E : 00;
503F : 00;
5040 : 00;
5041 : 00;
5042 : 00;
5043 : 00;
5044 : 00;
5045 : 00;
5046 : 00;
5047 : 00;
5048 : 00;
5049 : 00;
504A : 00;
504B : 00;
504C : 00;
504D : 00;
504E : 00;
504F : 00;
5050 : 00;
5051 : 00;
5052 : 00;
5053 : 00;
5054 : 00;
5055 : 00;
5056 : 00;
5057 : 00;
5058 : 00;
5059 : 00;
505A : 00;
505B : 00;
505C : 00;
505D : 00;
505E : 00;
505F : 00;
5060 : 00;
5061 : 00;
5062 : 00;
5063 : 00;
5064 : 00;
5065 : 00;
5066 : 00;
5067 : 00;
5068 : 00;
5069 : 00;
506A : 00;
506B : 00;
506C : 00;
506D : 00;
506E : 00;
506F : 00;
5070 : 00;
5071 : 00;
5072 : 00;
5073 : 00;
5074 : 00;
5075 : 00;
5076 : 00;
5077 : 00;
5078 : 00;
5079 : 00;
507A : 00;
507B : 00;
507C : 00;
507D : 00;
507E : 00;
507F : 00;
5080 : 00;
5081 : 00;
5082 : 00;
5083 : 00;
5084 : 00;
5085 : 00;
5086 : 00;
5087 : 00;
5088 : 00;
5089 : 00;
508A : 00;
508B : 00;
508C : 00;
508D : 00;
508E : 00;
508F : 00;
5090 : 00;
5091 : 00;
5092 : 00;
5093 : 00;
5094 : 00;
5095 : 00;
5096 : 00;
5097 : 00;
5098 : 00;
5099 : 00;
509A : 00;
509B : 00;
509C : 00;
509D : 00;
509E : 00;
509F : 00;
50A0 : 00;
50A1 : 00;
50A2 : 00;
50A3 : 00;
50A4 : 00;
50A5 : 00;
50A6 : 00;
50A7 : 00;
50A8 : 00;
50A9 : 00;
50AA : 00;
50AB : 00;
50AC : 00;
50AD : 00;
50AE : 00;
50AF : 00;
50B0 : 00;
50B1 : 00;
50B2 : 00;
50B3 : 00;
50B4 : 00;
50B5 : 00;
50B6 : 00;
50B7 : 00;
50B8 : 00;
50B9 : 00;
50BA : 00;
50BB : 00;
50BC : 00;
50BD : 00;
50BE : 00;
50BF : 00;
50C0 : 00;
50C1 : 00;
50C2 : 00;
50C3 : 00;
50C4 : 00;
50C5 : 00;
50C6 : 00;
50C7 : 00;
50C8 : 00;
50C9 : 00;
50CA : 00;
50CB : 00;
50CC : 00;
50CD : 00;
50CE : 00;
50CF : 00;
50D0 : 00;
50D1 : 00;
50D2 : 00;
50D3 : 00;
50D4 : 00;
50D5 : 00;
50D6 : 00;
50D7 : 00;
50D8 : 00;
50D9 : 00;
50DA : 00;
50DB : 00;
50DC : 00;
50DD : 00;
50DE : 00;
50DF : 00;
50E0 : 00;
50E1 : 00;
50E2 : 00;
50E3 : 00;
50E4 : 00;
50E5 : 00;
50E6 : 00;
50E7 : 00;
50E8 : 00;
50E9 : 00;
50EA : 00;
50EB : 00;
50EC : 00;
50ED : 00;
50EE : 00;
50EF : 00;
50F0 : 00;
50F1 : 00;
50F2 : 00;
50F3 : 00;
50F4 : 00;
50F5 : 00;
50F6 : 00;
50F7 : 00;
50F8 : 00;
50F9 : 00;
50FA : 00;
50FB : 00;
50FC : 00;
50FD : 00;
50FE : 00;
50FF : 00;
5100 : 00;
5101 : 00;
5102 : 00;
5103 : 00;
5104 : 00;
5105 : 00;
5106 : 00;
5107 : 00;
5108 : 00;
5109 : 00;
510A : 00;
510B : 00;
510C : 00;
510D : 00;
510E : 00;
510F : 00;
5110 : 00;
5111 : 00;
5112 : 00;
5113 : 00;
5114 : 00;
5115 : 00;
5116 : 00;
5117 : 00;
5118 : 00;
5119 : 00;
511A : 00;
511B : 00;
511C : 00;
511D : 00;
511E : 00;
511F : 00;
5120 : 00;
5121 : 00;
5122 : 00;
5123 : 00;
5124 : 00;
5125 : 00;
5126 : 00;
5127 : 00;
5128 : 00;
5129 : 00;
512A : 00;
512B : 00;
512C : 00;
512D : 00;
512E : 00;
512F : 00;
5130 : 00;
5131 : 00;
5132 : 00;
5133 : 00;
5134 : 00;
5135 : 00;
5136 : 00;
5137 : 00;
5138 : 00;
5139 : 00;
513A : 00;
513B : 00;
513C : 00;
513D : 00;
513E : 00;
513F : 00;
5140 : 00;
5141 : 00;
5142 : 00;
5143 : 00;
5144 : 00;
5145 : 00;
5146 : 00;
5147 : 00;
5148 : 00;
5149 : 00;
514A : 00;
514B : 00;
514C : 00;
514D : 00;
514E : 00;
514F : 00;
5150 : 00;
5151 : 00;
5152 : 00;
5153 : 00;
5154 : 00;
5155 : 00;
5156 : 00;
5157 : 00;
5158 : 00;
5159 : 00;
515A : 00;
515B : 00;
515C : 00;
515D : 00;
515E : 00;
515F : 00;
5160 : 00;
5161 : 00;
5162 : 00;
5163 : 00;
5164 : 00;
5165 : 00;
5166 : 00;
5167 : 00;
5168 : 00;
5169 : 00;
516A : 00;
516B : 00;
516C : 00;
516D : 00;
516E : 00;
516F : 00;
5170 : 00;
5171 : 00;
5172 : 00;
5173 : 00;
5174 : 00;
5175 : 00;
5176 : 00;
5177 : 00;
5178 : 00;
5179 : 00;
517A : 00;
517B : 00;
517C : 00;
517D : 00;
517E : 00;
517F : 00;
5180 : 00;
5181 : 00;
5182 : 00;
5183 : 00;
5184 : 00;
5185 : 00;
5186 : 00;
5187 : 00;
5188 : 00;
5189 : 00;
518A : 00;
518B : 00;
518C : 00;
518D : 00;
518E : 00;
518F : 00;
5190 : 00;
5191 : 00;
5192 : 00;
5193 : 00;
5194 : 00;
5195 : 00;
5196 : 00;
5197 : 00;
5198 : 00;
5199 : 00;
519A : 00;
519B : 00;
519C : 00;
519D : 00;
519E : 00;
519F : 00;
51A0 : 00;
51A1 : 00;
51A2 : 00;
51A3 : 00;
51A4 : 00;
51A5 : 00;
51A6 : 00;
51A7 : 00;
51A8 : 00;
51A9 : 00;
51AA : 00;
51AB : 00;
51AC : 00;
51AD : 00;
51AE : 00;
51AF : 00;
51B0 : 00;
51B1 : 00;
51B2 : 00;
51B3 : 00;
51B4 : 00;
51B5 : 00;
51B6 : 00;
51B7 : 00;
51B8 : 00;
51B9 : 00;
51BA : 00;
51BB : 00;
51BC : 00;
51BD : 00;
51BE : 00;
51BF : 00;
51C0 : 00;
51C1 : 00;
51C2 : 00;
51C3 : 00;
51C4 : 00;
51C5 : 00;
51C6 : 00;
51C7 : 00;
51C8 : 00;
51C9 : 00;
51CA : 00;
51CB : 00;
51CC : 00;
51CD : 00;
51CE : 00;
51CF : 00;
51D0 : 00;
51D1 : 00;
51D2 : 00;
51D3 : 00;
51D4 : 00;
51D5 : 00;
51D6 : 00;
51D7 : 00;
51D8 : 00;
51D9 : 00;
51DA : 00;
51DB : 00;
51DC : 00;
51DD : 00;
51DE : 00;
51DF : 00;
51E0 : 00;
51E1 : 00;
51E2 : 00;
51E3 : 00;
51E4 : 00;
51E5 : 00;
51E6 : 00;
51E7 : 00;
51E8 : 00;
51E9 : 00;
51EA : 00;
51EB : 00;
51EC : 00;
51ED : 00;
51EE : 00;
51EF : 00;
51F0 : 00;
51F1 : 00;
51F2 : 00;
51F3 : 00;
51F4 : 00;
51F5 : 00;
51F6 : 00;
51F7 : 00;
51F8 : 00;
51F9 : 00;
51FA : 00;
51FB : 00;
51FC : 00;
51FD : 00;
51FE : 00;
51FF : 00;
5200 : 00;
5201 : 00;
5202 : 00;
5203 : 00;
5204 : 00;
5205 : 00;
5206 : 00;
5207 : 00;
5208 : 00;
5209 : 00;
520A : 00;
520B : 00;
520C : 00;
520D : 00;
520E : 00;
520F : 00;
5210 : 00;
5211 : 00;
5212 : 00;
5213 : 00;
5214 : 00;
5215 : 00;
5216 : 00;
5217 : 00;
5218 : 00;
5219 : 00;
521A : 00;
521B : 00;
521C : 00;
521D : 00;
521E : 00;
521F : 00;
5220 : 00;
5221 : 00;
5222 : 00;
5223 : 00;
5224 : 00;
5225 : 00;
5226 : 00;
5227 : 00;
5228 : 00;
5229 : 00;
522A : 00;
522B : 00;
522C : 00;
522D : 00;
522E : 00;
522F : 00;
5230 : 00;
5231 : 00;
5232 : 00;
5233 : 00;
5234 : 00;
5235 : 00;
5236 : 00;
5237 : 00;
5238 : 00;
5239 : 00;
523A : 00;
523B : 00;
523C : 00;
523D : 00;
523E : 00;
523F : 00;
5240 : 00;
5241 : 00;
5242 : 00;
5243 : 00;
5244 : 00;
5245 : 00;
5246 : 00;
5247 : 00;
5248 : 00;
5249 : 00;
524A : 00;
524B : 00;
524C : 00;
524D : 00;
524E : 00;
524F : 00;
5250 : 00;
5251 : 00;
5252 : 00;
5253 : 00;
5254 : 00;
5255 : 00;
5256 : 00;
5257 : 00;
5258 : 00;
5259 : 00;
525A : 00;
525B : 00;
525C : 00;
525D : 00;
525E : 00;
525F : 00;
5260 : 00;
5261 : 00;
5262 : 00;
5263 : 00;
5264 : 00;
5265 : 00;
5266 : 00;
5267 : 00;
5268 : 00;
5269 : 00;
526A : 00;
526B : 00;
526C : 00;
526D : 00;
526E : 00;
526F : 00;
5270 : 00;
5271 : 00;
5272 : 00;
5273 : 00;
5274 : 00;
5275 : 00;
5276 : 00;
5277 : 00;
5278 : 00;
5279 : 00;
527A : 00;
527B : 00;
527C : 00;
527D : 00;
527E : 00;
527F : 00;
5280 : 00;
5281 : 00;
5282 : 00;
5283 : 00;
5284 : 00;
5285 : 00;
5286 : 00;
5287 : 00;
5288 : 00;
5289 : 00;
528A : 00;
528B : 00;
528C : 00;
528D : 00;
528E : 00;
528F : 00;
5290 : 00;
5291 : 00;
5292 : 00;
5293 : 00;
5294 : 00;
5295 : 00;
5296 : 00;
5297 : 00;
5298 : 00;
5299 : 00;
529A : 00;
529B : 00;
529C : 00;
529D : 00;
529E : 00;
529F : 00;
52A0 : 00;
52A1 : 00;
52A2 : 00;
52A3 : 00;
52A4 : 00;
52A5 : 00;
52A6 : 00;
52A7 : 00;
52A8 : 00;
52A9 : 00;
52AA : 00;
52AB : 00;
52AC : 00;
52AD : 00;
52AE : 00;
52AF : 00;
52B0 : 00;
52B1 : 00;
52B2 : 00;
52B3 : 00;
52B4 : 00;
52B5 : 00;
52B6 : 00;
52B7 : 00;
52B8 : 00;
52B9 : 00;
52BA : 00;
52BB : 00;
52BC : 00;
52BD : 00;
52BE : 00;
52BF : 00;
52C0 : 00;
52C1 : 00;
52C2 : 00;
52C3 : 00;
52C4 : 00;
52C5 : 00;
52C6 : 00;
52C7 : 00;
52C8 : 00;
52C9 : 00;
52CA : 00;
52CB : 00;
52CC : 00;
52CD : 00;
52CE : 00;
52CF : 00;
52D0 : 00;
52D1 : 00;
52D2 : 00;
52D3 : 00;
52D4 : 00;
52D5 : 00;
52D6 : 00;
52D7 : 00;
52D8 : 00;
52D9 : 00;
52DA : 00;
52DB : 00;
52DC : 00;
52DD : 00;
52DE : 00;
52DF : 00;
52E0 : 00;
52E1 : 00;
52E2 : 00;
52E3 : 00;
52E4 : 00;
52E5 : 00;
52E6 : 00;
52E7 : 00;
52E8 : 00;
52E9 : 00;
52EA : 00;
52EB : 00;
52EC : 00;
52ED : 00;
52EE : 00;
52EF : 00;
52F0 : 00;
52F1 : 00;
52F2 : 00;
52F3 : 00;
52F4 : 00;
52F5 : 00;
52F6 : 00;
52F7 : 00;
52F8 : 00;
52F9 : 00;
52FA : 00;
52FB : 00;
52FC : 00;
52FD : 00;
52FE : 00;
52FF : 00;
5300 : 00;
5301 : 00;
5302 : 00;
5303 : 00;
5304 : 00;
5305 : 00;
5306 : 00;
5307 : 00;
5308 : 00;
5309 : 00;
530A : 00;
530B : 00;
530C : 00;
530D : 00;
530E : 00;
530F : 00;
5310 : 00;
5311 : 00;
5312 : 00;
5313 : 00;
5314 : 00;
5315 : 00;
5316 : 00;
5317 : 00;
5318 : 00;
5319 : 00;
531A : 00;
531B : 00;
531C : 00;
531D : 00;
531E : 00;
531F : 00;
5320 : 00;
5321 : 00;
5322 : 00;
5323 : 00;
5324 : 00;
5325 : 00;
5326 : 00;
5327 : 00;
5328 : 00;
5329 : 00;
532A : 00;
532B : 00;
532C : 00;
532D : 00;
532E : 00;
532F : 00;
5330 : 00;
5331 : 00;
5332 : 00;
5333 : 00;
5334 : 00;
5335 : 00;
5336 : 00;
5337 : 00;
5338 : 00;
5339 : 00;
533A : 00;
533B : 00;
533C : 00;
533D : 00;
533E : 00;
533F : 00;
5340 : 00;
5341 : 00;
5342 : 00;
5343 : 00;
5344 : 00;
5345 : 00;
5346 : 00;
5347 : 00;
5348 : 00;
5349 : 00;
534A : 00;
534B : 00;
534C : 00;
534D : 00;
534E : 00;
534F : 00;
5350 : 00;
5351 : 00;
5352 : 00;
5353 : 00;
5354 : 00;
5355 : 00;
5356 : 00;
5357 : 00;
5358 : 00;
5359 : 00;
535A : 00;
535B : 00;
535C : 00;
535D : 00;
535E : 00;
535F : 00;
5360 : 00;
5361 : 00;
5362 : 00;
5363 : 00;
5364 : 00;
5365 : 00;
5366 : 00;
5367 : 00;
5368 : 00;
5369 : 00;
536A : 00;
536B : 00;
536C : 00;
536D : 00;
536E : 00;
536F : 00;
5370 : 00;
5371 : 00;
5372 : 00;
5373 : 00;
5374 : 00;
5375 : 00;
5376 : 00;
5377 : 00;
5378 : 00;
5379 : 00;
537A : 00;
537B : 00;
537C : 00;
537D : 00;
537E : 00;
537F : 00;
5380 : 00;
5381 : 00;
5382 : 00;
5383 : 00;
5384 : 00;
5385 : 00;
5386 : 00;
5387 : 00;
5388 : 00;
5389 : 00;
538A : 00;
538B : 00;
538C : 00;
538D : 00;
538E : 00;
538F : 00;
5390 : 00;
5391 : 00;
5392 : 00;
5393 : 00;
5394 : 00;
5395 : 00;
5396 : 00;
5397 : 00;
5398 : 00;
5399 : 00;
539A : 00;
539B : 00;
539C : 00;
539D : 00;
539E : 00;
539F : 00;
53A0 : 00;
53A1 : 00;
53A2 : 00;
53A3 : 00;
53A4 : 00;
53A5 : 00;
53A6 : 00;
53A7 : 00;
53A8 : 00;
53A9 : 00;
53AA : 00;
53AB : 00;
53AC : 00;
53AD : 00;
53AE : 00;
53AF : 00;
53B0 : 00;
53B1 : 00;
53B2 : 00;
53B3 : 00;
53B4 : 00;
53B5 : 00;
53B6 : 00;
53B7 : 00;
53B8 : 00;
53B9 : 00;
53BA : 00;
53BB : 00;
53BC : 00;
53BD : 00;
53BE : 00;
53BF : 00;
53C0 : 00;
53C1 : 00;
53C2 : 00;
53C3 : 00;
53C4 : 00;
53C5 : 00;
53C6 : 00;
53C7 : 00;
53C8 : 00;
53C9 : 00;
53CA : 00;
53CB : 00;
53CC : 00;
53CD : 00;
53CE : 00;
53CF : 00;
53D0 : 00;
53D1 : 00;
53D2 : 00;
53D3 : 00;
53D4 : 00;
53D5 : 00;
53D6 : 00;
53D7 : 00;
53D8 : 00;
53D9 : 00;
53DA : 00;
53DB : 00;
53DC : 00;
53DD : 00;
53DE : 00;
53DF : 00;
53E0 : 00;
53E1 : 00;
53E2 : 00;
53E3 : 00;
53E4 : 00;
53E5 : 00;
53E6 : 00;
53E7 : 00;
53E8 : 00;
53E9 : 00;
53EA : 00;
53EB : 00;
53EC : 00;
53ED : 00;
53EE : 00;
53EF : 00;
53F0 : 00;
53F1 : 00;
53F2 : 00;
53F3 : 00;
53F4 : 00;
53F5 : 00;
53F6 : 00;
53F7 : 00;
53F8 : 00;
53F9 : 00;
53FA : 00;
53FB : 00;
53FC : 00;
53FD : 00;
53FE : 00;
53FF : 00;
5400 : 00;
5401 : 00;
5402 : 00;
5403 : 00;
5404 : 00;
5405 : 00;
5406 : 00;
5407 : 00;
5408 : 00;
5409 : 00;
540A : 00;
540B : 00;
540C : 00;
540D : 00;
540E : 00;
540F : 00;
5410 : 00;
5411 : 00;
5412 : 00;
5413 : 00;
5414 : 00;
5415 : 00;
5416 : 00;
5417 : 00;
5418 : 00;
5419 : 00;
541A : 00;
541B : 00;
541C : 00;
541D : 00;
541E : 00;
541F : 00;
5420 : 00;
5421 : 00;
5422 : 00;
5423 : 00;
5424 : 00;
5425 : 00;
5426 : 00;
5427 : 00;
5428 : 00;
5429 : 00;
542A : 00;
542B : 00;
542C : 00;
542D : 00;
542E : 00;
542F : 00;
5430 : 00;
5431 : 00;
5432 : 00;
5433 : 00;
5434 : 00;
5435 : 00;
5436 : 00;
5437 : 00;
5438 : 00;
5439 : 00;
543A : 00;
543B : 00;
543C : 00;
543D : 00;
543E : 00;
543F : 00;
5440 : 00;
5441 : 00;
5442 : 00;
5443 : 00;
5444 : 00;
5445 : 00;
5446 : 00;
5447 : 00;
5448 : 00;
5449 : 00;
544A : 00;
544B : 00;
544C : 00;
544D : 00;
544E : 00;
544F : 00;
5450 : 00;
5451 : 00;
5452 : 00;
5453 : 00;
5454 : 00;
5455 : 00;
5456 : 00;
5457 : 00;
5458 : 00;
5459 : 00;
545A : 00;
545B : 00;
545C : 00;
545D : 00;
545E : 00;
545F : 00;
5460 : 00;
5461 : 00;
5462 : 00;
5463 : 00;
5464 : 00;
5465 : 00;
5466 : 00;
5467 : 00;
5468 : 00;
5469 : 00;
546A : 00;
546B : 00;
546C : 00;
546D : 00;
546E : 00;
546F : 00;
5470 : 00;
5471 : 00;
5472 : 00;
5473 : 00;
5474 : 00;
5475 : 00;
5476 : 00;
5477 : 00;
5478 : 00;
5479 : 00;
547A : 00;
547B : 00;
547C : 00;
547D : 00;
547E : 00;
547F : 00;
5480 : 00;
5481 : 00;
5482 : 00;
5483 : 00;
5484 : 00;
5485 : 00;
5486 : 00;
5487 : 00;
5488 : 00;
5489 : 00;
548A : 00;
548B : 00;
548C : 00;
548D : 00;
548E : 00;
548F : 00;
5490 : 00;
5491 : 00;
5492 : 00;
5493 : 00;
5494 : 00;
5495 : 00;
5496 : 00;
5497 : 00;
5498 : 00;
5499 : 00;
549A : 00;
549B : 00;
549C : 00;
549D : 00;
549E : 00;
549F : 00;
54A0 : 00;
54A1 : 00;
54A2 : 00;
54A3 : 00;
54A4 : 00;
54A5 : 00;
54A6 : 00;
54A7 : 00;
54A8 : 00;
54A9 : 00;
54AA : 00;
54AB : 00;
54AC : 00;
54AD : 00;
54AE : 00;
54AF : 00;
54B0 : 00;
54B1 : 00;
54B2 : 00;
54B3 : 00;
54B4 : 00;
54B5 : 00;
54B6 : 00;
54B7 : 00;
54B8 : 00;
54B9 : 00;
54BA : 00;
54BB : 00;
54BC : 00;
54BD : 00;
54BE : 00;
54BF : 00;
54C0 : 00;
54C1 : 00;
54C2 : 00;
54C3 : 00;
54C4 : 00;
54C5 : 00;
54C6 : 00;
54C7 : 00;
54C8 : 00;
54C9 : 00;
54CA : 00;
54CB : 00;
54CC : 00;
54CD : 00;
54CE : 00;
54CF : 00;
54D0 : 00;
54D1 : 00;
54D2 : 00;
54D3 : 00;
54D4 : 00;
54D5 : 00;
54D6 : 00;
54D7 : 00;
54D8 : 00;
54D9 : 00;
54DA : 00;
54DB : 00;
54DC : 00;
54DD : 00;
54DE : 00;
54DF : 00;
54E0 : 00;
54E1 : 00;
54E2 : 00;
54E3 : 00;
54E4 : 00;
54E5 : 00;
54E6 : 00;
54E7 : 00;
54E8 : 00;
54E9 : 00;
54EA : 00;
54EB : 00;
54EC : 00;
54ED : 00;
54EE : 00;
54EF : 00;
54F0 : 00;
54F1 : 00;
54F2 : 00;
54F3 : 00;
54F4 : 00;
54F5 : 00;
54F6 : 00;
54F7 : 00;
54F8 : 00;
54F9 : 00;
54FA : 00;
54FB : 00;
54FC : 00;
54FD : 00;
54FE : 00;
54FF : 00;
5500 : 00;
5501 : 00;
5502 : 00;
5503 : 00;
5504 : 00;
5505 : 00;
5506 : 00;
5507 : 00;
5508 : 00;
5509 : 00;
550A : 00;
550B : 00;
550C : 00;
550D : 00;
550E : 00;
550F : 00;
5510 : 00;
5511 : 00;
5512 : 00;
5513 : 00;
5514 : 00;
5515 : 00;
5516 : 00;
5517 : 00;
5518 : 00;
5519 : 00;
551A : 00;
551B : 00;
551C : 00;
551D : 00;
551E : 00;
551F : 00;
5520 : 00;
5521 : 00;
5522 : 00;
5523 : 00;
5524 : 00;
5525 : 00;
5526 : 00;
5527 : 00;
5528 : 00;
5529 : 00;
552A : 00;
552B : 00;
552C : 00;
552D : 00;
552E : 00;
552F : 00;
5530 : 00;
5531 : 00;
5532 : 00;
5533 : 00;
5534 : 00;
5535 : 00;
5536 : 00;
5537 : 00;
5538 : 00;
5539 : 00;
553A : 00;
553B : 00;
553C : 00;
553D : 00;
553E : 00;
553F : 00;
5540 : 00;
5541 : 00;
5542 : 00;
5543 : 00;
5544 : 00;
5545 : 00;
5546 : 00;
5547 : 00;
5548 : 00;
5549 : 00;
554A : 00;
554B : 00;
554C : 00;
554D : 00;
554E : 00;
554F : 00;
5550 : 00;
5551 : 00;
5552 : 00;
5553 : 00;
5554 : 00;
5555 : 00;
5556 : 00;
5557 : 00;
5558 : 00;
5559 : 00;
555A : 00;
555B : 00;
555C : 00;
555D : 00;
555E : 00;
555F : 00;
5560 : 00;
5561 : 00;
5562 : 00;
5563 : 00;
5564 : 00;
5565 : 00;
5566 : 00;
5567 : 00;
5568 : 00;
5569 : 00;
556A : 00;
556B : 00;
556C : 00;
556D : 00;
556E : 00;
556F : 00;
5570 : 00;
5571 : 00;
5572 : 00;
5573 : 00;
5574 : 00;
5575 : 00;
5576 : 00;
5577 : 00;
5578 : 00;
5579 : 00;
557A : 00;
557B : 00;
557C : 00;
557D : 00;
557E : 00;
557F : 00;
5580 : 00;
5581 : 00;
5582 : 00;
5583 : 00;
5584 : 00;
5585 : 00;
5586 : 00;
5587 : 00;
5588 : 00;
5589 : 00;
558A : 00;
558B : 00;
558C : 00;
558D : 00;
558E : 00;
558F : 00;
5590 : 00;
5591 : 00;
5592 : 00;
5593 : 00;
5594 : 00;
5595 : 00;
5596 : 00;
5597 : 00;
5598 : 00;
5599 : 00;
559A : 00;
559B : 00;
559C : 00;
559D : 00;
559E : 00;
559F : 00;
55A0 : 00;
55A1 : 00;
55A2 : 00;
55A3 : 00;
55A4 : 00;
55A5 : 00;
55A6 : 00;
55A7 : 00;
55A8 : 00;
55A9 : 00;
55AA : 00;
55AB : 00;
55AC : 00;
55AD : 00;
55AE : 00;
55AF : 00;
55B0 : 00;
55B1 : 00;
55B2 : 00;
55B3 : 00;
55B4 : 00;
55B5 : 00;
55B6 : 00;
55B7 : 00;
55B8 : 00;
55B9 : 00;
55BA : 00;
55BB : 00;
55BC : 00;
55BD : 00;
55BE : 00;
55BF : 00;
55C0 : 00;
55C1 : 00;
55C2 : 00;
55C3 : 00;
55C4 : 00;
55C5 : 00;
55C6 : 00;
55C7 : 00;
55C8 : 00;
55C9 : 00;
55CA : 00;
55CB : 00;
55CC : 00;
55CD : 00;
55CE : 00;
55CF : 00;
55D0 : 00;
55D1 : 00;
55D2 : 00;
55D3 : 00;
55D4 : 00;
55D5 : 00;
55D6 : 00;
55D7 : 00;
55D8 : 00;
55D9 : 00;
55DA : 00;
55DB : 00;
55DC : 00;
55DD : 00;
55DE : 00;
55DF : 00;
55E0 : 00;
55E1 : 00;
55E2 : 00;
55E3 : 00;
55E4 : 00;
55E5 : 00;
55E6 : 00;
55E7 : 00;
55E8 : 00;
55E9 : 00;
55EA : 00;
55EB : 00;
55EC : 00;
55ED : 00;
55EE : 00;
55EF : 00;
55F0 : 00;
55F1 : 00;
55F2 : 00;
55F3 : 00;
55F4 : 00;
55F5 : 00;
55F6 : 00;
55F7 : 00;
55F8 : 00;
55F9 : 00;
55FA : 00;
55FB : 00;
55FC : 00;
55FD : 00;
55FE : 00;
55FF : 00;
5600 : 00;
5601 : 00;
5602 : 00;
5603 : 00;
5604 : 00;
5605 : 00;
5606 : 00;
5607 : 00;
5608 : 00;
5609 : 00;
560A : 00;
560B : 00;
560C : 00;
560D : 00;
560E : 00;
560F : 00;
5610 : 00;
5611 : 00;
5612 : 00;
5613 : 00;
5614 : 00;
5615 : 00;
5616 : 00;
5617 : 00;
5618 : 00;
5619 : 00;
561A : 00;
561B : 00;
561C : 00;
561D : 00;
561E : 00;
561F : 00;
5620 : 00;
5621 : 00;
5622 : 00;
5623 : 00;
5624 : 00;
5625 : 00;
5626 : 00;
5627 : 00;
5628 : 00;
5629 : 00;
562A : 00;
562B : 00;
562C : 00;
562D : 00;
562E : 00;
562F : 00;
5630 : 00;
5631 : 00;
5632 : 00;
5633 : 00;
5634 : 00;
5635 : 00;
5636 : 00;
5637 : 00;
5638 : 00;
5639 : 00;
563A : 00;
563B : 00;
563C : 00;
563D : 00;
563E : 00;
563F : 00;
5640 : 00;
5641 : 00;
5642 : 00;
5643 : 00;
5644 : 00;
5645 : 00;
5646 : 00;
5647 : 00;
5648 : 00;
5649 : 00;
564A : 00;
564B : 00;
564C : 00;
564D : 00;
564E : 00;
564F : 00;
5650 : 00;
5651 : 00;
5652 : 00;
5653 : 00;
5654 : 00;
5655 : 00;
5656 : 00;
5657 : 00;
5658 : 00;
5659 : 00;
565A : 00;
565B : 00;
565C : 00;
565D : 00;
565E : 00;
565F : 00;
5660 : 00;
5661 : 00;
5662 : 00;
5663 : 00;
5664 : 00;
5665 : 00;
5666 : 00;
5667 : 00;
5668 : 00;
5669 : 00;
566A : 00;
566B : 00;
566C : 00;
566D : 00;
566E : 00;
566F : 00;
5670 : 00;
5671 : 00;
5672 : 00;
5673 : 00;
5674 : 00;
5675 : 00;
5676 : 00;
5677 : 00;
5678 : 00;
5679 : 00;
567A : 00;
567B : 00;
567C : 00;
567D : 00;
567E : 00;
567F : 00;
5680 : 00;
5681 : 00;
5682 : 00;
5683 : 00;
5684 : 00;
5685 : 00;
5686 : 00;
5687 : 00;
5688 : 00;
5689 : 00;
568A : 00;
568B : 00;
568C : 00;
568D : 00;
568E : 00;
568F : 00;
5690 : 00;
5691 : 00;
5692 : 00;
5693 : 00;
5694 : 00;
5695 : 00;
5696 : 00;
5697 : 00;
5698 : 00;
5699 : 00;
569A : 00;
569B : 00;
569C : 00;
569D : 00;
569E : 00;
569F : 00;
56A0 : 00;
56A1 : 00;
56A2 : 00;
56A3 : 00;
56A4 : 00;
56A5 : 00;
56A6 : 00;
56A7 : 00;
56A8 : 00;
56A9 : 00;
56AA : 00;
56AB : 00;
56AC : 00;
56AD : 00;
56AE : 00;
56AF : 00;
56B0 : 00;
56B1 : 00;
56B2 : 00;
56B3 : 00;
56B4 : 00;
56B5 : 00;
56B6 : 00;
56B7 : 00;
56B8 : 00;
56B9 : 00;
56BA : 00;
56BB : 00;
56BC : 00;
56BD : 00;
56BE : 00;
56BF : 00;
56C0 : 00;
56C1 : 00;
56C2 : 00;
56C3 : 00;
56C4 : 00;
56C5 : 00;
56C6 : 00;
56C7 : 00;
56C8 : 00;
56C9 : 00;
56CA : 00;
56CB : 00;
56CC : 00;
56CD : 00;
56CE : 00;
56CF : 00;
56D0 : 00;
56D1 : 00;
56D2 : 00;
56D3 : 00;
56D4 : 00;
56D5 : 00;
56D6 : 00;
56D7 : 00;
56D8 : 00;
56D9 : 00;
56DA : 00;
56DB : 00;
56DC : 00;
56DD : 00;
56DE : 00;
56DF : 00;
56E0 : 00;
56E1 : 00;
56E2 : 00;
56E3 : 00;
56E4 : 00;
56E5 : 00;
56E6 : 00;
56E7 : 00;
56E8 : 00;
56E9 : 00;
56EA : 00;
56EB : 00;
56EC : 00;
56ED : 00;
56EE : 00;
56EF : 00;
56F0 : 00;
56F1 : 00;
56F2 : 00;
56F3 : 00;
56F4 : 00;
56F5 : 00;
56F6 : 00;
56F7 : 00;
56F8 : 00;
56F9 : 00;
56FA : 00;
56FB : 00;
56FC : 00;
56FD : 00;
56FE : 00;
56FF : 00;
5700 : 00;
5701 : 00;
5702 : 00;
5703 : 00;
5704 : 00;
5705 : 00;
5706 : 00;
5707 : 00;
5708 : 00;
5709 : 00;
570A : 00;
570B : 00;
570C : 00;
570D : 00;
570E : 00;
570F : 00;
5710 : 00;
5711 : 00;
5712 : 00;
5713 : 00;
5714 : 00;
5715 : 00;
5716 : 00;
5717 : 00;
5718 : 00;
5719 : 00;
571A : 00;
571B : 00;
571C : 00;
571D : 00;
571E : 00;
571F : 00;
5720 : 00;
5721 : 00;
5722 : 00;
5723 : 00;
5724 : 00;
5725 : 00;
5726 : 00;
5727 : 00;
5728 : 00;
5729 : 00;
572A : 00;
572B : 00;
572C : 00;
572D : 00;
572E : 00;
572F : 00;
5730 : 00;
5731 : 00;
5732 : 00;
5733 : 00;
5734 : 00;
5735 : 00;
5736 : 00;
5737 : 00;
5738 : 00;
5739 : 00;
573A : 00;
573B : 00;
573C : 00;
573D : 00;
573E : 00;
573F : 00;
5740 : 00;
5741 : 00;
5742 : 00;
5743 : 00;
5744 : 00;
5745 : 00;
5746 : 00;
5747 : 00;
5748 : 00;
5749 : 00;
574A : 00;
574B : 00;
574C : 00;
574D : 00;
574E : 00;
574F : 00;
5750 : 00;
5751 : 00;
5752 : 00;
5753 : 00;
5754 : 00;
5755 : 00;
5756 : 00;
5757 : 00;
5758 : 00;
5759 : 00;
575A : 00;
575B : 00;
575C : 00;
575D : 00;
575E : 00;
575F : 00;
5760 : 00;
5761 : 00;
5762 : 00;
5763 : 00;
5764 : 00;
5765 : 00;
5766 : 00;
5767 : 00;
5768 : 00;
5769 : 00;
576A : 00;
576B : 00;
576C : 00;
576D : 00;
576E : 00;
576F : 00;
5770 : 00;
5771 : 00;
5772 : 00;
5773 : 00;
5774 : 00;
5775 : 00;
5776 : 00;
5777 : 00;
5778 : 00;
5779 : 00;
577A : 00;
577B : 00;
577C : 00;
577D : 00;
577E : 00;
577F : 00;
5780 : 00;
5781 : 00;
5782 : 00;
5783 : 00;
5784 : 00;
5785 : 00;
5786 : 00;
5787 : 00;
5788 : 00;
5789 : 00;
578A : 00;
578B : 00;
578C : 00;
578D : 00;
578E : 00;
578F : 00;
5790 : 00;
5791 : 00;
5792 : 00;
5793 : 00;
5794 : 00;
5795 : 00;
5796 : 00;
5797 : 00;
5798 : 00;
5799 : 00;
579A : 00;
579B : 00;
579C : 00;
579D : 00;
579E : 00;
579F : 00;
57A0 : 00;
57A1 : 00;
57A2 : 00;
57A3 : 00;
57A4 : 00;
57A5 : 00;
57A6 : 00;
57A7 : 00;
57A8 : 00;
57A9 : 00;
57AA : 00;
57AB : 00;
57AC : 00;
57AD : 00;
57AE : 00;
57AF : 00;
57B0 : 00;
57B1 : 00;
57B2 : 00;
57B3 : 00;
57B4 : 00;
57B5 : 00;
57B6 : 00;
57B7 : 00;
57B8 : 00;
57B9 : 00;
57BA : 00;
57BB : 00;
57BC : 00;
57BD : 00;
57BE : 00;
57BF : 00;
57C0 : 00;
57C1 : 00;
57C2 : 00;
57C3 : 00;
57C4 : 00;
57C5 : 00;
57C6 : 00;
57C7 : 00;
57C8 : 00;
57C9 : 00;
57CA : 00;
57CB : 00;
57CC : 00;
57CD : 00;
57CE : 00;
57CF : 00;
57D0 : 00;
57D1 : 00;
57D2 : 00;
57D3 : 00;
57D4 : 00;
57D5 : 00;
57D6 : 00;
57D7 : 00;
57D8 : 00;
57D9 : 00;
57DA : 00;
57DB : 00;
57DC : 00;
57DD : 00;
57DE : 00;
57DF : 00;
57E0 : 00;
57E1 : 00;
57E2 : 00;
57E3 : 00;
57E4 : 00;
57E5 : 00;
57E6 : 00;
57E7 : 00;
57E8 : 00;
57E9 : 00;
57EA : 00;
57EB : 00;
57EC : 00;
57ED : 00;
57EE : 00;
57EF : 00;
57F0 : 00;
57F1 : 00;
57F2 : 00;
57F3 : 00;
57F4 : 00;
57F5 : 00;
57F6 : 00;
57F7 : 00;
57F8 : 00;
57F9 : 00;
57FA : 00;
57FB : 00;
57FC : 00;
57FD : 00;
57FE : 00;
57FF : 00;
5800 : 00;
5801 : 00;
5802 : 00;
5803 : 00;
5804 : 00;
5805 : 00;
5806 : 00;
5807 : 00;
5808 : 00;
5809 : 00;
580A : 00;
580B : 00;
580C : 00;
580D : 00;
580E : 00;
580F : 00;
5810 : 00;
5811 : 00;
5812 : 00;
5813 : 00;
5814 : 00;
5815 : 00;
5816 : 00;
5817 : 00;
5818 : 00;
5819 : 00;
581A : 00;
581B : 00;
581C : 00;
581D : 00;
581E : 00;
581F : 00;
5820 : 00;
5821 : 00;
5822 : 00;
5823 : 00;
5824 : 00;
5825 : 00;
5826 : 00;
5827 : 00;
5828 : 00;
5829 : 00;
582A : 00;
582B : 00;
582C : 00;
582D : 00;
582E : 00;
582F : 00;
5830 : 00;
5831 : 00;
5832 : 00;
5833 : 00;
5834 : 00;
5835 : 00;
5836 : 00;
5837 : 00;
5838 : 00;
5839 : 00;
583A : 00;
583B : 00;
583C : 00;
583D : 00;
583E : 00;
583F : 00;
5840 : 00;
5841 : 00;
5842 : 00;
5843 : 00;
5844 : 00;
5845 : 00;
5846 : 00;
5847 : 00;
5848 : 00;
5849 : 00;
584A : 00;
584B : 00;
584C : 00;
584D : 00;
584E : 00;
584F : 00;
5850 : 00;
5851 : 00;
5852 : 00;
5853 : 00;
5854 : 00;
5855 : 00;
5856 : 00;
5857 : 00;
5858 : 00;
5859 : 00;
585A : 00;
585B : 00;
585C : 00;
585D : 00;
585E : 00;
585F : 00;
5860 : 00;
5861 : 00;
5862 : 00;
5863 : 00;
5864 : 00;
5865 : 00;
5866 : 00;
5867 : 00;
5868 : 00;
5869 : 00;
586A : 00;
586B : 00;
586C : 00;
586D : 00;
586E : 00;
586F : 00;
5870 : 00;
5871 : 00;
5872 : 00;
5873 : 00;
5874 : 00;
5875 : 00;
5876 : 00;
5877 : 00;
5878 : 00;
5879 : 00;
587A : 00;
587B : 00;
587C : 00;
587D : 00;
587E : 00;
587F : 00;
5880 : 00;
5881 : 00;
5882 : 00;
5883 : 00;
5884 : 00;
5885 : 00;
5886 : 00;
5887 : 00;
5888 : 00;
5889 : 00;
588A : 00;
588B : 00;
588C : 00;
588D : 00;
588E : 00;
588F : 00;
5890 : 00;
5891 : 00;
5892 : 00;
5893 : 00;
5894 : 00;
5895 : 00;
5896 : 00;
5897 : 00;
5898 : 00;
5899 : 00;
589A : 00;
589B : 00;
589C : 00;
589D : 00;
589E : 00;
589F : 00;
58A0 : 00;
58A1 : 00;
58A2 : 00;
58A3 : 00;
58A4 : 00;
58A5 : 00;
58A6 : 00;
58A7 : 00;
58A8 : 00;
58A9 : 00;
58AA : 00;
58AB : 00;
58AC : 00;
58AD : 00;
58AE : 00;
58AF : 00;
58B0 : 00;
58B1 : 00;
58B2 : 00;
58B3 : 00;
58B4 : 00;
58B5 : 00;
58B6 : 00;
58B7 : 00;
58B8 : 00;
58B9 : 00;
58BA : 00;
58BB : 00;
58BC : 00;
58BD : 00;
58BE : 00;
58BF : 00;
58C0 : 00;
58C1 : 00;
58C2 : 00;
58C3 : 00;
58C4 : 00;
58C5 : 00;
58C6 : 00;
58C7 : 00;
58C8 : 00;
58C9 : 00;
58CA : 00;
58CB : 00;
58CC : 00;
58CD : 00;
58CE : 00;
58CF : 00;
58D0 : 00;
58D1 : 00;
58D2 : 00;
58D3 : 00;
58D4 : 00;
58D5 : 00;
58D6 : 00;
58D7 : 00;
58D8 : 00;
58D9 : 00;
58DA : 00;
58DB : 00;
58DC : 00;
58DD : 00;
58DE : 00;
58DF : 00;
58E0 : 00;
58E1 : 00;
58E2 : 00;
58E3 : 00;
58E4 : 00;
58E5 : 00;
58E6 : 00;
58E7 : 00;
58E8 : 00;
58E9 : 00;
58EA : 00;
58EB : 00;
58EC : 00;
58ED : 00;
58EE : 00;
58EF : 00;
58F0 : 00;
58F1 : 00;
58F2 : 00;
58F3 : 00;
58F4 : 00;
58F5 : 00;
58F6 : 00;
58F7 : 00;
58F8 : 00;
58F9 : 00;
58FA : 00;
58FB : 00;
58FC : 00;
58FD : 00;
58FE : 00;
58FF : 00;
5900 : 00;
5901 : 00;
5902 : 00;
5903 : 00;
5904 : 00;
5905 : 00;
5906 : 00;
5907 : 00;
5908 : 00;
5909 : 00;
590A : 00;
590B : 00;
590C : 00;
590D : 00;
590E : 00;
590F : 00;
5910 : 00;
5911 : 00;
5912 : 00;
5913 : 00;
5914 : 00;
5915 : 00;
5916 : 00;
5917 : 00;
5918 : 00;
5919 : 00;
591A : 00;
591B : 00;
591C : 00;
591D : 00;
591E : 00;
591F : 00;
5920 : 00;
5921 : 00;
5922 : 00;
5923 : 00;
5924 : 00;
5925 : 00;
5926 : 00;
5927 : 00;
5928 : 00;
5929 : 00;
592A : 00;
592B : 00;
592C : 00;
592D : 00;
592E : 00;
592F : 00;
5930 : 00;
5931 : 00;
5932 : 00;
5933 : 00;
5934 : 00;
5935 : 00;
5936 : 00;
5937 : 00;
5938 : 00;
5939 : 00;
593A : 00;
593B : 00;
593C : 00;
593D : 00;
593E : 00;
593F : 00;
5940 : 00;
5941 : 00;
5942 : 00;
5943 : 00;
5944 : 00;
5945 : 00;
5946 : 00;
5947 : 00;
5948 : 00;
5949 : 00;
594A : 00;
594B : 00;
594C : 00;
594D : 00;
594E : 00;
594F : 00;
5950 : 00;
5951 : 00;
5952 : 00;
5953 : 00;
5954 : 00;
5955 : 00;
5956 : 00;
5957 : 00;
5958 : 00;
5959 : 00;
595A : 00;
595B : 00;
595C : 00;
595D : 00;
595E : 00;
595F : 00;
5960 : 00;
5961 : 00;
5962 : 00;
5963 : 00;
5964 : 00;
5965 : 00;
5966 : 00;
5967 : 00;
5968 : 00;
5969 : 00;
596A : 00;
596B : 00;
596C : 00;
596D : 00;
596E : 00;
596F : 00;
5970 : 00;
5971 : 00;
5972 : 00;
5973 : 00;
5974 : 00;
5975 : 00;
5976 : 00;
5977 : 00;
5978 : 00;
5979 : 00;
597A : 00;
597B : 00;
597C : 00;
597D : 00;
597E : 00;
597F : 00;
5980 : 00;
5981 : 00;
5982 : 00;
5983 : 00;
5984 : 00;
5985 : 00;
5986 : 00;
5987 : 00;
5988 : 00;
5989 : 00;
598A : 00;
598B : 00;
598C : 00;
598D : 00;
598E : 00;
598F : 00;
5990 : 00;
5991 : 00;
5992 : 00;
5993 : 00;
5994 : 00;
5995 : 00;
5996 : 00;
5997 : 00;
5998 : 00;
5999 : 00;
599A : 00;
599B : 00;
599C : 00;
599D : 00;
599E : 00;
599F : 00;
59A0 : 00;
59A1 : 00;
59A2 : 00;
59A3 : 00;
59A4 : 00;
59A5 : 00;
59A6 : 00;
59A7 : 00;
59A8 : 00;
59A9 : 00;
59AA : 00;
59AB : 00;
59AC : 00;
59AD : 00;
59AE : 00;
59AF : 00;
59B0 : 00;
59B1 : 00;
59B2 : 00;
59B3 : 00;
59B4 : 00;
59B5 : 00;
59B6 : 00;
59B7 : 00;
59B8 : 00;
59B9 : 00;
59BA : 00;
59BB : 00;
59BC : 00;
59BD : 00;
59BE : 00;
59BF : 00;
59C0 : 00;
59C1 : 00;
59C2 : 00;
59C3 : 00;
59C4 : 00;
59C5 : 00;
59C6 : 00;
59C7 : 00;
59C8 : 00;
59C9 : 00;
59CA : 00;
59CB : 00;
59CC : 00;
59CD : 00;
59CE : 00;
59CF : 00;
59D0 : 00;
59D1 : 00;
59D2 : 00;
59D3 : 00;
59D4 : 00;
59D5 : 00;
59D6 : 00;
59D7 : 00;
59D8 : 00;
59D9 : 00;
59DA : 00;
59DB : 00;
59DC : 00;
59DD : 00;
59DE : 00;
59DF : 00;
59E0 : 00;
59E1 : 00;
59E2 : 00;
59E3 : 00;
59E4 : 00;
59E5 : 00;
59E6 : 00;
59E7 : 00;
59E8 : 00;
59E9 : 00;
59EA : 00;
59EB : 00;
59EC : 00;
59ED : 00;
59EE : 00;
59EF : 00;
59F0 : 00;
59F1 : 00;
59F2 : 00;
59F3 : 00;
59F4 : 00;
59F5 : 00;
59F6 : 00;
59F7 : 00;
59F8 : 00;
59F9 : 00;
59FA : 00;
59FB : 00;
59FC : 00;
59FD : 00;
59FE : 00;
59FF : 00;
5A00 : 00;
5A01 : 00;
5A02 : 00;
5A03 : 00;
5A04 : 00;
5A05 : 00;
5A06 : 00;
5A07 : 00;
5A08 : 00;
5A09 : 00;
5A0A : 00;
5A0B : 00;
5A0C : 00;
5A0D : 00;
5A0E : 00;
5A0F : 00;
5A10 : 00;
5A11 : 00;
5A12 : 00;
5A13 : 00;
5A14 : 00;
5A15 : 00;
5A16 : 00;
5A17 : 00;
5A18 : 00;
5A19 : 00;
5A1A : 00;
5A1B : 00;
5A1C : 00;
5A1D : 00;
5A1E : 00;
5A1F : 00;
5A20 : 00;
5A21 : 00;
5A22 : 00;
5A23 : 00;
5A24 : 00;
5A25 : 00;
5A26 : 00;
5A27 : 00;
5A28 : 00;
5A29 : 00;
5A2A : 00;
5A2B : 00;
5A2C : 00;
5A2D : 00;
5A2E : 00;
5A2F : 00;
5A30 : 00;
5A31 : 00;
5A32 : 00;
5A33 : 00;
5A34 : 00;
5A35 : 00;
5A36 : 00;
5A37 : 00;
5A38 : 00;
5A39 : 00;
5A3A : 00;
5A3B : 00;
5A3C : 00;
5A3D : 00;
5A3E : 00;
5A3F : 00;
5A40 : 00;
5A41 : 00;
5A42 : 00;
5A43 : 00;
5A44 : 00;
5A45 : 00;
5A46 : 00;
5A47 : 00;
5A48 : 00;
5A49 : 00;
5A4A : 00;
5A4B : 00;
5A4C : 00;
5A4D : 00;
5A4E : 00;
5A4F : 00;
5A50 : 00;
5A51 : 00;
5A52 : 00;
5A53 : 00;
5A54 : 00;
5A55 : 00;
5A56 : 00;
5A57 : 00;
5A58 : 00;
5A59 : 00;
5A5A : 00;
5A5B : 00;
5A5C : 00;
5A5D : 00;
5A5E : 00;
5A5F : 00;
5A60 : 00;
5A61 : 00;
5A62 : 00;
5A63 : 00;
5A64 : 00;
5A65 : 00;
5A66 : 00;
5A67 : 00;
5A68 : 00;
5A69 : 00;
5A6A : 00;
5A6B : 00;
5A6C : 00;
5A6D : 00;
5A6E : 00;
5A6F : 00;
5A70 : 00;
5A71 : 00;
5A72 : 00;
5A73 : 00;
5A74 : 00;
5A75 : 00;
5A76 : 00;
5A77 : 00;
5A78 : 00;
5A79 : 00;
5A7A : 00;
5A7B : 00;
5A7C : 00;
5A7D : 00;
5A7E : 00;
5A7F : 00;
5A80 : 00;
5A81 : 00;
5A82 : 00;
5A83 : 00;
5A84 : 00;
5A85 : 00;
5A86 : 00;
5A87 : 00;
5A88 : 00;
5A89 : 00;
5A8A : 00;
5A8B : 00;
5A8C : 00;
5A8D : 00;
5A8E : 00;
5A8F : 00;
5A90 : 00;
5A91 : 00;
5A92 : 00;
5A93 : 00;
5A94 : 00;
5A95 : 00;
5A96 : 00;
5A97 : 00;
5A98 : 00;
5A99 : 00;
5A9A : 00;
5A9B : 00;
5A9C : 00;
5A9D : 00;
5A9E : 00;
5A9F : 00;
5AA0 : 00;
5AA1 : 00;
5AA2 : 00;
5AA3 : 00;
5AA4 : 00;
5AA5 : 00;
5AA6 : 00;
5AA7 : 00;
5AA8 : 00;
5AA9 : 00;
5AAA : 00;
5AAB : 00;
5AAC : 00;
5AAD : 00;
5AAE : 00;
5AAF : 00;
5AB0 : 00;
5AB1 : 00;
5AB2 : 00;
5AB3 : 00;
5AB4 : 00;
5AB5 : 00;
5AB6 : 00;
5AB7 : 00;
5AB8 : 00;
5AB9 : 00;
5ABA : 00;
5ABB : 00;
5ABC : 00;
5ABD : 00;
5ABE : 00;
5ABF : 00;
5AC0 : 00;
5AC1 : 00;
5AC2 : 00;
5AC3 : 00;
5AC4 : 00;
5AC5 : 00;
5AC6 : 00;
5AC7 : 00;
5AC8 : 00;
5AC9 : 00;
5ACA : 00;
5ACB : 00;
5ACC : 00;
5ACD : 00;
5ACE : 00;
5ACF : 00;
5AD0 : 00;
5AD1 : 00;
5AD2 : 00;
5AD3 : 00;
5AD4 : 00;
5AD5 : 00;
5AD6 : 00;
5AD7 : 00;
5AD8 : 00;
5AD9 : 00;
5ADA : 00;
5ADB : 00;
5ADC : 00;
5ADD : 00;
5ADE : 00;
5ADF : 00;
5AE0 : 00;
5AE1 : 00;
5AE2 : 00;
5AE3 : 00;
5AE4 : 00;
5AE5 : 00;
5AE6 : 00;
5AE7 : 00;
5AE8 : 00;
5AE9 : 00;
5AEA : 00;
5AEB : 00;
5AEC : 00;
5AED : 00;
5AEE : 00;
5AEF : 00;
5AF0 : 00;
5AF1 : 00;
5AF2 : 00;
5AF3 : 00;
5AF4 : 00;
5AF5 : 00;
5AF6 : 00;
5AF7 : 00;
5AF8 : 00;
5AF9 : 00;
5AFA : 00;
5AFB : 00;
5AFC : 00;
5AFD : 00;
5AFE : 00;
5AFF : 00;
5B00 : 00;
5B01 : 00;
5B02 : 00;
5B03 : 00;
5B04 : 00;
5B05 : 00;
5B06 : 00;
5B07 : 00;
5B08 : 00;
5B09 : 00;
5B0A : 00;
5B0B : 00;
5B0C : 00;
5B0D : 00;
5B0E : 00;
5B0F : 00;
5B10 : 00;
5B11 : 00;
5B12 : 00;
5B13 : 00;
5B14 : 00;
5B15 : 00;
5B16 : 00;
5B17 : 00;
5B18 : 00;
5B19 : 00;
5B1A : 00;
5B1B : 00;
5B1C : 00;
5B1D : 00;
5B1E : 00;
5B1F : 00;
5B20 : 00;
5B21 : 00;
5B22 : 00;
5B23 : 00;
5B24 : 00;
5B25 : 00;
5B26 : 00;
5B27 : 00;
5B28 : 00;
5B29 : 00;
5B2A : 00;
5B2B : 00;
5B2C : 00;
5B2D : 00;
5B2E : 00;
5B2F : 00;
5B30 : 00;
5B31 : 00;
5B32 : 00;
5B33 : 00;
5B34 : 00;
5B35 : 00;
5B36 : 00;
5B37 : 00;
5B38 : 00;
5B39 : 00;
5B3A : 00;
5B3B : 00;
5B3C : 00;
5B3D : 00;
5B3E : 00;
5B3F : 00;
5B40 : 00;
5B41 : 00;
5B42 : 00;
5B43 : 00;
5B44 : 00;
5B45 : 00;
5B46 : 00;
5B47 : 00;
5B48 : 00;
5B49 : 00;
5B4A : 00;
5B4B : 00;
5B4C : 00;
5B4D : 00;
5B4E : 00;
5B4F : 00;
5B50 : 00;
5B51 : 00;
5B52 : 00;
5B53 : 00;
5B54 : 00;
5B55 : 00;
5B56 : 00;
5B57 : 00;
5B58 : 00;
5B59 : 00;
5B5A : 00;
5B5B : 00;
5B5C : 00;
5B5D : 00;
5B5E : 00;
5B5F : 00;
5B60 : 00;
5B61 : 00;
5B62 : 00;
5B63 : 00;
5B64 : 00;
5B65 : 00;
5B66 : 00;
5B67 : 00;
5B68 : 00;
5B69 : 00;
5B6A : 00;
5B6B : 00;
5B6C : 00;
5B6D : 00;
5B6E : 00;
5B6F : 00;
5B70 : 00;
5B71 : 00;
5B72 : 00;
5B73 : 00;
5B74 : 00;
5B75 : 00;
5B76 : 00;
5B77 : 00;
5B78 : 00;
5B79 : 00;
5B7A : 00;
5B7B : 00;
5B7C : 00;
5B7D : 00;
5B7E : 00;
5B7F : 00;
5B80 : 00;
5B81 : 00;
5B82 : 00;
5B83 : 00;
5B84 : 00;
5B85 : 00;
5B86 : 00;
5B87 : 00;
5B88 : 00;
5B89 : 00;
5B8A : 00;
5B8B : 00;
5B8C : 00;
5B8D : 00;
5B8E : 00;
5B8F : 00;
5B90 : 00;
5B91 : 00;
5B92 : 00;
5B93 : 00;
5B94 : 00;
5B95 : 00;
5B96 : 00;
5B97 : 00;
5B98 : 00;
5B99 : 00;
5B9A : 00;
5B9B : 00;
5B9C : 00;
5B9D : 00;
5B9E : 00;
5B9F : 00;
5BA0 : 00;
5BA1 : 00;
5BA2 : 00;
5BA3 : 00;
5BA4 : 00;
5BA5 : 00;
5BA6 : 00;
5BA7 : 00;
5BA8 : 00;
5BA9 : 00;
5BAA : 00;
5BAB : 00;
5BAC : 00;
5BAD : 00;
5BAE : 00;
5BAF : 00;
5BB0 : 00;
5BB1 : 00;
5BB2 : 00;
5BB3 : 00;
5BB4 : 00;
5BB5 : 00;
5BB6 : 00;
5BB7 : 00;
5BB8 : 00;
5BB9 : 00;
5BBA : 00;
5BBB : 00;
5BBC : 00;
5BBD : 00;
5BBE : 00;
5BBF : 00;
5BC0 : 00;
5BC1 : 00;
5BC2 : 00;
5BC3 : 00;
5BC4 : 00;
5BC5 : 00;
5BC6 : 00;
5BC7 : 00;
5BC8 : 00;
5BC9 : 00;
5BCA : 00;
5BCB : 00;
5BCC : 00;
5BCD : 00;
5BCE : 00;
5BCF : 00;
5BD0 : 00;
5BD1 : 00;
5BD2 : 00;
5BD3 : 00;
5BD4 : 00;
5BD5 : 00;
5BD6 : 00;
5BD7 : 00;
5BD8 : 00;
5BD9 : 00;
5BDA : 00;
5BDB : 00;
5BDC : 00;
5BDD : 00;
5BDE : 00;
5BDF : 00;
5BE0 : 00;
5BE1 : 00;
5BE2 : 00;
5BE3 : 00;
5BE4 : 00;
5BE5 : 00;
5BE6 : 00;
5BE7 : 00;
5BE8 : 00;
5BE9 : 00;
5BEA : 00;
5BEB : 00;
5BEC : 00;
5BED : 00;
5BEE : 00;
5BEF : 00;
5BF0 : 00;
5BF1 : 00;
5BF2 : 00;
5BF3 : 00;
5BF4 : 00;
5BF5 : 00;
5BF6 : 00;
5BF7 : 00;
5BF8 : 00;
5BF9 : 00;
5BFA : 00;
5BFB : 00;
5BFC : 00;
5BFD : 00;
5BFE : 00;
5BFF : 00;
5C00 : 00;
5C01 : 00;
5C02 : 00;
5C03 : 00;
5C04 : 00;
5C05 : 00;
5C06 : 00;
5C07 : 00;
5C08 : 00;
5C09 : 00;
5C0A : 00;
5C0B : 00;
5C0C : 00;
5C0D : 00;
5C0E : 00;
5C0F : 00;
5C10 : 00;
5C11 : 00;
5C12 : 00;
5C13 : 00;
5C14 : 00;
5C15 : 00;
5C16 : 00;
5C17 : 00;
5C18 : 00;
5C19 : 00;
5C1A : 00;
5C1B : 00;
5C1C : 00;
5C1D : 00;
5C1E : 00;
5C1F : 00;
5C20 : 00;
5C21 : 00;
5C22 : 00;
5C23 : 00;
5C24 : 00;
5C25 : 00;
5C26 : 00;
5C27 : 00;
5C28 : 00;
5C29 : 00;
5C2A : 00;
5C2B : 00;
5C2C : 00;
5C2D : 00;
5C2E : 00;
5C2F : 00;
5C30 : 00;
5C31 : 00;
5C32 : 00;
5C33 : 00;
5C34 : 00;
5C35 : 00;
5C36 : 00;
5C37 : 00;
5C38 : 00;
5C39 : 00;
5C3A : 00;
5C3B : 00;
5C3C : 00;
5C3D : 00;
5C3E : 00;
5C3F : 00;
5C40 : 00;
5C41 : 00;
5C42 : 00;
5C43 : 00;
5C44 : 00;
5C45 : 00;
5C46 : 00;
5C47 : 00;
5C48 : 00;
5C49 : 00;
5C4A : 00;
5C4B : 00;
5C4C : 00;
5C4D : 00;
5C4E : 00;
5C4F : 00;
5C50 : 00;
5C51 : 00;
5C52 : 00;
5C53 : 00;
5C54 : 00;
5C55 : 00;
5C56 : 00;
5C57 : 00;
5C58 : 00;
5C59 : 00;
5C5A : 00;
5C5B : 00;
5C5C : 00;
5C5D : 00;
5C5E : 00;
5C5F : 00;
5C60 : 00;
5C61 : 00;
5C62 : 00;
5C63 : 00;
5C64 : 00;
5C65 : 00;
5C66 : 00;
5C67 : 00;
5C68 : 00;
5C69 : 00;
5C6A : 00;
5C6B : 00;
5C6C : 00;
5C6D : 00;
5C6E : 00;
5C6F : 00;
5C70 : 00;
5C71 : 00;
5C72 : 00;
5C73 : 00;
5C74 : 00;
5C75 : 00;
5C76 : 00;
5C77 : 00;
5C78 : 00;
5C79 : 00;
5C7A : 00;
5C7B : 00;
5C7C : 00;
5C7D : 00;
5C7E : 00;
5C7F : 00;
5C80 : 00;
5C81 : 00;
5C82 : 00;
5C83 : 00;
5C84 : 00;
5C85 : 00;
5C86 : 00;
5C87 : 00;
5C88 : 00;
5C89 : 00;
5C8A : 00;
5C8B : 00;
5C8C : 00;
5C8D : 00;
5C8E : 00;
5C8F : 00;
5C90 : 00;
5C91 : 00;
5C92 : 00;
5C93 : 00;
5C94 : 00;
5C95 : 00;
5C96 : 00;
5C97 : 00;
5C98 : 00;
5C99 : 00;
5C9A : 00;
5C9B : 00;
5C9C : 00;
5C9D : 00;
5C9E : 00;
5C9F : 00;
5CA0 : 00;
5CA1 : 00;
5CA2 : 00;
5CA3 : 00;
5CA4 : 00;
5CA5 : 00;
5CA6 : 00;
5CA7 : 00;
5CA8 : 00;
5CA9 : 00;
5CAA : 00;
5CAB : 00;
5CAC : 00;
5CAD : 00;
5CAE : 00;
5CAF : 00;
5CB0 : 00;
5CB1 : 00;
5CB2 : 00;
5CB3 : 00;
5CB4 : 00;
5CB5 : 00;
5CB6 : 00;
5CB7 : 00;
5CB8 : 00;
5CB9 : 00;
5CBA : 00;
5CBB : 00;
5CBC : 00;
5CBD : 00;
5CBE : 00;
5CBF : 00;
5CC0 : 00;
5CC1 : 00;
5CC2 : 00;
5CC3 : 00;
5CC4 : 00;
5CC5 : 00;
5CC6 : 00;
5CC7 : 00;
5CC8 : 00;
5CC9 : 00;
5CCA : 00;
5CCB : 00;
5CCC : 00;
5CCD : 00;
5CCE : 00;
5CCF : 00;
5CD0 : 00;
5CD1 : 00;
5CD2 : 00;
5CD3 : 00;
5CD4 : 00;
5CD5 : 00;
5CD6 : 00;
5CD7 : 00;
5CD8 : 00;
5CD9 : 00;
5CDA : 00;
5CDB : 00;
5CDC : 00;
5CDD : 00;
5CDE : 00;
5CDF : 00;
5CE0 : 00;
5CE1 : 00;
5CE2 : 00;
5CE3 : 00;
5CE4 : 00;
5CE5 : 00;
5CE6 : 00;
5CE7 : 00;
5CE8 : 00;
5CE9 : 00;
5CEA : 00;
5CEB : 00;
5CEC : 00;
5CED : 00;
5CEE : 00;
5CEF : 00;
5CF0 : 00;
5CF1 : 00;
5CF2 : 00;
5CF3 : 00;
5CF4 : 00;
5CF5 : 00;
5CF6 : 00;
5CF7 : 00;
5CF8 : 00;
5CF9 : 00;
5CFA : 00;
5CFB : 00;
5CFC : 00;
5CFD : 00;
5CFE : 00;
5CFF : 00;
5D00 : 00;
5D01 : 00;
5D02 : 00;
5D03 : 00;
5D04 : 00;
5D05 : 00;
5D06 : 00;
5D07 : 00;
5D08 : 00;
5D09 : 00;
5D0A : 00;
5D0B : 00;
5D0C : 00;
5D0D : 00;
5D0E : 00;
5D0F : 00;
5D10 : 00;
5D11 : 00;
5D12 : 00;
5D13 : 00;
5D14 : 00;
5D15 : 00;
5D16 : 00;
5D17 : 00;
5D18 : 00;
5D19 : 00;
5D1A : 00;
5D1B : 00;
5D1C : 00;
5D1D : 00;
5D1E : 00;
5D1F : 00;
5D20 : 00;
5D21 : 00;
5D22 : 00;
5D23 : 00;
5D24 : 00;
5D25 : 00;
5D26 : 00;
5D27 : 00;
5D28 : 00;
5D29 : 00;
5D2A : 00;
5D2B : 00;
5D2C : 00;
5D2D : 00;
5D2E : 00;
5D2F : 00;
5D30 : 00;
5D31 : 00;
5D32 : 00;
5D33 : 00;
5D34 : 00;
5D35 : 00;
5D36 : 00;
5D37 : 00;
5D38 : 00;
5D39 : 00;
5D3A : 00;
5D3B : 00;
5D3C : 00;
5D3D : 00;
5D3E : 00;
5D3F : 00;
5D40 : 00;
5D41 : 00;
5D42 : 00;
5D43 : 00;
5D44 : 00;
5D45 : 00;
5D46 : 00;
5D47 : 00;
5D48 : 00;
5D49 : 00;
5D4A : 00;
5D4B : 00;
5D4C : 00;
5D4D : 00;
5D4E : 00;
5D4F : 00;
5D50 : 00;
5D51 : 00;
5D52 : 00;
5D53 : 00;
5D54 : 00;
5D55 : 00;
5D56 : 00;
5D57 : 00;
5D58 : 00;
5D59 : 00;
5D5A : 00;
5D5B : 00;
5D5C : 00;
5D5D : 00;
5D5E : 00;
5D5F : 00;
5D60 : 00;
5D61 : 00;
5D62 : 00;
5D63 : 00;
5D64 : 00;
5D65 : 00;
5D66 : 00;
5D67 : 00;
5D68 : 00;
5D69 : 00;
5D6A : 00;
5D6B : 00;
5D6C : 00;
5D6D : 00;
5D6E : 00;
5D6F : 00;
5D70 : 00;
5D71 : 00;
5D72 : 00;
5D73 : 00;
5D74 : 00;
5D75 : 00;
5D76 : 00;
5D77 : 00;
5D78 : 00;
5D79 : 00;
5D7A : 00;
5D7B : 00;
5D7C : 00;
5D7D : 00;
5D7E : 00;
5D7F : 00;
5D80 : 00;
5D81 : 00;
5D82 : 00;
5D83 : 00;
5D84 : 00;
5D85 : 00;
5D86 : 00;
5D87 : 00;
5D88 : 00;
5D89 : 00;
5D8A : 00;
5D8B : 00;
5D8C : 00;
5D8D : 00;
5D8E : 00;
5D8F : 00;
5D90 : 00;
5D91 : 00;
5D92 : 00;
5D93 : 00;
5D94 : 00;
5D95 : 00;
5D96 : 00;
5D97 : 00;
5D98 : 00;
5D99 : 00;
5D9A : 00;
5D9B : 00;
5D9C : 00;
5D9D : 00;
5D9E : 00;
5D9F : 00;
5DA0 : 00;
5DA1 : 00;
5DA2 : 00;
5DA3 : 00;
5DA4 : 00;
5DA5 : 00;
5DA6 : 00;
5DA7 : 00;
5DA8 : 00;
5DA9 : 00;
5DAA : 00;
5DAB : 00;
5DAC : 00;
5DAD : 00;
5DAE : 00;
5DAF : 00;
5DB0 : 00;
5DB1 : 00;
5DB2 : 00;
5DB3 : 00;
5DB4 : 00;
5DB5 : 00;
5DB6 : 00;
5DB7 : 00;
5DB8 : 00;
5DB9 : 00;
5DBA : 00;
5DBB : 00;
5DBC : 00;
5DBD : 00;
5DBE : 00;
5DBF : 00;
5DC0 : 00;
5DC1 : 00;
5DC2 : 00;
5DC3 : 00;
5DC4 : 00;
5DC5 : 00;
5DC6 : 00;
5DC7 : 00;
5DC8 : 00;
5DC9 : 00;
5DCA : 00;
5DCB : 00;
5DCC : 00;
5DCD : 00;
5DCE : 00;
5DCF : 00;
5DD0 : 00;
5DD1 : 00;
5DD2 : 00;
5DD3 : 00;
5DD4 : 00;
5DD5 : 00;
5DD6 : 00;
5DD7 : 00;
5DD8 : 00;
5DD9 : 00;
5DDA : 00;
5DDB : 00;
5DDC : 00;
5DDD : 00;
5DDE : 00;
5DDF : 00;
5DE0 : 00;
5DE1 : 00;
5DE2 : 00;
5DE3 : 00;
5DE4 : 00;
5DE5 : 00;
5DE6 : 00;
5DE7 : 00;
5DE8 : 00;
5DE9 : 00;
5DEA : 00;
5DEB : 00;
5DEC : 00;
5DED : 00;
5DEE : 00;
5DEF : 00;
5DF0 : 00;
5DF1 : 00;
5DF2 : 00;
5DF3 : 00;
5DF4 : 00;
5DF5 : 00;
5DF6 : 00;
5DF7 : 00;
5DF8 : 00;
5DF9 : 00;
5DFA : 00;
5DFB : 00;
5DFC : 00;
5DFD : 00;
5DFE : 00;
5DFF : 00;
5E00 : 00;
5E01 : 00;
5E02 : 00;
5E03 : 00;
5E04 : 00;
5E05 : 00;
5E06 : 00;
5E07 : 00;
5E08 : 00;
5E09 : 00;
5E0A : 00;
5E0B : 00;
5E0C : 00;
5E0D : 00;
5E0E : 00;
5E0F : 00;
5E10 : 00;
5E11 : 00;
5E12 : 00;
5E13 : 00;
5E14 : 00;
5E15 : 00;
5E16 : 00;
5E17 : 00;
5E18 : 00;
5E19 : 00;
5E1A : 00;
5E1B : 00;
5E1C : 00;
5E1D : 00;
5E1E : 00;
5E1F : 00;
5E20 : 00;
5E21 : 00;
5E22 : 00;
5E23 : 00;
5E24 : 00;
5E25 : 00;
5E26 : 00;
5E27 : 00;
5E28 : 00;
5E29 : 00;
5E2A : 00;
5E2B : 00;
5E2C : 00;
5E2D : 00;
5E2E : 00;
5E2F : 00;
5E30 : 00;
5E31 : 00;
5E32 : 00;
5E33 : 00;
5E34 : 00;
5E35 : 00;
5E36 : 00;
5E37 : 00;
5E38 : 00;
5E39 : 00;
5E3A : 00;
5E3B : 00;
5E3C : 00;
5E3D : 00;
5E3E : 00;
5E3F : 00;
5E40 : 00;
5E41 : 00;
5E42 : 00;
5E43 : 00;
5E44 : 00;
5E45 : 00;
5E46 : 00;
5E47 : 00;
5E48 : 00;
5E49 : 00;
5E4A : 00;
5E4B : 00;
5E4C : 00;
5E4D : 00;
5E4E : 00;
5E4F : 00;
5E50 : 00;
5E51 : 00;
5E52 : 00;
5E53 : 00;
5E54 : 00;
5E55 : 00;
5E56 : 00;
5E57 : 00;
5E58 : 00;
5E59 : 00;
5E5A : 00;
5E5B : 00;
5E5C : 00;
5E5D : 00;
5E5E : 00;
5E5F : 00;
5E60 : 00;
5E61 : 00;
5E62 : 00;
5E63 : 00;
5E64 : 00;
5E65 : 00;
5E66 : 00;
5E67 : 00;
5E68 : 00;
5E69 : 00;
5E6A : 00;
5E6B : 00;
5E6C : 00;
5E6D : 00;
5E6E : 00;
5E6F : 00;
5E70 : 00;
5E71 : 00;
5E72 : 00;
5E73 : 00;
5E74 : 00;
5E75 : 00;
5E76 : 00;
5E77 : 00;
5E78 : 00;
5E79 : 00;
5E7A : 00;
5E7B : 00;
5E7C : 00;
5E7D : 00;
5E7E : 00;
5E7F : 00;
5E80 : 00;
5E81 : 00;
5E82 : 00;
5E83 : 00;
5E84 : 00;
5E85 : 00;
5E86 : 00;
5E87 : 00;
5E88 : 00;
5E89 : 00;
5E8A : 00;
5E8B : 00;
5E8C : 00;
5E8D : 00;
5E8E : 00;
5E8F : 00;
5E90 : 00;
5E91 : 00;
5E92 : 00;
5E93 : 00;
5E94 : 00;
5E95 : 00;
5E96 : 00;
5E97 : 00;
5E98 : 00;
5E99 : 00;
5E9A : 00;
5E9B : 00;
5E9C : 00;
5E9D : 00;
5E9E : 00;
5E9F : 00;
5EA0 : 00;
5EA1 : 00;
5EA2 : 00;
5EA3 : 00;
5EA4 : 00;
5EA5 : 00;
5EA6 : 00;
5EA7 : 00;
5EA8 : 00;
5EA9 : 00;
5EAA : 00;
5EAB : 00;
5EAC : 00;
5EAD : 00;
5EAE : 00;
5EAF : 00;
5EB0 : 00;
5EB1 : 00;
5EB2 : 00;
5EB3 : 00;
5EB4 : 00;
5EB5 : 00;
5EB6 : 00;
5EB7 : 00;
5EB8 : 00;
5EB9 : 00;
5EBA : 00;
5EBB : 00;
5EBC : 00;
5EBD : 00;
5EBE : 00;
5EBF : 00;
5EC0 : 00;
5EC1 : 00;
5EC2 : 00;
5EC3 : 00;
5EC4 : 00;
5EC5 : 00;
5EC6 : 00;
5EC7 : 00;
5EC8 : 00;
5EC9 : 00;
5ECA : 00;
5ECB : 00;
5ECC : 00;
5ECD : 00;
5ECE : 00;
5ECF : 00;
5ED0 : 00;
5ED1 : 00;
5ED2 : 00;
5ED3 : 00;
5ED4 : 00;
5ED5 : 00;
5ED6 : 00;
5ED7 : 00;
5ED8 : 00;
5ED9 : 00;
5EDA : 00;
5EDB : 00;
5EDC : 00;
5EDD : 00;
5EDE : 00;
5EDF : 00;
5EE0 : 00;
5EE1 : 00;
5EE2 : 00;
5EE3 : 00;
5EE4 : 00;
5EE5 : 00;
5EE6 : 00;
5EE7 : 00;
5EE8 : 00;
5EE9 : 00;
5EEA : 00;
5EEB : 00;
5EEC : 00;
5EED : 00;
5EEE : 00;
5EEF : 00;
5EF0 : 00;
5EF1 : 00;
5EF2 : 00;
5EF3 : 00;
5EF4 : 00;
5EF5 : 00;
5EF6 : 00;
5EF7 : 00;
5EF8 : 00;
5EF9 : 00;
5EFA : 00;
5EFB : 00;
5EFC : 00;
5EFD : 00;
5EFE : 00;
5EFF : 00;
5F00 : 00;
5F01 : 00;
5F02 : 00;
5F03 : 00;
5F04 : 00;
5F05 : 00;
5F06 : 00;
5F07 : 00;
5F08 : 00;
5F09 : 00;
5F0A : 00;
5F0B : 00;
5F0C : 00;
5F0D : 00;
5F0E : 00;
5F0F : 00;
5F10 : 00;
5F11 : 00;
5F12 : 00;
5F13 : 00;
5F14 : 00;
5F15 : 00;
5F16 : 00;
5F17 : 00;
5F18 : 00;
5F19 : 00;
5F1A : 00;
5F1B : 00;
5F1C : 00;
5F1D : 00;
5F1E : 00;
5F1F : 00;
5F20 : 00;
5F21 : 00;
5F22 : 00;
5F23 : 00;
5F24 : 00;
5F25 : 00;
5F26 : 00;
5F27 : 00;
5F28 : 00;
5F29 : 00;
5F2A : 00;
5F2B : 00;
5F2C : 00;
5F2D : 00;
5F2E : 00;
5F2F : 00;
5F30 : 00;
5F31 : 00;
5F32 : 00;
5F33 : 00;
5F34 : 00;
5F35 : 00;
5F36 : 00;
5F37 : 00;
5F38 : 00;
5F39 : 00;
5F3A : 00;
5F3B : 00;
5F3C : 00;
5F3D : 00;
5F3E : 00;
5F3F : 00;
5F40 : 00;
5F41 : 00;
5F42 : 00;
5F43 : 00;
5F44 : 00;
5F45 : 00;
5F46 : 00;
5F47 : 00;
5F48 : 00;
5F49 : 00;
5F4A : 00;
5F4B : 00;
5F4C : 00;
5F4D : 00;
5F4E : 00;
5F4F : 00;
5F50 : 00;
5F51 : 00;
5F52 : 00;
5F53 : 00;
5F54 : 00;
5F55 : 00;
5F56 : 00;
5F57 : 00;
5F58 : 00;
5F59 : 00;
5F5A : 00;
5F5B : 00;
5F5C : 00;
5F5D : 00;
5F5E : 00;
5F5F : 00;
5F60 : 00;
5F61 : 00;
5F62 : 00;
5F63 : 00;
5F64 : 00;
5F65 : 00;
5F66 : 00;
5F67 : 00;
5F68 : 00;
5F69 : 00;
5F6A : 00;
5F6B : 00;
5F6C : 00;
5F6D : 00;
5F6E : 00;
5F6F : 00;
5F70 : 00;
5F71 : 00;
5F72 : 00;
5F73 : 00;
5F74 : 00;
5F75 : 00;
5F76 : 00;
5F77 : 00;
5F78 : 00;
5F79 : 00;
5F7A : 00;
5F7B : 00;
5F7C : 00;
5F7D : 00;
5F7E : 00;
5F7F : 00;
5F80 : 00;
5F81 : 00;
5F82 : 00;
5F83 : 00;
5F84 : 00;
5F85 : 00;
5F86 : 00;
5F87 : 00;
5F88 : 00;
5F89 : 00;
5F8A : 00;
5F8B : 00;
5F8C : 00;
5F8D : 00;
5F8E : 00;
5F8F : 00;
5F90 : 00;
5F91 : 00;
5F92 : 00;
5F93 : 00;
5F94 : 00;
5F95 : 00;
5F96 : 00;
5F97 : 00;
5F98 : 00;
5F99 : 00;
5F9A : 00;
5F9B : 00;
5F9C : 00;
5F9D : 00;
5F9E : 00;
5F9F : 00;
5FA0 : 00;
5FA1 : 00;
5FA2 : 00;
5FA3 : 00;
5FA4 : 00;
5FA5 : 00;
5FA6 : 00;
5FA7 : 00;
5FA8 : 00;
5FA9 : 00;
5FAA : 00;
5FAB : 00;
5FAC : 00;
5FAD : 00;
5FAE : 00;
5FAF : 00;
5FB0 : 00;
5FB1 : 00;
5FB2 : 00;
5FB3 : 00;
5FB4 : 00;
5FB5 : 00;
5FB6 : 00;
5FB7 : 00;
5FB8 : 00;
5FB9 : 00;
5FBA : 00;
5FBB : 00;
5FBC : 00;
5FBD : 00;
5FBE : 00;
5FBF : 00;
5FC0 : 00;
5FC1 : 00;
5FC2 : 00;
5FC3 : 00;
5FC4 : 00;
5FC5 : 00;
5FC6 : 00;
5FC7 : 00;
5FC8 : 00;
5FC9 : 00;
5FCA : 00;
5FCB : 00;
5FCC : 00;
5FCD : 00;
5FCE : 00;
5FCF : 00;
5FD0 : 00;
5FD1 : 00;
5FD2 : 00;
5FD3 : 00;
5FD4 : 00;
5FD5 : 00;
5FD6 : 00;
5FD7 : 00;
5FD8 : 00;
5FD9 : 00;
5FDA : 00;
5FDB : 00;
5FDC : 00;
5FDD : 00;
5FDE : 00;
5FDF : 00;
5FE0 : 00;
5FE1 : 00;
5FE2 : 00;
5FE3 : 00;
5FE4 : 00;
5FE5 : 00;
5FE6 : 00;
5FE7 : 00;
5FE8 : 00;
5FE9 : 00;
5FEA : 00;
5FEB : 00;
5FEC : 00;
5FED : 00;
5FEE : 00;
5FEF : 00;
5FF0 : 00;
5FF1 : 00;
5FF2 : 00;
5FF3 : 00;
5FF4 : 00;
5FF5 : 00;
5FF6 : 00;
5FF7 : 00;
5FF8 : 00;
5FF9 : 00;
5FFA : 00;
5FFB : 00;
5FFC : 00;
5FFD : 00;
5FFE : 00;
5FFF : 00;
6000 : 00;
6001 : 00;
6002 : 00;
6003 : 00;
6004 : 00;
6005 : 00;
6006 : 00;
6007 : 00;
6008 : 00;
6009 : 00;
600A : 00;
600B : 00;
600C : 00;
600D : 00;
600E : 00;
600F : 00;
6010 : 00;
6011 : 00;
6012 : 00;
6013 : 00;
6014 : 00;
6015 : 00;
6016 : 00;
6017 : 00;
6018 : 00;
6019 : 00;
601A : 00;
601B : 00;
601C : 00;
601D : 00;
601E : 00;
601F : 00;
6020 : 00;
6021 : 00;
6022 : 00;
6023 : 00;
6024 : 00;
6025 : 00;
6026 : 00;
6027 : 00;
6028 : 00;
6029 : 00;
602A : 00;
602B : 00;
602C : 00;
602D : 00;
602E : 00;
602F : 00;
6030 : 00;
6031 : 00;
6032 : 00;
6033 : 00;
6034 : 00;
6035 : 00;
6036 : 00;
6037 : 00;
6038 : 00;
6039 : 00;
603A : 00;
603B : 00;
603C : 00;
603D : 00;
603E : 00;
603F : 00;
6040 : 00;
6041 : 00;
6042 : 00;
6043 : 00;
6044 : 00;
6045 : 00;
6046 : 00;
6047 : 00;
6048 : 00;
6049 : 00;
604A : 00;
604B : 00;
604C : 00;
604D : 00;
604E : 00;
604F : 00;
6050 : 00;
6051 : 00;
6052 : 00;
6053 : 00;
6054 : 00;
6055 : 00;
6056 : 00;
6057 : 00;
6058 : 00;
6059 : 00;
605A : 00;
605B : 00;
605C : 00;
605D : 00;
605E : 00;
605F : 00;
6060 : 00;
6061 : 00;
6062 : 00;
6063 : 00;
6064 : 00;
6065 : 00;
6066 : 00;
6067 : 00;
6068 : 00;
6069 : 00;
606A : 00;
606B : 00;
606C : 00;
606D : 00;
606E : 00;
606F : 00;
6070 : 00;
6071 : 00;
6072 : 00;
6073 : 00;
6074 : 00;
6075 : 00;
6076 : 00;
6077 : 00;
6078 : 00;
6079 : 00;
607A : 00;
607B : 00;
607C : 00;
607D : 00;
607E : 00;
607F : 00;
6080 : 00;
6081 : 00;
6082 : 00;
6083 : 00;
6084 : 00;
6085 : 00;
6086 : 00;
6087 : 00;
6088 : 00;
6089 : 00;
608A : 00;
608B : 00;
608C : 00;
608D : 00;
608E : 00;
608F : 00;
6090 : 00;
6091 : 00;
6092 : 00;
6093 : 00;
6094 : 00;
6095 : 00;
6096 : 00;
6097 : 00;
6098 : 00;
6099 : 00;
609A : 00;
609B : 00;
609C : 00;
609D : 00;
609E : 00;
609F : 00;
60A0 : 00;
60A1 : 00;
60A2 : 00;
60A3 : 00;
60A4 : 00;
60A5 : 00;
60A6 : 00;
60A7 : 00;
60A8 : 00;
60A9 : 00;
60AA : 00;
60AB : 00;
60AC : 00;
60AD : 00;
60AE : 00;
60AF : 00;
60B0 : 00;
60B1 : 00;
60B2 : 00;
60B3 : 00;
60B4 : 00;
60B5 : 00;
60B6 : 00;
60B7 : 00;
60B8 : 00;
60B9 : 00;
60BA : 00;
60BB : 00;
60BC : 00;
60BD : 00;
60BE : 00;
60BF : 00;
60C0 : 00;
60C1 : 00;
60C2 : 00;
60C3 : 00;
60C4 : 00;
60C5 : 00;
60C6 : 00;
60C7 : 00;
60C8 : 00;
60C9 : 00;
60CA : 00;
60CB : 00;
60CC : 00;
60CD : 00;
60CE : 00;
60CF : 00;
60D0 : 00;
60D1 : 00;
60D2 : 00;
60D3 : 00;
60D4 : 00;
60D5 : 00;
60D6 : 00;
60D7 : 00;
60D8 : 00;
60D9 : 00;
60DA : 00;
60DB : 00;
60DC : 00;
60DD : 00;
60DE : 00;
60DF : 00;
60E0 : 00;
60E1 : 00;
60E2 : 00;
60E3 : 00;
60E4 : 00;
60E5 : 00;
60E6 : 00;
60E7 : 00;
60E8 : 00;
60E9 : 00;
60EA : 00;
60EB : 00;
60EC : 00;
60ED : 00;
60EE : 00;
60EF : 00;
60F0 : 00;
60F1 : 00;
60F2 : 00;
60F3 : 00;
60F4 : 00;
60F5 : 00;
60F6 : 00;
60F7 : 00;
60F8 : 00;
60F9 : 00;
60FA : 00;
60FB : 00;
60FC : 00;
60FD : 00;
60FE : 00;
60FF : 00;
6100 : 00;
6101 : 00;
6102 : 00;
6103 : 00;
6104 : 00;
6105 : 00;
6106 : 00;
6107 : 00;
6108 : 00;
6109 : 00;
610A : 00;
610B : 00;
610C : 00;
610D : 00;
610E : 00;
610F : 00;
6110 : 00;
6111 : 00;
6112 : 00;
6113 : 00;
6114 : 00;
6115 : 00;
6116 : 00;
6117 : 00;
6118 : 00;
6119 : 00;
611A : 00;
611B : 00;
611C : 00;
611D : 00;
611E : 00;
611F : 00;
6120 : 00;
6121 : 00;
6122 : 00;
6123 : 00;
6124 : 00;
6125 : 00;
6126 : 00;
6127 : 00;
6128 : 00;
6129 : 00;
612A : 00;
612B : 00;
612C : 00;
612D : 00;
612E : 00;
612F : 00;
6130 : 00;
6131 : 00;
6132 : 00;
6133 : 00;
6134 : 00;
6135 : 00;
6136 : 00;
6137 : 00;
6138 : 00;
6139 : 00;
613A : 00;
613B : 00;
613C : 00;
613D : 00;
613E : 00;
613F : 00;
6140 : 00;
6141 : 00;
6142 : 00;
6143 : 00;
6144 : 00;
6145 : 00;
6146 : 00;
6147 : 00;
6148 : 00;
6149 : 00;
614A : 00;
614B : 00;
614C : 00;
614D : 00;
614E : 00;
614F : 00;
6150 : 00;
6151 : 00;
6152 : 00;
6153 : 00;
6154 : 00;
6155 : 00;
6156 : 00;
6157 : 00;
6158 : 00;
6159 : 00;
615A : 00;
615B : 00;
615C : 00;
615D : 00;
615E : 00;
615F : 00;
6160 : 00;
6161 : 00;
6162 : 00;
6163 : 00;
6164 : 00;
6165 : 00;
6166 : 00;
6167 : 00;
6168 : 00;
6169 : 00;
616A : 00;
616B : 00;
616C : 00;
616D : 00;
616E : 00;
616F : 00;
6170 : 00;
6171 : 00;
6172 : 00;
6173 : 00;
6174 : 00;
6175 : 00;
6176 : 00;
6177 : 00;
6178 : 00;
6179 : 00;
617A : 00;
617B : 00;
617C : 00;
617D : 00;
617E : 00;
617F : 00;
6180 : 00;
6181 : 00;
6182 : 00;
6183 : 00;
6184 : 00;
6185 : 00;
6186 : 00;
6187 : 00;
6188 : 00;
6189 : 00;
618A : 00;
618B : 00;
618C : 00;
618D : 00;
618E : 00;
618F : 00;
6190 : 00;
6191 : 00;
6192 : 00;
6193 : 00;
6194 : 00;
6195 : 00;
6196 : 00;
6197 : 00;
6198 : 00;
6199 : 00;
619A : 00;
619B : 00;
619C : 00;
619D : 00;
619E : 00;
619F : 00;
61A0 : 00;
61A1 : 00;
61A2 : 00;
61A3 : 00;
61A4 : 00;
61A5 : 00;
61A6 : 00;
61A7 : 00;
61A8 : 00;
61A9 : 00;
61AA : 00;
61AB : 00;
61AC : 00;
61AD : 00;
61AE : 00;
61AF : 00;
61B0 : 00;
61B1 : 00;
61B2 : 00;
61B3 : 00;
61B4 : 00;
61B5 : 00;
61B6 : 00;
61B7 : 00;
61B8 : 00;
61B9 : 00;
61BA : 00;
61BB : 00;
61BC : 00;
61BD : 00;
61BE : 00;
61BF : 00;
61C0 : 00;
61C1 : 00;
61C2 : 00;
61C3 : 00;
61C4 : 00;
61C5 : 00;
61C6 : 00;
61C7 : 00;
61C8 : 00;
61C9 : 00;
61CA : 00;
61CB : 00;
61CC : 00;
61CD : 00;
61CE : 00;
61CF : 00;
61D0 : 00;
61D1 : 00;
61D2 : 00;
61D3 : 00;
61D4 : 00;
61D5 : 00;
61D6 : 00;
61D7 : 00;
61D8 : 00;
61D9 : 00;
61DA : 00;
61DB : 00;
61DC : 00;
61DD : 00;
61DE : 00;
61DF : 00;
61E0 : 00;
61E1 : 00;
61E2 : 00;
61E3 : 00;
61E4 : 00;
61E5 : 00;
61E6 : 00;
61E7 : 00;
61E8 : 00;
61E9 : 00;
61EA : 00;
61EB : 00;
61EC : 00;
61ED : 00;
61EE : 00;
61EF : 00;
61F0 : 00;
61F1 : 00;
61F2 : 00;
61F3 : 00;
61F4 : 00;
61F5 : 00;
61F6 : 00;
61F7 : 00;
61F8 : 00;
61F9 : 00;
61FA : 00;
61FB : 00;
61FC : 00;
61FD : 00;
61FE : 00;
61FF : 00;
6200 : 00;
6201 : 00;
6202 : 00;
6203 : 00;
6204 : 00;
6205 : 00;
6206 : 00;
6207 : 00;
6208 : 00;
6209 : 00;
620A : 00;
620B : 00;
620C : 00;
620D : 00;
620E : 00;
620F : 00;
6210 : 00;
6211 : 00;
6212 : 00;
6213 : 00;
6214 : 00;
6215 : 00;
6216 : 00;
6217 : 00;
6218 : 00;
6219 : 00;
621A : 00;
621B : 00;
621C : 00;
621D : 00;
621E : 00;
621F : 00;
6220 : 00;
6221 : 00;
6222 : 00;
6223 : 00;
6224 : 00;
6225 : 00;
6226 : 00;
6227 : 00;
6228 : 00;
6229 : 00;
622A : 00;
622B : 00;
622C : 00;
622D : 00;
622E : 00;
622F : 00;
6230 : 00;
6231 : 00;
6232 : 00;
6233 : 00;
6234 : 00;
6235 : 00;
6236 : 00;
6237 : 00;
6238 : 00;
6239 : 00;
623A : 00;
623B : 00;
623C : 00;
623D : 00;
623E : 00;
623F : 00;
6240 : 00;
6241 : 00;
6242 : 00;
6243 : 00;
6244 : 00;
6245 : 00;
6246 : 00;
6247 : 00;
6248 : 00;
6249 : 00;
624A : 00;
624B : 00;
624C : 00;
624D : 00;
624E : 00;
624F : 00;
6250 : 00;
6251 : 00;
6252 : 00;
6253 : 00;
6254 : 00;
6255 : 00;
6256 : 00;
6257 : 00;
6258 : 00;
6259 : 00;
625A : 00;
625B : 00;
625C : 00;
625D : 00;
625E : 00;
625F : 00;
6260 : 00;
6261 : 00;
6262 : 00;
6263 : 00;
6264 : 00;
6265 : 00;
6266 : 00;
6267 : 00;
6268 : 00;
6269 : 00;
626A : 00;
626B : 00;
626C : 00;
626D : 00;
626E : 00;
626F : 00;
6270 : 00;
6271 : 00;
6272 : 00;
6273 : 00;
6274 : 00;
6275 : 00;
6276 : 00;
6277 : 00;
6278 : 00;
6279 : 00;
627A : 00;
627B : 00;
627C : 00;
627D : 00;
627E : 00;
627F : 00;
6280 : 00;
6281 : 00;
6282 : 00;
6283 : 00;
6284 : 00;
6285 : 00;
6286 : 00;
6287 : 00;
6288 : 00;
6289 : 00;
628A : 00;
628B : 00;
628C : 00;
628D : 00;
628E : 00;
628F : 00;
6290 : 00;
6291 : 00;
6292 : 00;
6293 : 00;
6294 : 00;
6295 : 00;
6296 : 00;
6297 : 00;
6298 : 00;
6299 : 00;
629A : 00;
629B : 00;
629C : 00;
629D : 00;
629E : 00;
629F : 00;
62A0 : 00;
62A1 : 00;
62A2 : 00;
62A3 : 00;
62A4 : 00;
62A5 : 00;
62A6 : 00;
62A7 : 00;
62A8 : 00;
62A9 : 00;
62AA : 00;
62AB : 00;
62AC : 00;
62AD : 00;
62AE : 00;
62AF : 00;
62B0 : 00;
62B1 : 00;
62B2 : 00;
62B3 : 00;
62B4 : 00;
62B5 : 00;
62B6 : 00;
62B7 : 00;
62B8 : 00;
62B9 : 00;
62BA : 00;
62BB : 00;
62BC : 00;
62BD : 00;
62BE : 00;
62BF : 00;
62C0 : 00;
62C1 : 00;
62C2 : 00;
62C3 : 00;
62C4 : 00;
62C5 : 00;
62C6 : 00;
62C7 : 00;
62C8 : 00;
62C9 : 00;
62CA : 00;
62CB : 00;
62CC : 00;
62CD : 00;
62CE : 00;
62CF : 00;
62D0 : 00;
62D1 : 00;
62D2 : 00;
62D3 : 00;
62D4 : 00;
62D5 : 00;
62D6 : 00;
62D7 : 00;
62D8 : 00;
62D9 : 00;
62DA : 00;
62DB : 00;
62DC : 00;
62DD : 00;
62DE : 00;
62DF : 00;
62E0 : 00;
62E1 : 00;
62E2 : 00;
62E3 : 00;
62E4 : 00;
62E5 : 00;
62E6 : 00;
62E7 : 00;
62E8 : 00;
62E9 : 00;
62EA : 00;
62EB : 00;
62EC : 00;
62ED : 00;
62EE : 00;
62EF : 00;
62F0 : 00;
62F1 : 00;
62F2 : 00;
62F3 : 00;
62F4 : 00;
62F5 : 00;
62F6 : 00;
62F7 : 00;
62F8 : 00;
62F9 : 00;
62FA : 00;
62FB : 00;
62FC : 00;
62FD : 00;
62FE : 00;
62FF : 00;
6300 : 00;
6301 : 00;
6302 : 00;
6303 : 00;
6304 : 00;
6305 : 00;
6306 : 00;
6307 : 00;
6308 : 00;
6309 : 00;
630A : 00;
630B : 00;
630C : 00;
630D : 00;
630E : 00;
630F : 00;
6310 : 00;
6311 : 00;
6312 : 00;
6313 : 00;
6314 : 00;
6315 : 00;
6316 : 00;
6317 : 00;
6318 : 00;
6319 : 00;
631A : 00;
631B : 00;
631C : 00;
631D : 00;
631E : 00;
631F : 00;
6320 : 00;
6321 : 00;
6322 : 00;
6323 : 00;
6324 : 00;
6325 : 00;
6326 : 00;
6327 : 00;
6328 : 00;
6329 : 00;
632A : 00;
632B : 00;
632C : 00;
632D : 00;
632E : 00;
632F : 00;
6330 : 00;
6331 : 00;
6332 : 00;
6333 : 00;
6334 : 00;
6335 : 00;
6336 : 00;
6337 : 00;
6338 : 00;
6339 : 00;
633A : 00;
633B : 00;
633C : 00;
633D : 00;
633E : 00;
633F : 00;
6340 : 00;
6341 : 00;
6342 : 00;
6343 : 00;
6344 : 00;
6345 : 00;
6346 : 00;
6347 : 00;
6348 : 00;
6349 : 00;
634A : 00;
634B : 00;
634C : 00;
634D : 00;
634E : 00;
634F : 00;
6350 : 00;
6351 : 00;
6352 : 00;
6353 : 00;
6354 : 00;
6355 : 00;
6356 : 00;
6357 : 00;
6358 : 00;
6359 : 00;
635A : 00;
635B : 00;
635C : 00;
635D : 00;
635E : 00;
635F : 00;
6360 : 00;
6361 : 00;
6362 : 00;
6363 : 00;
6364 : 00;
6365 : 00;
6366 : 00;
6367 : 00;
6368 : 00;
6369 : 00;
636A : 00;
636B : 00;
636C : 00;
636D : 00;
636E : 00;
636F : 00;
6370 : 00;
6371 : 00;
6372 : 00;
6373 : 00;
6374 : 00;
6375 : 00;
6376 : 00;
6377 : 00;
6378 : 00;
6379 : 00;
637A : 00;
637B : 00;
637C : 00;
637D : 00;
637E : 00;
637F : 00;
6380 : 00;
6381 : 00;
6382 : 00;
6383 : 00;
6384 : 00;
6385 : 00;
6386 : 00;
6387 : 00;
6388 : 00;
6389 : 00;
638A : 00;
638B : 00;
638C : 00;
638D : 00;
638E : 00;
638F : 00;
6390 : 00;
6391 : 00;
6392 : 00;
6393 : 00;
6394 : 00;
6395 : 00;
6396 : 00;
6397 : 00;
6398 : 00;
6399 : 00;
639A : 00;
639B : 00;
639C : 00;
639D : 00;
639E : 00;
639F : 00;
63A0 : 00;
63A1 : 00;
63A2 : 00;
63A3 : 00;
63A4 : 00;
63A5 : 00;
63A6 : 00;
63A7 : 00;
63A8 : 00;
63A9 : 00;
63AA : 00;
63AB : 00;
63AC : 00;
63AD : 00;
63AE : 00;
63AF : 00;
63B0 : 00;
63B1 : 00;
63B2 : 00;
63B3 : 00;
63B4 : 00;
63B5 : 00;
63B6 : 00;
63B7 : 00;
63B8 : 00;
63B9 : 00;
63BA : 00;
63BB : 00;
63BC : 00;
63BD : 00;
63BE : 00;
63BF : 00;
63C0 : 00;
63C1 : 00;
63C2 : 00;
63C3 : 00;
63C4 : 00;
63C5 : 00;
63C6 : 00;
63C7 : 00;
63C8 : 00;
63C9 : 00;
63CA : 00;
63CB : 00;
63CC : 00;
63CD : 00;
63CE : 00;
63CF : 00;
63D0 : 00;
63D1 : 00;
63D2 : 00;
63D3 : 00;
63D4 : 00;
63D5 : 00;
63D6 : 00;
63D7 : 00;
63D8 : 00;
63D9 : 00;
63DA : 00;
63DB : 00;
63DC : 00;
63DD : 00;
63DE : 00;
63DF : 00;
63E0 : 00;
63E1 : 00;
63E2 : 00;
63E3 : 00;
63E4 : 00;
63E5 : 00;
63E6 : 00;
63E7 : 00;
63E8 : 00;
63E9 : 00;
63EA : 00;
63EB : 00;
63EC : 00;
63ED : 00;
63EE : 00;
63EF : 00;
63F0 : 00;
63F1 : 00;
63F2 : 00;
63F3 : 00;
63F4 : 00;
63F5 : 00;
63F6 : 00;
63F7 : 00;
63F8 : 00;
63F9 : 00;
63FA : 00;
63FB : 00;
63FC : 00;
63FD : 00;
63FE : 00;
63FF : 00;
6400 : 00;
6401 : 00;
6402 : 00;
6403 : 00;
6404 : 00;
6405 : 00;
6406 : 00;
6407 : 00;
6408 : 00;
6409 : 00;
640A : 00;
640B : 00;
640C : 00;
640D : 00;
640E : 00;
640F : 00;
6410 : 00;
6411 : 00;
6412 : 00;
6413 : 00;
6414 : 00;
6415 : 00;
6416 : 00;
6417 : 00;
6418 : 00;
6419 : 00;
641A : 00;
641B : 00;
641C : 00;
641D : 00;
641E : 00;
641F : 00;
6420 : 00;
6421 : 00;
6422 : 00;
6423 : 00;
6424 : 00;
6425 : 00;
6426 : 00;
6427 : 00;
6428 : 00;
6429 : 00;
642A : 00;
642B : 00;
642C : 00;
642D : 00;
642E : 00;
642F : 00;
6430 : 00;
6431 : 00;
6432 : 00;
6433 : 00;
6434 : 00;
6435 : 00;
6436 : 00;
6437 : 00;
6438 : 00;
6439 : 00;
643A : 00;
643B : 00;
643C : 00;
643D : 00;
643E : 00;
643F : 00;
6440 : 00;
6441 : 00;
6442 : 00;
6443 : 00;
6444 : 00;
6445 : 00;
6446 : 00;
6447 : 00;
6448 : 00;
6449 : 00;
644A : 00;
644B : 00;
644C : 00;
644D : 00;
644E : 00;
644F : 00;
6450 : 00;
6451 : 00;
6452 : 00;
6453 : 00;
6454 : 00;
6455 : 00;
6456 : 00;
6457 : 00;
6458 : 00;
6459 : 00;
645A : 00;
645B : 00;
645C : 00;
645D : 00;
645E : 00;
645F : 00;
6460 : 00;
6461 : 00;
6462 : 00;
6463 : 00;
6464 : 00;
6465 : 00;
6466 : 00;
6467 : 00;
6468 : 00;
6469 : 00;
646A : 00;
646B : 00;
646C : 00;
646D : 00;
646E : 00;
646F : 00;
6470 : 00;
6471 : 00;
6472 : 00;
6473 : 00;
6474 : 00;
6475 : 00;
6476 : 00;
6477 : 00;
6478 : 00;
6479 : 00;
647A : 00;
647B : 00;
647C : 00;
647D : 00;
647E : 00;
647F : 00;
6480 : 00;
6481 : 00;
6482 : 00;
6483 : 00;
6484 : 00;
6485 : 00;
6486 : 00;
6487 : 00;
6488 : 00;
6489 : 00;
648A : 00;
648B : 00;
648C : 00;
648D : 00;
648E : 00;
648F : 00;
6490 : 00;
6491 : 00;
6492 : 00;
6493 : 00;
6494 : 00;
6495 : 00;
6496 : 00;
6497 : 00;
6498 : 00;
6499 : 00;
649A : 00;
649B : 00;
649C : 00;
649D : 00;
649E : 00;
649F : 00;
64A0 : 00;
64A1 : 00;
64A2 : 00;
64A3 : 00;
64A4 : 00;
64A5 : 00;
64A6 : 00;
64A7 : 00;
64A8 : 00;
64A9 : 00;
64AA : 00;
64AB : 00;
64AC : 00;
64AD : 00;
64AE : 00;
64AF : 00;
64B0 : 00;
64B1 : 00;
64B2 : 00;
64B3 : 00;
64B4 : 00;
64B5 : 00;
64B6 : 00;
64B7 : 00;
64B8 : 00;
64B9 : 00;
64BA : 00;
64BB : 00;
64BC : 00;
64BD : 00;
64BE : 00;
64BF : 00;
64C0 : 00;
64C1 : 00;
64C2 : 00;
64C3 : 00;
64C4 : 00;
64C5 : 00;
64C6 : 00;
64C7 : 00;
64C8 : 00;
64C9 : 00;
64CA : 00;
64CB : 00;
64CC : 00;
64CD : 00;
64CE : 00;
64CF : 00;
64D0 : 00;
64D1 : 00;
64D2 : 00;
64D3 : 00;
64D4 : 00;
64D5 : 00;
64D6 : 00;
64D7 : 00;
64D8 : 00;
64D9 : 00;
64DA : 00;
64DB : 00;
64DC : 00;
64DD : 00;
64DE : 00;
64DF : 00;
64E0 : 00;
64E1 : 00;
64E2 : 00;
64E3 : 00;
64E4 : 00;
64E5 : 00;
64E6 : 00;
64E7 : 00;
64E8 : 00;
64E9 : 00;
64EA : 00;
64EB : 00;
64EC : 00;
64ED : 00;
64EE : 00;
64EF : 00;
64F0 : 00;
64F1 : 00;
64F2 : 00;
64F3 : 00;
64F4 : 00;
64F5 : 00;
64F6 : 00;
64F7 : 00;
64F8 : 00;
64F9 : 00;
64FA : 00;
64FB : 00;
64FC : 00;
64FD : 00;
64FE : 00;
64FF : 00;
6500 : 00;
6501 : 00;
6502 : 00;
6503 : 00;
6504 : 00;
6505 : 00;
6506 : 00;
6507 : 00;
6508 : 00;
6509 : 00;
650A : 00;
650B : 00;
650C : 00;
650D : 00;
650E : 00;
650F : 00;
6510 : 00;
6511 : 00;
6512 : 00;
6513 : 00;
6514 : 00;
6515 : 00;
6516 : 00;
6517 : 00;
6518 : 00;
6519 : 00;
651A : 00;
651B : 00;
651C : 00;
651D : 00;
651E : 00;
651F : 00;
6520 : 00;
6521 : 00;
6522 : 00;
6523 : 00;
6524 : 00;
6525 : 00;
6526 : 00;
6527 : 00;
6528 : 00;
6529 : 00;
652A : 00;
652B : 00;
652C : 00;
652D : 00;
652E : 00;
652F : 00;
6530 : 00;
6531 : 00;
6532 : 00;
6533 : 00;
6534 : 00;
6535 : 00;
6536 : 00;
6537 : 00;
6538 : 00;
6539 : 00;
653A : 00;
653B : 00;
653C : 00;
653D : 00;
653E : 00;
653F : 00;
6540 : 00;
6541 : 00;
6542 : 00;
6543 : 00;
6544 : 00;
6545 : 00;
6546 : 00;
6547 : 00;
6548 : 00;
6549 : 00;
654A : 00;
654B : 00;
654C : 00;
654D : 00;
654E : 00;
654F : 00;
6550 : 00;
6551 : 00;
6552 : 00;
6553 : 00;
6554 : 00;
6555 : 00;
6556 : 00;
6557 : 00;
6558 : 00;
6559 : 00;
655A : 00;
655B : 00;
655C : 00;
655D : 00;
655E : 00;
655F : 00;
6560 : 00;
6561 : 00;
6562 : 00;
6563 : 00;
6564 : 00;
6565 : 00;
6566 : 00;
6567 : 00;
6568 : 00;
6569 : 00;
656A : 00;
656B : 00;
656C : 00;
656D : 00;
656E : 00;
656F : 00;
6570 : 00;
6571 : 00;
6572 : 00;
6573 : 00;
6574 : 00;
6575 : 00;
6576 : 00;
6577 : 00;
6578 : 00;
6579 : 00;
657A : 00;
657B : 00;
657C : 00;
657D : 00;
657E : 00;
657F : 00;
6580 : 00;
6581 : 00;
6582 : 00;
6583 : 00;
6584 : 00;
6585 : 00;
6586 : 00;
6587 : 00;
6588 : 00;
6589 : 00;
658A : 00;
658B : 00;
658C : 00;
658D : 00;
658E : 00;
658F : 00;
6590 : 00;
6591 : 00;
6592 : 00;
6593 : 00;
6594 : 00;
6595 : 00;
6596 : 00;
6597 : 00;
6598 : 00;
6599 : 00;
659A : 00;
659B : 00;
659C : 00;
659D : 00;
659E : 00;
659F : 00;
65A0 : 00;
65A1 : 00;
65A2 : 00;
65A3 : 00;
65A4 : 00;
65A5 : 00;
65A6 : 00;
65A7 : 00;
65A8 : 00;
65A9 : 00;
65AA : 00;
65AB : 00;
65AC : 00;
65AD : 00;
65AE : 00;
65AF : 00;
65B0 : 00;
65B1 : 00;
65B2 : 00;
65B3 : 00;
65B4 : 00;
65B5 : 00;
65B6 : 00;
65B7 : 00;
65B8 : 00;
65B9 : 00;
65BA : 00;
65BB : 00;
65BC : 00;
65BD : 00;
65BE : 00;
65BF : 00;
65C0 : 00;
65C1 : 00;
65C2 : 00;
65C3 : 00;
65C4 : 00;
65C5 : 00;
65C6 : 00;
65C7 : 00;
65C8 : 00;
65C9 : 00;
65CA : 00;
65CB : 00;
65CC : 00;
65CD : 00;
65CE : 00;
65CF : 00;
65D0 : 00;
65D1 : 00;
65D2 : 00;
65D3 : 00;
65D4 : 00;
65D5 : 00;
65D6 : 00;
65D7 : 00;
65D8 : 00;
65D9 : 00;
65DA : 00;
65DB : 00;
65DC : 00;
65DD : 00;
65DE : 00;
65DF : 00;
65E0 : 00;
65E1 : 00;
65E2 : 00;
65E3 : 00;
65E4 : 00;
65E5 : 00;
65E6 : 00;
65E7 : 00;
65E8 : 00;
65E9 : 00;
65EA : 00;
65EB : 00;
65EC : 00;
65ED : 00;
65EE : 00;
65EF : 00;
65F0 : 00;
65F1 : 00;
65F2 : 00;
65F3 : 00;
65F4 : 00;
65F5 : 00;
65F6 : 00;
65F7 : 00;
65F8 : 00;
65F9 : 00;
65FA : 00;
65FB : 00;
65FC : 00;
65FD : 00;
65FE : 00;
65FF : 00;
6600 : 00;
6601 : 00;
6602 : 00;
6603 : 00;
6604 : 00;
6605 : 00;
6606 : 00;
6607 : 00;
6608 : 00;
6609 : 00;
660A : 00;
660B : 00;
660C : 00;
660D : 00;
660E : 00;
660F : 00;
6610 : 00;
6611 : 00;
6612 : 00;
6613 : 00;
6614 : 00;
6615 : 00;
6616 : 00;
6617 : 00;
6618 : 00;
6619 : 00;
661A : 00;
661B : 00;
661C : 00;
661D : 00;
661E : 00;
661F : 00;
6620 : 00;
6621 : 00;
6622 : 00;
6623 : 00;
6624 : 00;
6625 : 00;
6626 : 00;
6627 : 00;
6628 : 00;
6629 : 00;
662A : 00;
662B : 00;
662C : 00;
662D : 00;
662E : 00;
662F : 00;
6630 : 00;
6631 : 00;
6632 : 00;
6633 : 00;
6634 : 00;
6635 : 00;
6636 : 00;
6637 : 00;
6638 : 00;
6639 : 00;
663A : 00;
663B : 00;
663C : 00;
663D : 00;
663E : 00;
663F : 00;
6640 : 00;
6641 : 00;
6642 : 00;
6643 : 00;
6644 : 00;
6645 : 00;
6646 : 00;
6647 : 00;
6648 : 00;
6649 : 00;
664A : 00;
664B : 00;
664C : 00;
664D : 00;
664E : 00;
664F : 00;
6650 : 00;
6651 : 00;
6652 : 00;
6653 : 00;
6654 : 00;
6655 : 00;
6656 : 00;
6657 : 00;
6658 : 00;
6659 : 00;
665A : 00;
665B : 00;
665C : 00;
665D : 00;
665E : 00;
665F : 00;
6660 : 00;
6661 : 00;
6662 : 00;
6663 : 00;
6664 : 00;
6665 : 00;
6666 : 00;
6667 : 00;
6668 : 00;
6669 : 00;
666A : 00;
666B : 00;
666C : 00;
666D : 00;
666E : 00;
666F : 00;
6670 : 00;
6671 : 00;
6672 : 00;
6673 : 00;
6674 : 00;
6675 : 00;
6676 : 00;
6677 : 00;
6678 : CD;
6679 : 33;
667A : 11;
667B : 00;
667C : 00;
667D : 00;
667E : 00;
667F : 00;
6680 : 00;
6681 : 00;
6682 : 00;
6683 : 00;
6684 : 00;
6685 : 00;
6686 : 00;
6687 : 00;
6688 : 00;
6689 : 00;
668A : 00;
668B : 00;
668C : 00;
668D : 00;
668E : 00;
668F : 00;
6690 : 00;
6691 : 00;
6692 : 00;
6693 : 00;
6694 : 00;
6695 : 00;
6696 : 00;
6697 : 00;
6698 : 00;
6699 : 00;
669A : 00;
669B : 00;
669C : 00;
669D : 00;
669E : 00;
669F : 00;
66A0 : 00;
66A1 : 00;
66A2 : 00;
66A3 : 00;
66A4 : 00;
66A5 : 00;
66A6 : 00;
66A7 : 00;
66A8 : 00;
66A9 : 00;
66AA : 00;
66AB : 00;
66AC : 00;
66AD : 00;
66AE : 00;
66AF : 00;
66B0 : 00;
66B1 : 00;
66B2 : 00;
66B3 : 00;
66B4 : 00;
66B5 : 00;
66B6 : 00;
66B7 : 00;
66B8 : 00;
66B9 : 00;
66BA : 00;
66BB : 00;
66BC : 00;
66BD : 00;
66BE : 00;
66BF : 00;
66C0 : 00;
66C1 : 00;
66C2 : 00;
66C3 : 00;
66C4 : 00;
66C5 : 00;
66C6 : 00;
66C7 : 00;
66C8 : 00;
66C9 : 00;
66CA : 00;
66CB : 00;
66CC : 00;
66CD : 00;
66CE : 00;
66CF : 00;
66D0 : 00;
66D1 : 00;
66D2 : 00;
66D3 : 00;
66D4 : 00;
66D5 : 00;
66D6 : 00;
66D7 : 00;
66D8 : 00;
66D9 : 00;
66DA : 00;
66DB : 00;
66DC : 00;
66DD : 00;
66DE : 00;
66DF : 00;
66E0 : 00;
66E1 : 00;
66E2 : 00;
66E3 : 00;
66E4 : 00;
66E5 : 00;
66E6 : 00;
66E7 : 00;
66E8 : 00;
66E9 : 00;
66EA : 00;
66EB : 00;
66EC : 00;
66ED : 00;
66EE : 00;
66EF : 00;
66F0 : 00;
66F1 : 00;
66F2 : 00;
66F3 : 00;
66F4 : 00;
66F5 : 00;
66F6 : 00;
66F7 : 00;
66F8 : 00;
66F9 : 00;
66FA : 00;
66FB : 00;
66FC : 00;
66FD : 00;
66FE : 00;
66FF : 00;
6700 : 00;
6701 : 00;
6702 : 00;
6703 : 00;
6704 : 00;
6705 : 00;
6706 : 00;
6707 : 00;
6708 : 00;
6709 : 00;
670A : 00;
670B : 00;
670C : 00;
670D : 00;
670E : 00;
670F : 00;
6710 : 00;
6711 : 00;
6712 : 00;
6713 : 00;
6714 : 00;
6715 : 00;
6716 : 00;
6717 : 00;
6718 : 00;
6719 : 00;
671A : 00;
671B : 00;
671C : 00;
671D : 00;
671E : 00;
671F : 00;
6720 : 00;
6721 : 00;
6722 : 00;
6723 : 00;
6724 : 00;
6725 : 00;
6726 : 00;
6727 : 00;
6728 : 00;
6729 : 00;
672A : 00;
672B : 00;
672C : 00;
672D : 00;
672E : 00;
672F : 00;
6730 : 00;
6731 : 00;
6732 : 00;
6733 : 00;
6734 : 00;
6735 : 00;
6736 : 00;
6737 : 00;
6738 : 00;
6739 : 00;
673A : 00;
673B : 00;
673C : 00;
673D : 00;
673E : 00;
673F : 00;
6740 : 00;
6741 : 00;
6742 : 00;
6743 : 00;
6744 : 00;
6745 : 00;
6746 : 00;
6747 : 00;
6748 : 00;
6749 : 00;
674A : 00;
674B : 00;
674C : 00;
674D : 00;
674E : 00;
674F : 00;
6750 : 00;
6751 : 00;
6752 : 00;
6753 : 00;
6754 : 00;
6755 : 00;
6756 : 00;
6757 : 00;
6758 : 00;
6759 : 00;
675A : 00;
675B : 00;
675C : 00;
675D : 00;
675E : 00;
675F : 00;
6760 : 00;
6761 : 00;
6762 : 00;
6763 : 00;
6764 : 00;
6765 : 00;
6766 : 00;
6767 : 00;
6768 : 00;
6769 : 00;
676A : 00;
676B : 00;
676C : 00;
676D : 00;
676E : 00;
676F : 00;
6770 : 00;
6771 : 00;
6772 : 00;
6773 : 00;
6774 : 00;
6775 : 00;
6776 : 00;
6777 : 00;
6778 : 00;
6779 : 00;
677A : 00;
677B : 00;
677C : 00;
677D : 00;
677E : 00;
677F : 00;
6780 : 00;
6781 : 00;
6782 : 00;
6783 : 00;
6784 : 00;
6785 : 00;
6786 : 00;
6787 : 00;
6788 : 00;
6789 : 00;
678A : 00;
678B : 00;
678C : 00;
678D : 00;
678E : 00;
678F : 00;
6790 : 00;
6791 : 00;
6792 : 00;
6793 : 00;
6794 : 00;
6795 : 00;
6796 : 00;
6797 : 00;
6798 : 00;
6799 : 00;
679A : 00;
679B : 00;
679C : 00;
679D : 00;
679E : 00;
679F : 00;
67A0 : 00;
67A1 : 00;
67A2 : 00;
67A3 : 00;
67A4 : 00;
67A5 : 00;
67A6 : 00;
67A7 : 00;
67A8 : 00;
67A9 : 00;
67AA : 00;
67AB : 00;
67AC : 00;
67AD : 00;
67AE : 00;
67AF : 00;
67B0 : 00;
67B1 : 00;
67B2 : 00;
67B3 : 00;
67B4 : 00;
67B5 : 00;
67B6 : 00;
67B7 : 00;
67B8 : 00;
67B9 : 00;
67BA : 00;
67BB : 00;
67BC : 00;
67BD : 00;
67BE : 00;
67BF : 00;
67C0 : 00;
67C1 : 00;
67C2 : 00;
67C3 : 00;
67C4 : 00;
67C5 : 00;
67C6 : 00;
67C7 : 00;
67C8 : 00;
67C9 : 00;
67CA : 00;
67CB : 00;
67CC : 00;
67CD : 00;
67CE : 00;
67CF : 00;
67D0 : 00;
67D1 : 00;
67D2 : 00;
67D3 : 00;
67D4 : 00;
67D5 : 00;
67D6 : 00;
67D7 : 00;
67D8 : 00;
67D9 : 00;
67DA : 00;
67DB : 00;
67DC : 00;
67DD : 00;
67DE : 00;
67DF : 00;
67E0 : 00;
67E1 : 00;
67E2 : 00;
67E3 : 00;
67E4 : 00;
67E5 : 00;
67E6 : 00;
67E7 : 00;
67E8 : 00;
67E9 : 00;
67EA : 00;
67EB : 00;
67EC : 00;
67ED : 00;
67EE : 00;
67EF : 00;
67F0 : 00;
67F1 : 00;
67F2 : 00;
67F3 : 00;
67F4 : 00;
67F5 : 00;
67F6 : 00;
67F7 : 00;
67F8 : 00;
67F9 : 00;
67FA : 00;
67FB : 00;
67FC : 00;
67FD : 00;
67FE : 00;
67FF : 00;
6800 : 00;
6801 : 00;
6802 : 00;
6803 : 00;
6804 : 00;
6805 : 00;
6806 : 00;
6807 : 00;
6808 : 00;
6809 : 00;
680A : 00;
680B : 00;
680C : 00;
680D : 00;
680E : 00;
680F : 00;
6810 : 00;
6811 : 00;
6812 : 00;
6813 : 00;
6814 : 00;
6815 : 00;
6816 : 00;
6817 : 00;
6818 : 00;
6819 : 00;
681A : 00;
681B : 00;
681C : 00;
681D : 00;
681E : 00;
681F : 00;
6820 : 00;
6821 : 00;
6822 : 00;
6823 : 00;
6824 : 00;
6825 : 00;
6826 : 00;
6827 : 00;
6828 : 00;
6829 : 00;
682A : 00;
682B : 00;
682C : 00;
682D : 00;
682E : 00;
682F : 00;
6830 : 00;
6831 : 00;
6832 : 00;
6833 : 00;
6834 : 00;
6835 : 00;
6836 : 00;
6837 : 00;
6838 : 00;
6839 : 00;
683A : 00;
683B : 00;
683C : 00;
683D : 00;
683E : 00;
683F : 00;
6840 : 00;
6841 : 00;
6842 : 00;
6843 : 00;
6844 : 00;
6845 : 00;
6846 : 00;
6847 : 00;
6848 : 00;
6849 : 00;
684A : 00;
684B : 00;
684C : 00;
684D : 00;
684E : 00;
684F : 00;
6850 : 00;
6851 : 00;
6852 : 00;
6853 : 00;
6854 : 00;
6855 : 00;
6856 : 00;
6857 : 00;
6858 : 00;
6859 : 00;
685A : 00;
685B : 00;
685C : 00;
685D : 00;
685E : 00;
685F : 00;
6860 : 00;
6861 : 00;
6862 : 00;
6863 : 00;
6864 : 00;
6865 : 00;
6866 : 00;
6867 : 00;
6868 : 00;
6869 : 00;
686A : 00;
686B : 00;
686C : 00;
686D : 00;
686E : 00;
686F : 00;
6870 : 00;
6871 : 00;
6872 : 00;
6873 : 00;
6874 : 00;
6875 : 00;
6876 : 00;
6877 : 00;
6878 : 00;
6879 : 00;
687A : 00;
687B : 00;
687C : 00;
687D : 00;
687E : 00;
687F : 00;
6880 : 00;
6881 : 00;
6882 : 00;
6883 : 00;
6884 : 00;
6885 : 00;
6886 : 00;
6887 : 00;
6888 : 00;
6889 : 00;
688A : 00;
688B : 00;
688C : 00;
688D : 00;
688E : 00;
688F : 00;
6890 : 00;
6891 : 00;
6892 : 00;
6893 : 00;
6894 : 00;
6895 : 00;
6896 : 00;
6897 : 00;
6898 : 00;
6899 : 00;
689A : 00;
689B : 00;
689C : 00;
689D : 00;
689E : 00;
689F : 00;
68A0 : 00;
68A1 : 00;
68A2 : 00;
68A3 : 00;
68A4 : 00;
68A5 : 00;
68A6 : 00;
68A7 : 00;
68A8 : 00;
68A9 : 00;
68AA : 00;
68AB : 00;
68AC : 00;
68AD : 00;
68AE : 00;
68AF : 00;
68B0 : 00;
68B1 : 00;
68B2 : 00;
68B3 : 00;
68B4 : 00;
68B5 : 00;
68B6 : 00;
68B7 : 00;
68B8 : 00;
68B9 : 00;
68BA : 00;
68BB : 00;
68BC : 00;
68BD : 00;
68BE : 00;
68BF : 00;
68C0 : 00;
68C1 : 00;
68C2 : 00;
68C3 : 00;
68C4 : 00;
68C5 : 00;
68C6 : 00;
68C7 : 00;
68C8 : 00;
68C9 : 00;
68CA : 00;
68CB : 00;
68CC : 00;
68CD : 00;
68CE : 00;
68CF : 00;
68D0 : 00;
68D1 : 00;
68D2 : 00;
68D3 : 00;
68D4 : 00;
68D5 : 00;
68D6 : 00;
68D7 : 00;
68D8 : 00;
68D9 : 00;
68DA : 00;
68DB : 00;
68DC : 00;
68DD : 00;
68DE : 00;
68DF : 00;
68E0 : 00;
68E1 : 00;
68E2 : 00;
68E3 : 00;
68E4 : 00;
68E5 : 00;
68E6 : 00;
68E7 : 00;
68E8 : 00;
68E9 : 00;
68EA : 00;
68EB : 00;
68EC : 00;
68ED : 00;
68EE : 00;
68EF : 00;
68F0 : 00;
68F1 : 00;
68F2 : 00;
68F3 : 00;
68F4 : 00;
68F5 : 00;
68F6 : 00;
68F7 : 00;
68F8 : 00;
68F9 : 00;
68FA : 00;
68FB : 00;
68FC : 00;
68FD : 00;
68FE : 00;
68FF : 00;
6900 : 00;
6901 : 00;
6902 : 00;
6903 : 00;
6904 : 00;
6905 : 00;
6906 : 00;
6907 : 00;
6908 : 00;
6909 : 00;
690A : 00;
690B : 00;
690C : 00;
690D : 00;
690E : 00;
690F : 00;
6910 : 00;
6911 : 00;
6912 : 00;
6913 : 00;
6914 : 00;
6915 : 00;
6916 : 00;
6917 : 00;
6918 : 00;
6919 : 00;
691A : 00;
691B : 00;
691C : 00;
691D : 00;
691E : 00;
691F : 00;
6920 : 00;
6921 : 00;
6922 : 00;
6923 : 00;
6924 : 00;
6925 : 00;
6926 : 00;
6927 : 00;
6928 : 00;
6929 : 00;
692A : 00;
692B : 00;
692C : 00;
692D : 00;
692E : 00;
692F : 00;
6930 : 00;
6931 : 00;
6932 : 00;
6933 : 00;
6934 : 00;
6935 : 00;
6936 : 00;
6937 : 00;
6938 : 00;
6939 : 00;
693A : 00;
693B : 00;
693C : 00;
693D : 00;
693E : 00;
693F : 00;
6940 : 00;
6941 : 00;
6942 : 00;
6943 : 00;
6944 : 00;
6945 : 00;
6946 : 00;
6947 : 00;
6948 : 00;
6949 : 00;
694A : 00;
694B : 00;
694C : 00;
694D : 00;
694E : 00;
694F : 00;
6950 : 00;
6951 : 00;
6952 : 00;
6953 : 00;
6954 : 00;
6955 : 00;
6956 : 00;
6957 : 00;
6958 : 00;
6959 : 00;
695A : 00;
695B : 00;
695C : 00;
695D : 00;
695E : 00;
695F : 00;
6960 : 00;
6961 : 00;
6962 : 00;
6963 : 00;
6964 : 00;
6965 : 00;
6966 : 00;
6967 : 00;
6968 : 00;
6969 : 00;
696A : 00;
696B : 00;
696C : 00;
696D : 00;
696E : 00;
696F : 00;
6970 : 00;
6971 : 00;
6972 : 00;
6973 : 00;
6974 : 00;
6975 : 00;
6976 : 00;
6977 : 00;
6978 : 00;
6979 : 00;
697A : 00;
697B : 00;
697C : 00;
697D : 00;
697E : 00;
697F : 00;
6980 : 00;
6981 : 00;
6982 : 00;
6983 : 00;
6984 : 00;
6985 : 00;
6986 : 00;
6987 : 00;
6988 : 00;
6989 : 00;
698A : 00;
698B : 00;
698C : 00;
698D : 00;
698E : 00;
698F : 00;
6990 : 00;
6991 : 00;
6992 : 00;
6993 : 00;
6994 : 00;
6995 : 00;
6996 : 00;
6997 : 00;
6998 : 00;
6999 : 00;
699A : 00;
699B : 00;
699C : 00;
699D : 00;
699E : 00;
699F : 00;
69A0 : 00;
69A1 : 00;
69A2 : 00;
69A3 : 00;
69A4 : 00;
69A5 : 00;
69A6 : 00;
69A7 : 00;
69A8 : 00;
69A9 : 00;
69AA : 00;
69AB : 00;
69AC : 00;
69AD : 00;
69AE : 00;
69AF : 00;
69B0 : 00;
69B1 : 00;
69B2 : 00;
69B3 : 00;
69B4 : 00;
69B5 : 00;
69B6 : 00;
69B7 : 00;
69B8 : 00;
69B9 : 00;
69BA : 00;
69BB : 00;
69BC : 00;
69BD : 00;
69BE : 00;
69BF : 00;
69C0 : 00;
69C1 : 00;
69C2 : 00;
69C3 : 00;
69C4 : 00;
69C5 : 00;
69C6 : 00;
69C7 : 00;
69C8 : 00;
69C9 : 00;
69CA : 00;
69CB : 00;
69CC : 00;
69CD : 00;
69CE : 00;
69CF : 00;
69D0 : 00;
69D1 : 00;
69D2 : 00;
69D3 : 00;
69D4 : 00;
69D5 : 00;
69D6 : 00;
69D7 : 00;
69D8 : 00;
69D9 : 00;
69DA : 00;
69DB : 00;
69DC : 00;
69DD : 00;
69DE : 00;
69DF : 00;
69E0 : 00;
69E1 : 00;
69E2 : 00;
69E3 : 00;
69E4 : 00;
69E5 : 00;
69E6 : 00;
69E7 : 00;
69E8 : 00;
69E9 : 00;
69EA : 00;
69EB : 00;
69EC : 00;
69ED : 00;
69EE : 00;
69EF : 00;
69F0 : 00;
69F1 : 00;
69F2 : 00;
69F3 : 00;
69F4 : 00;
69F5 : 00;
69F6 : 00;
69F7 : 00;
69F8 : 00;
69F9 : 00;
69FA : 00;
69FB : 00;
69FC : 00;
69FD : 00;
69FE : 00;
69FF : 00;
6A00 : 00;
6A01 : 00;
6A02 : 00;
6A03 : 00;
6A04 : 00;
6A05 : 00;
6A06 : 00;
6A07 : 00;
6A08 : 00;
6A09 : 00;
6A0A : 00;
6A0B : 00;
6A0C : 00;
6A0D : 00;
6A0E : 00;
6A0F : 00;
6A10 : 00;
6A11 : 00;
6A12 : 00;
6A13 : 00;
6A14 : 00;
6A15 : 00;
6A16 : 00;
6A17 : 00;
6A18 : 00;
6A19 : 00;
6A1A : 00;
6A1B : 00;
6A1C : 00;
6A1D : 00;
6A1E : 00;
6A1F : 00;
6A20 : 00;
6A21 : 00;
6A22 : 00;
6A23 : 00;
6A24 : 00;
6A25 : 00;
6A26 : 00;
6A27 : 00;
6A28 : 00;
6A29 : 00;
6A2A : 00;
6A2B : 00;
6A2C : 00;
6A2D : 00;
6A2E : 00;
6A2F : 00;
6A30 : 00;
6A31 : 00;
6A32 : 00;
6A33 : 00;
6A34 : 00;
6A35 : 00;
6A36 : 00;
6A37 : 00;
6A38 : 00;
6A39 : 00;
6A3A : 00;
6A3B : 00;
6A3C : 00;
6A3D : 00;
6A3E : 00;
6A3F : 00;
6A40 : 00;
6A41 : 00;
6A42 : 00;
6A43 : 00;
6A44 : 00;
6A45 : 00;
6A46 : 00;
6A47 : 00;
6A48 : 00;
6A49 : 00;
6A4A : 00;
6A4B : 00;
6A4C : 00;
6A4D : 00;
6A4E : 00;
6A4F : 00;
6A50 : 00;
6A51 : 00;
6A52 : 00;
6A53 : 00;
6A54 : 00;
6A55 : 00;
6A56 : 00;
6A57 : 00;
6A58 : 00;
6A59 : 00;
6A5A : 00;
6A5B : 00;
6A5C : 00;
6A5D : 00;
6A5E : 00;
6A5F : 00;
6A60 : 00;
6A61 : 00;
6A62 : 00;
6A63 : 00;
6A64 : 00;
6A65 : 00;
6A66 : 00;
6A67 : 00;
6A68 : 00;
6A69 : 00;
6A6A : 00;
6A6B : 00;
6A6C : 00;
6A6D : 00;
6A6E : 00;
6A6F : 00;
6A70 : 00;
6A71 : 00;
6A72 : 00;
6A73 : 00;
6A74 : 00;
6A75 : 00;
6A76 : 00;
6A77 : 00;
6A78 : 00;
6A79 : 00;
6A7A : 00;
6A7B : 00;
6A7C : 00;
6A7D : 00;
6A7E : 00;
6A7F : 00;
6A80 : 00;
6A81 : 00;
6A82 : 00;
6A83 : 00;
6A84 : 00;
6A85 : 00;
6A86 : 00;
6A87 : 00;
6A88 : 00;
6A89 : 00;
6A8A : 00;
6A8B : 00;
6A8C : 00;
6A8D : 00;
6A8E : 00;
6A8F : 00;
6A90 : 00;
6A91 : 00;
6A92 : 00;
6A93 : 00;
6A94 : 00;
6A95 : 00;
6A96 : 00;
6A97 : 00;
6A98 : 00;
6A99 : 00;
6A9A : 00;
6A9B : 00;
6A9C : 00;
6A9D : 00;
6A9E : 00;
6A9F : 00;
6AA0 : 00;
6AA1 : 00;
6AA2 : 00;
6AA3 : 00;
6AA4 : 00;
6AA5 : 00;
6AA6 : 00;
6AA7 : 00;
6AA8 : 00;
6AA9 : 00;
6AAA : 00;
6AAB : 00;
6AAC : 00;
6AAD : 00;
6AAE : 00;
6AAF : 00;
6AB0 : 00;
6AB1 : 00;
6AB2 : 00;
6AB3 : 00;
6AB4 : 00;
6AB5 : 00;
6AB6 : 00;
6AB7 : 00;
6AB8 : 00;
6AB9 : 00;
6ABA : 00;
6ABB : 00;
6ABC : 00;
6ABD : 00;
6ABE : 00;
6ABF : 00;
6AC0 : 00;
6AC1 : 00;
6AC2 : 00;
6AC3 : 00;
6AC4 : 00;
6AC5 : 00;
6AC6 : 00;
6AC7 : 00;
6AC8 : 00;
6AC9 : 00;
6ACA : 00;
6ACB : 00;
6ACC : 00;
6ACD : 00;
6ACE : 00;
6ACF : 00;
6AD0 : 00;
6AD1 : 00;
6AD2 : 00;
6AD3 : 00;
6AD4 : 00;
6AD5 : 00;
6AD6 : 00;
6AD7 : 00;
6AD8 : 00;
6AD9 : 00;
6ADA : 00;
6ADB : 00;
6ADC : 00;
6ADD : 00;
6ADE : 00;
6ADF : 00;
6AE0 : 00;
6AE1 : 00;
6AE2 : 00;
6AE3 : 00;
6AE4 : 00;
6AE5 : 00;
6AE6 : 00;
6AE7 : 00;
6AE8 : 00;
6AE9 : 00;
6AEA : 00;
6AEB : 00;
6AEC : 00;
6AED : 00;
6AEE : 00;
6AEF : 00;
6AF0 : 00;
6AF1 : 00;
6AF2 : 00;
6AF3 : 00;
6AF4 : 00;
6AF5 : 00;
6AF6 : 00;
6AF7 : 00;
6AF8 : 00;
6AF9 : 00;
6AFA : 00;
6AFB : 00;
6AFC : 00;
6AFD : 00;
6AFE : 00;
6AFF : 00;
6B00 : 00;
6B01 : 00;
6B02 : 00;
6B03 : 00;
6B04 : 00;
6B05 : 00;
6B06 : 00;
6B07 : 00;
6B08 : 00;
6B09 : 00;
6B0A : 00;
6B0B : 00;
6B0C : 00;
6B0D : 00;
6B0E : 00;
6B0F : 00;
6B10 : 00;
6B11 : 00;
6B12 : 00;
6B13 : 00;
6B14 : 00;
6B15 : 00;
6B16 : 00;
6B17 : 00;
6B18 : 00;
6B19 : 00;
6B1A : 00;
6B1B : 00;
6B1C : 00;
6B1D : 00;
6B1E : 00;
6B1F : 00;
6B20 : 00;
6B21 : 00;
6B22 : 00;
6B23 : 00;
6B24 : 00;
6B25 : 00;
6B26 : 00;
6B27 : 00;
6B28 : 00;
6B29 : 00;
6B2A : 00;
6B2B : 00;
6B2C : 00;
6B2D : 00;
6B2E : 00;
6B2F : 00;
6B30 : 00;
6B31 : 00;
6B32 : 00;
6B33 : 00;
6B34 : 00;
6B35 : 00;
6B36 : 00;
6B37 : 00;
6B38 : 00;
6B39 : 00;
6B3A : 00;
6B3B : 00;
6B3C : 00;
6B3D : 00;
6B3E : 00;
6B3F : 00;
6B40 : 00;
6B41 : 00;
6B42 : 00;
6B43 : 00;
6B44 : 00;
6B45 : 00;
6B46 : 00;
6B47 : 00;
6B48 : 00;
6B49 : 00;
6B4A : 00;
6B4B : 00;
6B4C : 00;
6B4D : 00;
6B4E : 00;
6B4F : 00;
6B50 : 00;
6B51 : 00;
6B52 : 00;
6B53 : 00;
6B54 : 00;
6B55 : 00;
6B56 : 00;
6B57 : 00;
6B58 : 00;
6B59 : 00;
6B5A : 00;
6B5B : 00;
6B5C : 00;
6B5D : 00;
6B5E : 00;
6B5F : 00;
6B60 : 00;
6B61 : 00;
6B62 : 00;
6B63 : 00;
6B64 : 00;
6B65 : 00;
6B66 : 00;
6B67 : 00;
6B68 : 00;
6B69 : 00;
6B6A : 00;
6B6B : 00;
6B6C : 00;
6B6D : 00;
6B6E : 00;
6B6F : 00;
6B70 : 00;
6B71 : 00;
6B72 : 00;
6B73 : 00;
6B74 : 00;
6B75 : 00;
6B76 : 00;
6B77 : 00;
6B78 : 00;
6B79 : 00;
6B7A : 00;
6B7B : 00;
6B7C : 00;
6B7D : 00;
6B7E : 00;
6B7F : 00;
6B80 : 00;
6B81 : 00;
6B82 : 00;
6B83 : 00;
6B84 : 00;
6B85 : 00;
6B86 : 00;
6B87 : 00;
6B88 : 00;
6B89 : 00;
6B8A : 00;
6B8B : 00;
6B8C : 00;
6B8D : 00;
6B8E : 00;
6B8F : 00;
6B90 : 00;
6B91 : 00;
6B92 : 00;
6B93 : 00;
6B94 : 00;
6B95 : 00;
6B96 : 00;
6B97 : 00;
6B98 : 00;
6B99 : 00;
6B9A : 00;
6B9B : 00;
6B9C : 00;
6B9D : 00;
6B9E : 00;
6B9F : 00;
6BA0 : 00;
6BA1 : 00;
6BA2 : 00;
6BA3 : 00;
6BA4 : 00;
6BA5 : 00;
6BA6 : 00;
6BA7 : 00;
6BA8 : 00;
6BA9 : 00;
6BAA : 00;
6BAB : 00;
6BAC : 00;
6BAD : 00;
6BAE : 00;
6BAF : 00;
6BB0 : 00;
6BB1 : 00;
6BB2 : 00;
6BB3 : 00;
6BB4 : 00;
6BB5 : 00;
6BB6 : 00;
6BB7 : 00;
6BB8 : 00;
6BB9 : 00;
6BBA : 00;
6BBB : 00;
6BBC : 00;
6BBD : 00;
6BBE : 00;
6BBF : 00;
6BC0 : 00;
6BC1 : 00;
6BC2 : 00;
6BC3 : 00;
6BC4 : 00;
6BC5 : 00;
6BC6 : 00;
6BC7 : 00;
6BC8 : 00;
6BC9 : 00;
6BCA : 00;
6BCB : 00;
6BCC : 00;
6BCD : 00;
6BCE : 00;
6BCF : 00;
6BD0 : 00;
6BD1 : 00;
6BD2 : 00;
6BD3 : 00;
6BD4 : 00;
6BD5 : 00;
6BD6 : 00;
6BD7 : 00;
6BD8 : 00;
6BD9 : 00;
6BDA : 00;
6BDB : 00;
6BDC : 00;
6BDD : 00;
6BDE : 00;
6BDF : 00;
6BE0 : 00;
6BE1 : 00;
6BE2 : 00;
6BE3 : 00;
6BE4 : 00;
6BE5 : 00;
6BE6 : 00;
6BE7 : 00;
6BE8 : 00;
6BE9 : 00;
6BEA : 00;
6BEB : 00;
6BEC : 00;
6BED : 00;
6BEE : 00;
6BEF : 00;
6BF0 : 00;
6BF1 : 00;
6BF2 : 00;
6BF3 : 00;
6BF4 : 00;
6BF5 : 00;
6BF6 : 00;
6BF7 : 00;
6BF8 : 00;
6BF9 : 00;
6BFA : 00;
6BFB : 00;
6BFC : 00;
6BFD : 00;
6BFE : 00;
6BFF : 00;
6C00 : 00;
6C01 : 00;
6C02 : 00;
6C03 : 00;
6C04 : 00;
6C05 : 00;
6C06 : 00;
6C07 : 00;
6C08 : 00;
6C09 : 00;
6C0A : 00;
6C0B : 00;
6C0C : 00;
6C0D : 00;
6C0E : 00;
6C0F : 00;
6C10 : 00;
6C11 : 00;
6C12 : 00;
6C13 : 00;
6C14 : 00;
6C15 : 00;
6C16 : 00;
6C17 : 00;
6C18 : 00;
6C19 : 00;
6C1A : 00;
6C1B : 00;
6C1C : 00;
6C1D : 00;
6C1E : 00;
6C1F : 00;
6C20 : 00;
6C21 : 00;
6C22 : 00;
6C23 : 00;
6C24 : 00;
6C25 : 00;
6C26 : 00;
6C27 : 00;
6C28 : 00;
6C29 : 00;
6C2A : 00;
6C2B : 00;
6C2C : 00;
6C2D : 00;
6C2E : 00;
6C2F : 00;
6C30 : 00;
6C31 : 00;
6C32 : 00;
6C33 : 00;
6C34 : 00;
6C35 : 00;
6C36 : 00;
6C37 : 00;
6C38 : 00;
6C39 : 00;
6C3A : 00;
6C3B : 00;
6C3C : 00;
6C3D : 00;
6C3E : 00;
6C3F : 00;
6C40 : 00;
6C41 : 00;
6C42 : 00;
6C43 : 00;
6C44 : 00;
6C45 : 00;
6C46 : 00;
6C47 : 00;
6C48 : 00;
6C49 : 00;
6C4A : 00;
6C4B : 00;
6C4C : 00;
6C4D : 00;
6C4E : 00;
6C4F : 00;
6C50 : 00;
6C51 : 00;
6C52 : 00;
6C53 : 00;
6C54 : 00;
6C55 : 00;
6C56 : 00;
6C57 : 00;
6C58 : 00;
6C59 : 00;
6C5A : 00;
6C5B : 00;
6C5C : 00;
6C5D : 00;
6C5E : 00;
6C5F : 00;
6C60 : 00;
6C61 : 00;
6C62 : 00;
6C63 : 00;
6C64 : 00;
6C65 : 00;
6C66 : 00;
6C67 : 00;
6C68 : 00;
6C69 : 00;
6C6A : 00;
6C6B : 00;
6C6C : 00;
6C6D : 00;
6C6E : 00;
6C6F : 00;
6C70 : 00;
6C71 : 00;
6C72 : 00;
6C73 : 00;
6C74 : 00;
6C75 : 00;
6C76 : 00;
6C77 : 00;
6C78 : 00;
6C79 : 00;
6C7A : 00;
6C7B : 00;
6C7C : 00;
6C7D : 00;
6C7E : 00;
6C7F : 00;
6C80 : 00;
6C81 : 00;
6C82 : 00;
6C83 : 00;
6C84 : 00;
6C85 : 00;
6C86 : 00;
6C87 : 00;
6C88 : 00;
6C89 : 00;
6C8A : 00;
6C8B : 00;
6C8C : 00;
6C8D : 00;
6C8E : 00;
6C8F : 00;
6C90 : 00;
6C91 : 00;
6C92 : 00;
6C93 : 00;
6C94 : 00;
6C95 : 00;
6C96 : 00;
6C97 : 00;
6C98 : 00;
6C99 : 00;
6C9A : 00;
6C9B : 00;
6C9C : 00;
6C9D : 00;
6C9E : 00;
6C9F : 00;
6CA0 : 00;
6CA1 : 00;
6CA2 : 00;
6CA3 : 00;
6CA4 : 00;
6CA5 : 00;
6CA6 : 00;
6CA7 : 00;
6CA8 : 00;
6CA9 : 00;
6CAA : 00;
6CAB : 00;
6CAC : 00;
6CAD : 00;
6CAE : 00;
6CAF : 00;
6CB0 : 00;
6CB1 : 00;
6CB2 : 00;
6CB3 : 00;
6CB4 : 00;
6CB5 : 00;
6CB6 : 00;
6CB7 : 00;
6CB8 : 00;
6CB9 : 00;
6CBA : 00;
6CBB : 00;
6CBC : 00;
6CBD : 00;
6CBE : 00;
6CBF : 00;
6CC0 : 00;
6CC1 : 00;
6CC2 : 00;
6CC3 : 00;
6CC4 : 00;
6CC5 : 00;
6CC6 : 00;
6CC7 : 00;
6CC8 : 00;
6CC9 : 00;
6CCA : 00;
6CCB : 00;
6CCC : 00;
6CCD : 00;
6CCE : 00;
6CCF : 00;
6CD0 : 00;
6CD1 : 00;
6CD2 : 00;
6CD3 : 00;
6CD4 : 00;
6CD5 : 00;
6CD6 : 00;
6CD7 : 00;
6CD8 : 00;
6CD9 : 00;
6CDA : 00;
6CDB : 00;
6CDC : 00;
6CDD : 00;
6CDE : 00;
6CDF : 00;
6CE0 : 00;
6CE1 : 00;
6CE2 : 00;
6CE3 : 00;
6CE4 : 00;
6CE5 : 00;
6CE6 : 00;
6CE7 : 00;
6CE8 : 00;
6CE9 : 00;
6CEA : 00;
6CEB : 00;
6CEC : 00;
6CED : 00;
6CEE : 00;
6CEF : 00;
6CF0 : 00;
6CF1 : 00;
6CF2 : 00;
6CF3 : 00;
6CF4 : 00;
6CF5 : 00;
6CF6 : 00;
6CF7 : 00;
6CF8 : 00;
6CF9 : 00;
6CFA : 00;
6CFB : 00;
6CFC : 00;
6CFD : 00;
6CFE : 00;
6CFF : 00;
6D00 : 00;
6D01 : 00;
6D02 : 00;
6D03 : 00;
6D04 : 00;
6D05 : 00;
6D06 : 00;
6D07 : 00;
6D08 : 00;
6D09 : 00;
6D0A : 00;
6D0B : 00;
6D0C : 00;
6D0D : 00;
6D0E : 00;
6D0F : 00;
6D10 : 00;
6D11 : 00;
6D12 : 00;
6D13 : 00;
6D14 : 00;
6D15 : 00;
6D16 : 00;
6D17 : 00;
6D18 : 00;
6D19 : 00;
6D1A : 00;
6D1B : 00;
6D1C : 00;
6D1D : 00;
6D1E : 00;
6D1F : 00;
6D20 : 00;
6D21 : 00;
6D22 : 00;
6D23 : 00;
6D24 : 00;
6D25 : 00;
6D26 : 00;
6D27 : 00;
6D28 : 00;
6D29 : 00;
6D2A : 00;
6D2B : 00;
6D2C : 00;
6D2D : 00;
6D2E : 00;
6D2F : 00;
6D30 : 00;
6D31 : 00;
6D32 : 00;
6D33 : 00;
6D34 : 00;
6D35 : 00;
6D36 : 00;
6D37 : 00;
6D38 : 00;
6D39 : 00;
6D3A : 00;
6D3B : 00;
6D3C : 00;
6D3D : 00;
6D3E : 00;
6D3F : 00;
6D40 : 00;
6D41 : 00;
6D42 : 00;
6D43 : 00;
6D44 : 00;
6D45 : 00;
6D46 : 00;
6D47 : 00;
6D48 : 00;
6D49 : 00;
6D4A : 00;
6D4B : 00;
6D4C : 00;
6D4D : 00;
6D4E : 00;
6D4F : 00;
6D50 : 00;
6D51 : 00;
6D52 : 00;
6D53 : 00;
6D54 : 00;
6D55 : 00;
6D56 : 00;
6D57 : 00;
6D58 : 00;
6D59 : 00;
6D5A : 00;
6D5B : 00;
6D5C : 00;
6D5D : 00;
6D5E : 00;
6D5F : 00;
6D60 : 00;
6D61 : 00;
6D62 : 00;
6D63 : 00;
6D64 : 00;
6D65 : 00;
6D66 : 00;
6D67 : 00;
6D68 : 00;
6D69 : 00;
6D6A : 00;
6D6B : 00;
6D6C : 00;
6D6D : 00;
6D6E : 00;
6D6F : 00;
6D70 : 00;
6D71 : 00;
6D72 : 00;
6D73 : 00;
6D74 : 00;
6D75 : 00;
6D76 : 00;
6D77 : 00;
6D78 : 00;
6D79 : 00;
6D7A : 00;
6D7B : 00;
6D7C : 00;
6D7D : 00;
6D7E : 00;
6D7F : 00;
6D80 : 00;
6D81 : 00;
6D82 : 00;
6D83 : 00;
6D84 : 00;
6D85 : 00;
6D86 : 00;
6D87 : 00;
6D88 : 00;
6D89 : 00;
6D8A : 00;
6D8B : 00;
6D8C : 00;
6D8D : 00;
6D8E : 00;
6D8F : 00;
6D90 : 00;
6D91 : 00;
6D92 : 00;
6D93 : 00;
6D94 : 00;
6D95 : 00;
6D96 : 00;
6D97 : 00;
6D98 : 00;
6D99 : 00;
6D9A : 00;
6D9B : 00;
6D9C : 00;
6D9D : 00;
6D9E : 00;
6D9F : 00;
6DA0 : 00;
6DA1 : 00;
6DA2 : 00;
6DA3 : 00;
6DA4 : 00;
6DA5 : 00;
6DA6 : 00;
6DA7 : 00;
6DA8 : 00;
6DA9 : 00;
6DAA : 00;
6DAB : 00;
6DAC : 00;
6DAD : 00;
6DAE : 00;
6DAF : 00;
6DB0 : 00;
6DB1 : 00;
6DB2 : 00;
6DB3 : 00;
6DB4 : 00;
6DB5 : 00;
6DB6 : 00;
6DB7 : 00;
6DB8 : 00;
6DB9 : 00;
6DBA : 00;
6DBB : 00;
6DBC : 00;
6DBD : 00;
6DBE : 00;
6DBF : 00;
6DC0 : 00;
6DC1 : 00;
6DC2 : 00;
6DC3 : 00;
6DC4 : 00;
6DC5 : 00;
6DC6 : 00;
6DC7 : 00;
6DC8 : 00;
6DC9 : 00;
6DCA : 00;
6DCB : 00;
6DCC : 00;
6DCD : 00;
6DCE : 00;
6DCF : 00;
6DD0 : 00;
6DD1 : 00;
6DD2 : 00;
6DD3 : 00;
6DD4 : 00;
6DD5 : 00;
6DD6 : 00;
6DD7 : 00;
6DD8 : 00;
6DD9 : 00;
6DDA : 00;
6DDB : 00;
6DDC : 00;
6DDD : 00;
6DDE : 00;
6DDF : 00;
6DE0 : 00;
6DE1 : 00;
6DE2 : 00;
6DE3 : 00;
6DE4 : 00;
6DE5 : 00;
6DE6 : 00;
6DE7 : 00;
6DE8 : 00;
6DE9 : 00;
6DEA : 00;
6DEB : 00;
6DEC : 00;
6DED : 00;
6DEE : 00;
6DEF : 00;
6DF0 : 00;
6DF1 : 00;
6DF2 : 00;
6DF3 : 00;
6DF4 : 00;
6DF5 : 00;
6DF6 : 00;
6DF7 : 00;
6DF8 : 00;
6DF9 : 00;
6DFA : 00;
6DFB : 00;
6DFC : 00;
6DFD : 00;
6DFE : 00;
6DFF : 00;
6E00 : 00;
6E01 : 00;
6E02 : 00;
6E03 : 00;
6E04 : 00;
6E05 : 00;
6E06 : 00;
6E07 : 00;
6E08 : 00;
6E09 : 00;
6E0A : 00;
6E0B : 00;
6E0C : 00;
6E0D : 00;
6E0E : 00;
6E0F : 00;
6E10 : 00;
6E11 : 00;
6E12 : 00;
6E13 : 00;
6E14 : 00;
6E15 : 00;
6E16 : 00;
6E17 : 00;
6E18 : 00;
6E19 : 00;
6E1A : 00;
6E1B : 00;
6E1C : 00;
6E1D : 00;
6E1E : 00;
6E1F : 00;
6E20 : 00;
6E21 : 00;
6E22 : 00;
6E23 : 00;
6E24 : 00;
6E25 : 00;
6E26 : 00;
6E27 : 00;
6E28 : 00;
6E29 : 00;
6E2A : 00;
6E2B : 00;
6E2C : 00;
6E2D : 00;
6E2E : 00;
6E2F : 00;
6E30 : 00;
6E31 : 00;
6E32 : 00;
6E33 : 00;
6E34 : 00;
6E35 : 00;
6E36 : 00;
6E37 : 00;
6E38 : 00;
6E39 : 00;
6E3A : 00;
6E3B : 00;
6E3C : 00;
6E3D : 00;
6E3E : 00;
6E3F : 00;
6E40 : 00;
6E41 : 00;
6E42 : 00;
6E43 : 00;
6E44 : 00;
6E45 : 00;
6E46 : 00;
6E47 : 00;
6E48 : 00;
6E49 : 00;
6E4A : 00;
6E4B : 00;
6E4C : 00;
6E4D : 00;
6E4E : 00;
6E4F : 00;
6E50 : 00;
6E51 : 00;
6E52 : 00;
6E53 : 00;
6E54 : 00;
6E55 : 00;
6E56 : 00;
6E57 : 00;
6E58 : 00;
6E59 : 00;
6E5A : 00;
6E5B : 00;
6E5C : 00;
6E5D : 00;
6E5E : 00;
6E5F : 00;
6E60 : 00;
6E61 : 00;
6E62 : 00;
6E63 : 00;
6E64 : 00;
6E65 : 00;
6E66 : 00;
6E67 : 00;
6E68 : 00;
6E69 : 00;
6E6A : 00;
6E6B : 00;
6E6C : 00;
6E6D : 00;
6E6E : 00;
6E6F : 00;
6E70 : 00;
6E71 : 00;
6E72 : 00;
6E73 : 00;
6E74 : 00;
6E75 : 00;
6E76 : 00;
6E77 : 00;
6E78 : 00;
6E79 : 00;
6E7A : 00;
6E7B : 00;
6E7C : 00;
6E7D : 00;
6E7E : 00;
6E7F : 00;
6E80 : 00;
6E81 : 00;
6E82 : 00;
6E83 : 00;
6E84 : 00;
6E85 : 00;
6E86 : 00;
6E87 : 00;
6E88 : 00;
6E89 : 00;
6E8A : 00;
6E8B : 00;
6E8C : 00;
6E8D : 00;
6E8E : 00;
6E8F : 00;
6E90 : 00;
6E91 : 00;
6E92 : 00;
6E93 : 00;
6E94 : 00;
6E95 : 00;
6E96 : 00;
6E97 : 00;
6E98 : 00;
6E99 : 00;
6E9A : 00;
6E9B : 00;
6E9C : 00;
6E9D : 00;
6E9E : 00;
6E9F : 00;
6EA0 : 00;
6EA1 : 00;
6EA2 : 00;
6EA3 : 00;
6EA4 : 00;
6EA5 : 00;
6EA6 : 00;
6EA7 : 00;
6EA8 : 00;
6EA9 : 00;
6EAA : 00;
6EAB : 00;
6EAC : 00;
6EAD : 00;
6EAE : 00;
6EAF : 00;
6EB0 : 00;
6EB1 : 00;
6EB2 : 00;
6EB3 : 00;
6EB4 : 00;
6EB5 : 00;
6EB6 : 00;
6EB7 : 00;
6EB8 : 00;
6EB9 : 00;
6EBA : 00;
6EBB : 00;
6EBC : 00;
6EBD : 00;
6EBE : 00;
6EBF : 00;
6EC0 : 00;
6EC1 : 00;
6EC2 : 00;
6EC3 : 00;
6EC4 : 00;
6EC5 : 00;
6EC6 : 00;
6EC7 : 00;
6EC8 : 00;
6EC9 : 00;
6ECA : 00;
6ECB : 00;
6ECC : 00;
6ECD : 00;
6ECE : 00;
6ECF : 00;
6ED0 : 00;
6ED1 : 00;
6ED2 : 00;
6ED3 : 00;
6ED4 : 00;
6ED5 : 00;
6ED6 : 00;
6ED7 : 00;
6ED8 : 00;
6ED9 : 00;
6EDA : 00;
6EDB : 00;
6EDC : 00;
6EDD : 00;
6EDE : 00;
6EDF : 00;
6EE0 : 00;
6EE1 : 00;
6EE2 : 00;
6EE3 : 00;
6EE4 : 00;
6EE5 : 00;
6EE6 : 00;
6EE7 : 00;
6EE8 : 00;
6EE9 : 00;
6EEA : 00;
6EEB : 00;
6EEC : 00;
6EED : 00;
6EEE : 00;
6EEF : 00;
6EF0 : 00;
6EF1 : 00;
6EF2 : 00;
6EF3 : 00;
6EF4 : 00;
6EF5 : 00;
6EF6 : 00;
6EF7 : 00;
6EF8 : 00;
6EF9 : 00;
6EFA : 00;
6EFB : 00;
6EFC : 00;
6EFD : 00;
6EFE : 00;
6EFF : 00;
6F00 : 00;
6F01 : 00;
6F02 : 00;
6F03 : 00;
6F04 : 00;
6F05 : 00;
6F06 : 00;
6F07 : 00;
6F08 : 00;
6F09 : 00;
6F0A : 00;
6F0B : 00;
6F0C : 00;
6F0D : 00;
6F0E : 00;
6F0F : 00;
6F10 : 00;
6F11 : 00;
6F12 : 00;
6F13 : 00;
6F14 : 00;
6F15 : 00;
6F16 : 00;
6F17 : 00;
6F18 : 00;
6F19 : 00;
6F1A : 00;
6F1B : 00;
6F1C : 00;
6F1D : 00;
6F1E : 00;
6F1F : 00;
6F20 : 00;
6F21 : 00;
6F22 : 00;
6F23 : 00;
6F24 : 00;
6F25 : 00;
6F26 : 00;
6F27 : 00;
6F28 : 00;
6F29 : 00;
6F2A : 00;
6F2B : 00;
6F2C : 00;
6F2D : 00;
6F2E : 00;
6F2F : 00;
6F30 : 00;
6F31 : 00;
6F32 : 00;
6F33 : 00;
6F34 : 00;
6F35 : 00;
6F36 : 00;
6F37 : 00;
6F38 : 00;
6F39 : 00;
6F3A : 00;
6F3B : 00;
6F3C : 00;
6F3D : 00;
6F3E : 00;
6F3F : 00;
6F40 : 00;
6F41 : 00;
6F42 : 00;
6F43 : 00;
6F44 : 00;
6F45 : 00;
6F46 : 00;
6F47 : 00;
6F48 : 00;
6F49 : 00;
6F4A : 00;
6F4B : 00;
6F4C : 00;
6F4D : 00;
6F4E : 00;
6F4F : 00;
6F50 : 00;
6F51 : 00;
6F52 : 00;
6F53 : 00;
6F54 : 00;
6F55 : 00;
6F56 : 00;
6F57 : 00;
6F58 : 00;
6F59 : 00;
6F5A : 00;
6F5B : 00;
6F5C : 00;
6F5D : 00;
6F5E : 00;
6F5F : 00;
6F60 : 00;
6F61 : 00;
6F62 : 00;
6F63 : 00;
6F64 : 00;
6F65 : 00;
6F66 : 00;
6F67 : 00;
6F68 : 00;
6F69 : 00;
6F6A : 00;
6F6B : 00;
6F6C : 00;
6F6D : 00;
6F6E : 00;
6F6F : 00;
6F70 : 00;
6F71 : 00;
6F72 : 00;
6F73 : 00;
6F74 : 00;
6F75 : 00;
6F76 : 00;
6F77 : 00;
6F78 : 00;
6F79 : 00;
6F7A : 00;
6F7B : 00;
6F7C : 00;
6F7D : 00;
6F7E : 00;
6F7F : 00;
6F80 : 00;
6F81 : 00;
6F82 : 00;
6F83 : 00;
6F84 : 00;
6F85 : 00;
6F86 : 00;
6F87 : 00;
6F88 : 00;
6F89 : 00;
6F8A : 00;
6F8B : 00;
6F8C : 00;
6F8D : 00;
6F8E : 00;
6F8F : 00;
6F90 : 00;
6F91 : 00;
6F92 : 00;
6F93 : 00;
6F94 : 00;
6F95 : 00;
6F96 : 00;
6F97 : 00;
6F98 : 00;
6F99 : 00;
6F9A : 00;
6F9B : 00;
6F9C : 00;
6F9D : 00;
6F9E : 00;
6F9F : 00;
6FA0 : 00;
6FA1 : 00;
6FA2 : 00;
6FA3 : 00;
6FA4 : 00;
6FA5 : 00;
6FA6 : 00;
6FA7 : 00;
6FA8 : 00;
6FA9 : 00;
6FAA : 00;
6FAB : 00;
6FAC : 00;
6FAD : 00;
6FAE : 00;
6FAF : 00;
6FB0 : 00;
6FB1 : 00;
6FB2 : 00;
6FB3 : 00;
6FB4 : 00;
6FB5 : 00;
6FB6 : 00;
6FB7 : 00;
6FB8 : 00;
6FB9 : 00;
6FBA : 00;
6FBB : 00;
6FBC : 00;
6FBD : 00;
6FBE : 00;
6FBF : 00;
6FC0 : 00;
6FC1 : 00;
6FC2 : 00;
6FC3 : 00;
6FC4 : 00;
6FC5 : 00;
6FC6 : 00;
6FC7 : 00;
6FC8 : 00;
6FC9 : 00;
6FCA : 00;
6FCB : 00;
6FCC : 00;
6FCD : 00;
6FCE : 00;
6FCF : 00;
6FD0 : 00;
6FD1 : 00;
6FD2 : 00;
6FD3 : 00;
6FD4 : 00;
6FD5 : 00;
6FD6 : 00;
6FD7 : 00;
6FD8 : 00;
6FD9 : 00;
6FDA : 00;
6FDB : 00;
6FDC : 00;
6FDD : 00;
6FDE : 00;
6FDF : 00;
6FE0 : 00;
6FE1 : 00;
6FE2 : 00;
6FE3 : 00;
6FE4 : 00;
6FE5 : 00;
6FE6 : 00;
6FE7 : 00;
6FE8 : 00;
6FE9 : 00;
6FEA : 00;
6FEB : 00;
6FEC : 00;
6FED : 00;
6FEE : 00;
6FEF : 00;
6FF0 : 00;
6FF1 : 00;
6FF2 : 00;
6FF3 : 00;
6FF4 : 00;
6FF5 : 00;
6FF6 : 00;
6FF7 : 00;
6FF8 : 00;
6FF9 : 00;
6FFA : 00;
6FFB : 00;
6FFC : 00;
6FFD : 00;
6FFE : 00;
6FFF : 00;
7000 : 00;
7001 : 00;
7002 : 00;
7003 : 00;
7004 : 00;
7005 : 00;
7006 : 00;
7007 : 00;
7008 : 00;
7009 : 00;
700A : 00;
700B : 00;
700C : 00;
700D : 00;
700E : 00;
700F : 00;
7010 : 00;
7011 : 00;
7012 : 00;
7013 : 00;
7014 : 00;
7015 : 00;
7016 : 00;
7017 : 00;
7018 : 00;
7019 : 00;
701A : 00;
701B : 00;
701C : 00;
701D : 00;
701E : 00;
701F : 00;
7020 : 00;
7021 : 00;
7022 : 00;
7023 : 00;
7024 : 00;
7025 : 00;
7026 : 00;
7027 : 00;
7028 : 00;
7029 : 00;
702A : 00;
702B : 00;
702C : 00;
702D : 00;
702E : 00;
702F : 00;
7030 : 00;
7031 : 00;
7032 : 00;
7033 : 00;
7034 : 00;
7035 : 00;
7036 : 00;
7037 : 00;
7038 : 00;
7039 : 00;
703A : 00;
703B : 00;
703C : 00;
703D : 00;
703E : 00;
703F : 00;
7040 : 00;
7041 : 00;
7042 : 00;
7043 : 00;
7044 : 00;
7045 : 00;
7046 : 00;
7047 : 00;
7048 : 00;
7049 : 00;
704A : 00;
704B : 00;
704C : 00;
704D : 00;
704E : 00;
704F : 00;
7050 : 00;
7051 : 00;
7052 : 00;
7053 : 00;
7054 : 00;
7055 : 00;
7056 : 00;
7057 : 00;
7058 : 00;
7059 : 00;
705A : 00;
705B : 00;
705C : 00;
705D : 00;
705E : 00;
705F : 00;
7060 : 00;
7061 : 00;
7062 : 00;
7063 : 00;
7064 : 00;
7065 : 00;
7066 : 00;
7067 : 00;
7068 : 00;
7069 : 00;
706A : 00;
706B : 00;
706C : 00;
706D : 00;
706E : 00;
706F : 00;
7070 : 00;
7071 : 00;
7072 : 00;
7073 : 00;
7074 : 00;
7075 : 00;
7076 : 00;
7077 : 00;
7078 : 00;
7079 : 00;
707A : 00;
707B : 00;
707C : 00;
707D : 00;
707E : 00;
707F : 00;
7080 : 00;
7081 : 00;
7082 : 00;
7083 : 00;
7084 : 00;
7085 : 00;
7086 : 00;
7087 : 00;
7088 : 00;
7089 : 00;
708A : 00;
708B : 00;
708C : 00;
708D : 00;
708E : 00;
708F : 00;
7090 : 00;
7091 : 00;
7092 : 00;
7093 : 00;
7094 : 00;
7095 : 00;
7096 : 00;
7097 : 00;
7098 : 00;
7099 : 00;
709A : 00;
709B : 00;
709C : 00;
709D : 00;
709E : 00;
709F : 00;
70A0 : 00;
70A1 : 00;
70A2 : 00;
70A3 : 00;
70A4 : 00;
70A5 : 00;
70A6 : 00;
70A7 : 00;
70A8 : 00;
70A9 : 00;
70AA : 00;
70AB : 00;
70AC : 00;
70AD : 00;
70AE : 00;
70AF : 00;
70B0 : 00;
70B1 : 00;
70B2 : 00;
70B3 : 00;
70B4 : 00;
70B5 : 00;
70B6 : 00;
70B7 : 00;
70B8 : 00;
70B9 : 00;
70BA : 00;
70BB : 00;
70BC : 00;
70BD : 00;
70BE : 00;
70BF : 00;
70C0 : 00;
70C1 : 00;
70C2 : 00;
70C3 : 00;
70C4 : 00;
70C5 : 00;
70C6 : 00;
70C7 : 00;
70C8 : 00;
70C9 : 00;
70CA : 00;
70CB : 00;
70CC : 00;
70CD : 00;
70CE : 00;
70CF : 00;
70D0 : 00;
70D1 : 00;
70D2 : 00;
70D3 : 00;
70D4 : 00;
70D5 : 00;
70D6 : 00;
70D7 : 00;
70D8 : 00;
70D9 : 00;
70DA : 00;
70DB : 00;
70DC : 00;
70DD : 00;
70DE : 00;
70DF : 00;
70E0 : 00;
70E1 : 00;
70E2 : 00;
70E3 : 00;
70E4 : 00;
70E5 : 00;
70E6 : 00;
70E7 : 00;
70E8 : 00;
70E9 : 00;
70EA : 00;
70EB : 00;
70EC : 00;
70ED : 00;
70EE : 00;
70EF : 00;
70F0 : 00;
70F1 : 00;
70F2 : 00;
70F3 : 00;
70F4 : 00;
70F5 : 00;
70F6 : 00;
70F7 : 00;
70F8 : 00;
70F9 : 00;
70FA : 00;
70FB : 00;
70FC : 00;
70FD : 00;
70FE : 00;
70FF : 00;
7100 : 00;
7101 : 00;
7102 : 00;
7103 : 00;
7104 : 00;
7105 : 00;
7106 : 00;
7107 : 00;
7108 : 00;
7109 : 00;
710A : 00;
710B : 00;
710C : 00;
710D : 00;
710E : 00;
710F : 00;
7110 : 00;
7111 : 00;
7112 : 00;
7113 : 00;
7114 : 00;
7115 : 00;
7116 : 00;
7117 : 00;
7118 : 00;
7119 : 00;
711A : 00;
711B : 00;
711C : 00;
711D : 00;
711E : 00;
711F : 00;
7120 : 00;
7121 : 00;
7122 : 00;
7123 : 00;
7124 : 00;
7125 : 00;
7126 : 00;
7127 : 00;
7128 : 00;
7129 : 00;
712A : 00;
712B : 00;
712C : 00;
712D : 00;
712E : 00;
712F : 00;
7130 : 00;
7131 : 00;
7132 : 00;
7133 : 00;
7134 : 00;
7135 : 00;
7136 : 00;
7137 : 00;
7138 : 00;
7139 : 00;
713A : 00;
713B : 00;
713C : 00;
713D : 00;
713E : 00;
713F : 00;
7140 : 00;
7141 : 00;
7142 : 00;
7143 : 00;
7144 : 00;
7145 : 00;
7146 : 00;
7147 : 00;
7148 : 00;
7149 : 00;
714A : 00;
714B : 00;
714C : 00;
714D : 00;
714E : 00;
714F : 00;
7150 : 00;
7151 : 00;
7152 : 00;
7153 : 00;
7154 : 00;
7155 : 00;
7156 : 00;
7157 : 00;
7158 : 00;
7159 : 00;
715A : 00;
715B : 00;
715C : 00;
715D : 00;
715E : 00;
715F : 00;
7160 : 00;
7161 : 00;
7162 : 00;
7163 : 00;
7164 : 00;
7165 : 00;
7166 : 00;
7167 : 00;
7168 : 00;
7169 : 00;
716A : 00;
716B : 00;
716C : 00;
716D : 00;
716E : 00;
716F : 00;
7170 : 00;
7171 : 00;
7172 : 00;
7173 : 00;
7174 : 00;
7175 : 00;
7176 : 00;
7177 : 00;
7178 : 00;
7179 : 00;
717A : 00;
717B : 00;
717C : 00;
717D : 00;
717E : 00;
717F : 00;
7180 : 00;
7181 : 00;
7182 : 00;
7183 : 00;
7184 : 00;
7185 : 00;
7186 : 00;
7187 : 00;
7188 : 00;
7189 : 00;
718A : 00;
718B : 00;
718C : 00;
718D : 00;
718E : 00;
718F : 00;
7190 : 00;
7191 : 00;
7192 : 00;
7193 : 00;
7194 : 00;
7195 : 00;
7196 : 00;
7197 : 00;
7198 : 00;
7199 : 00;
719A : 00;
719B : 00;
719C : 00;
719D : 00;
719E : 00;
719F : 00;
71A0 : 00;
71A1 : 00;
71A2 : 00;
71A3 : 00;
71A4 : 00;
71A5 : 00;
71A6 : 00;
71A7 : 00;
71A8 : 00;
71A9 : 00;
71AA : 00;
71AB : 00;
71AC : 00;
71AD : 00;
71AE : 00;
71AF : 00;
71B0 : 00;
71B1 : 00;
71B2 : 00;
71B3 : 00;
71B4 : 00;
71B5 : 00;
71B6 : 00;
71B7 : 00;
71B8 : 00;
71B9 : 00;
71BA : 00;
71BB : 00;
71BC : 00;
71BD : 00;
71BE : 00;
71BF : 00;
71C0 : 00;
71C1 : 00;
71C2 : 00;
71C3 : 00;
71C4 : 00;
71C5 : 00;
71C6 : 00;
71C7 : 00;
71C8 : 00;
71C9 : 00;
71CA : 00;
71CB : 00;
71CC : 00;
71CD : 00;
71CE : 00;
71CF : 00;
71D0 : 00;
71D1 : 00;
71D2 : 00;
71D3 : 00;
71D4 : 00;
71D5 : 00;
71D6 : 00;
71D7 : 00;
71D8 : 00;
71D9 : 00;
71DA : 00;
71DB : 00;
71DC : 00;
71DD : 00;
71DE : 00;
71DF : 00;
71E0 : 00;
71E1 : 00;
71E2 : 00;
71E3 : 00;
71E4 : 00;
71E5 : 00;
71E6 : 00;
71E7 : 00;
71E8 : 00;
71E9 : 00;
71EA : 00;
71EB : 00;
71EC : 00;
71ED : 00;
71EE : 00;
71EF : 00;
71F0 : 00;
71F1 : 00;
71F2 : 00;
71F3 : 00;
71F4 : 00;
71F5 : 00;
71F6 : 00;
71F7 : 00;
71F8 : 00;
71F9 : 00;
71FA : 00;
71FB : 00;
71FC : 00;
71FD : 00;
71FE : 00;
71FF : 00;
7200 : 00;
7201 : 00;
7202 : 00;
7203 : 00;
7204 : 00;
7205 : 00;
7206 : 00;
7207 : 00;
7208 : 00;
7209 : 00;
720A : 00;
720B : 00;
720C : 00;
720D : 00;
720E : 00;
720F : 00;
7210 : 00;
7211 : 00;
7212 : 00;
7213 : 00;
7214 : 00;
7215 : 00;
7216 : 00;
7217 : 00;
7218 : 00;
7219 : 00;
721A : 00;
721B : 00;
721C : 00;
721D : 00;
721E : 00;
721F : 00;
7220 : 00;
7221 : 00;
7222 : 00;
7223 : 00;
7224 : 00;
7225 : 00;
7226 : 00;
7227 : 00;
7228 : 00;
7229 : 00;
722A : 00;
722B : 00;
722C : 00;
722D : 00;
722E : 00;
722F : 00;
7230 : 00;
7231 : 00;
7232 : 00;
7233 : 00;
7234 : 00;
7235 : 00;
7236 : 00;
7237 : 00;
7238 : 00;
7239 : 00;
723A : 00;
723B : 00;
723C : 00;
723D : 00;
723E : 00;
723F : 00;
7240 : 00;
7241 : 00;
7242 : 00;
7243 : 00;
7244 : 00;
7245 : 00;
7246 : 00;
7247 : 00;
7248 : 00;
7249 : 00;
724A : 00;
724B : 00;
724C : 00;
724D : 00;
724E : 00;
724F : 00;
7250 : 00;
7251 : 00;
7252 : 00;
7253 : 00;
7254 : 00;
7255 : 00;
7256 : 00;
7257 : 00;
7258 : 00;
7259 : 00;
725A : 00;
725B : 00;
725C : 00;
725D : 00;
725E : 00;
725F : 00;
7260 : 00;
7261 : 00;
7262 : 00;
7263 : 00;
7264 : 00;
7265 : 00;
7266 : 00;
7267 : 00;
7268 : 00;
7269 : 00;
726A : 00;
726B : 00;
726C : 00;
726D : 00;
726E : 00;
726F : 00;
7270 : 00;
7271 : 00;
7272 : 00;
7273 : 00;
7274 : 00;
7275 : 00;
7276 : 00;
7277 : 00;
7278 : 00;
7279 : 00;
727A : 00;
727B : 00;
727C : 00;
727D : 00;
727E : 00;
727F : 00;
7280 : 00;
7281 : 00;
7282 : 00;
7283 : 00;
7284 : 00;
7285 : 00;
7286 : 00;
7287 : 00;
7288 : 00;
7289 : 00;
728A : 00;
728B : 00;
728C : 00;
728D : 00;
728E : 00;
728F : 00;
7290 : 00;
7291 : 00;
7292 : 00;
7293 : 00;
7294 : 00;
7295 : 00;
7296 : 00;
7297 : 00;
7298 : 00;
7299 : 00;
729A : 00;
729B : 00;
729C : 00;
729D : 00;
729E : 00;
729F : 00;
72A0 : 00;
72A1 : 00;
72A2 : 00;
72A3 : 00;
72A4 : 00;
72A5 : 00;
72A6 : 00;
72A7 : 00;
72A8 : 00;
72A9 : 00;
72AA : 00;
72AB : 00;
72AC : 00;
72AD : 00;
72AE : 00;
72AF : 00;
72B0 : 00;
72B1 : 00;
72B2 : 00;
72B3 : 00;
72B4 : 00;
72B5 : 00;
72B6 : 00;
72B7 : 00;
72B8 : 00;
72B9 : 00;
72BA : 00;
72BB : 00;
72BC : 00;
72BD : 00;
72BE : 00;
72BF : 00;
72C0 : 00;
72C1 : 00;
72C2 : 00;
72C3 : 00;
72C4 : 00;
72C5 : 00;
72C6 : 00;
72C7 : 00;
72C8 : 00;
72C9 : 00;
72CA : 00;
72CB : 00;
72CC : 00;
72CD : 00;
72CE : 00;
72CF : 00;
72D0 : 00;
72D1 : 00;
72D2 : 00;
72D3 : 00;
72D4 : 00;
72D5 : 00;
72D6 : 00;
72D7 : 00;
72D8 : 00;
72D9 : 00;
72DA : 00;
72DB : 00;
72DC : 00;
72DD : 00;
72DE : 00;
72DF : 00;
72E0 : 00;
72E1 : 00;
72E2 : 00;
72E3 : 00;
72E4 : 00;
72E5 : 00;
72E6 : 00;
72E7 : 00;
72E8 : 00;
72E9 : 00;
72EA : 00;
72EB : 00;
72EC : 00;
72ED : 00;
72EE : 00;
72EF : 00;
72F0 : 00;
72F1 : 00;
72F2 : 00;
72F3 : 00;
72F4 : 00;
72F5 : 00;
72F6 : 00;
72F7 : 00;
72F8 : 00;
72F9 : 00;
72FA : 00;
72FB : 00;
72FC : 00;
72FD : 00;
72FE : 00;
72FF : 00;
7300 : 00;
7301 : 00;
7302 : 00;
7303 : 00;
7304 : 00;
7305 : 00;
7306 : 00;
7307 : 00;
7308 : 00;
7309 : 00;
730A : 00;
730B : 00;
730C : 00;
730D : 00;
730E : 00;
730F : 00;
7310 : 00;
7311 : 00;
7312 : 00;
7313 : 00;
7314 : 00;
7315 : 00;
7316 : 00;
7317 : 00;
7318 : 00;
7319 : 00;
731A : 00;
731B : 00;
731C : 00;
731D : 00;
731E : 00;
731F : 00;
7320 : 00;
7321 : 00;
7322 : 00;
7323 : 00;
7324 : 00;
7325 : 00;
7326 : 00;
7327 : 00;
7328 : 00;
7329 : 00;
732A : 00;
732B : 00;
732C : 00;
732D : 00;
732E : 00;
732F : 00;
7330 : 00;
7331 : 00;
7332 : 00;
7333 : 00;
7334 : 00;
7335 : 00;
7336 : 00;
7337 : 00;
7338 : 00;
7339 : 00;
733A : 00;
733B : 00;
733C : 00;
733D : 00;
733E : 00;
733F : 00;
7340 : 00;
7341 : 00;
7342 : 00;
7343 : 00;
7344 : 00;
7345 : 00;
7346 : 00;
7347 : 00;
7348 : 00;
7349 : 00;
734A : 00;
734B : 00;
734C : 00;
734D : 00;
734E : 00;
734F : 00;
7350 : 00;
7351 : 00;
7352 : 00;
7353 : 00;
7354 : 00;
7355 : 00;
7356 : 00;
7357 : 00;
7358 : 00;
7359 : 00;
735A : 00;
735B : 00;
735C : 00;
735D : 00;
735E : 00;
735F : 00;
7360 : 00;
7361 : 00;
7362 : 00;
7363 : 00;
7364 : 00;
7365 : 00;
7366 : 00;
7367 : 00;
7368 : 00;
7369 : 00;
736A : 00;
736B : 00;
736C : 00;
736D : 00;
736E : 00;
736F : 00;
7370 : 00;
7371 : 00;
7372 : 00;
7373 : 00;
7374 : 00;
7375 : 00;
7376 : 00;
7377 : 00;
7378 : 00;
7379 : 00;
737A : 00;
737B : 00;
737C : 00;
737D : 00;
737E : 00;
737F : 00;
7380 : 00;
7381 : 00;
7382 : 00;
7383 : 00;
7384 : 00;
7385 : 00;
7386 : 00;
7387 : 00;
7388 : 00;
7389 : 00;
738A : 00;
738B : 00;
738C : 00;
738D : 00;
738E : 00;
738F : 00;
7390 : 00;
7391 : 00;
7392 : 00;
7393 : 00;
7394 : 00;
7395 : 00;
7396 : 00;
7397 : 00;
7398 : 00;
7399 : 00;
739A : 00;
739B : 00;
739C : 00;
739D : 00;
739E : 00;
739F : 00;
73A0 : 00;
73A1 : 00;
73A2 : 00;
73A3 : 00;
73A4 : 00;
73A5 : 00;
73A6 : 00;
73A7 : 00;
73A8 : 00;
73A9 : 00;
73AA : 00;
73AB : 00;
73AC : 00;
73AD : 00;
73AE : 00;
73AF : 00;
73B0 : 00;
73B1 : 00;
73B2 : 00;
73B3 : 00;
73B4 : 00;
73B5 : 00;
73B6 : 00;
73B7 : 00;
73B8 : 00;
73B9 : 00;
73BA : 00;
73BB : 00;
73BC : 00;
73BD : 00;
73BE : 00;
73BF : 00;
73C0 : 00;
73C1 : 00;
73C2 : 00;
73C3 : 00;
73C4 : 00;
73C5 : 00;
73C6 : 00;
73C7 : 00;
73C8 : 00;
73C9 : 00;
73CA : 00;
73CB : 00;
73CC : 00;
73CD : 00;
73CE : 00;
73CF : 00;
73D0 : 00;
73D1 : 00;
73D2 : 00;
73D3 : 00;
73D4 : 00;
73D5 : 00;
73D6 : 00;
73D7 : 00;
73D8 : 00;
73D9 : 00;
73DA : 00;
73DB : 00;
73DC : 00;
73DD : 00;
73DE : 00;
73DF : 00;
73E0 : 00;
73E1 : 00;
73E2 : 00;
73E3 : 00;
73E4 : 00;
73E5 : 00;
73E6 : 00;
73E7 : 00;
73E8 : 00;
73E9 : 00;
73EA : 00;
73EB : 00;
73EC : 00;
73ED : 00;
73EE : 00;
73EF : 00;
73F0 : 00;
73F1 : 00;
73F2 : 00;
73F3 : 00;
73F4 : 00;
73F5 : 00;
73F6 : 00;
73F7 : 00;
73F8 : 00;
73F9 : 00;
73FA : 00;
73FB : 00;
73FC : 00;
73FD : 00;
73FE : 00;
73FF : 00;
7400 : 00;
7401 : 00;
7402 : 00;
7403 : 00;
7404 : 00;
7405 : 00;
7406 : 00;
7407 : 00;
7408 : 00;
7409 : 00;
740A : 00;
740B : 00;
740C : 00;
740D : 00;
740E : 00;
740F : 00;
7410 : 00;
7411 : 00;
7412 : 00;
7413 : 00;
7414 : 00;
7415 : 00;
7416 : 00;
7417 : 00;
7418 : 00;
7419 : 00;
741A : 00;
741B : 00;
741C : 00;
741D : 00;
741E : 00;
741F : 00;
7420 : 00;
7421 : 00;
7422 : 00;
7423 : 00;
7424 : 00;
7425 : 00;
7426 : 00;
7427 : 00;
7428 : 00;
7429 : 00;
742A : 00;
742B : 00;
742C : 00;
742D : 00;
742E : 00;
742F : 00;
7430 : 00;
7431 : 00;
7432 : 00;
7433 : 00;
7434 : 00;
7435 : 00;
7436 : 00;
7437 : 00;
7438 : 00;
7439 : 00;
743A : 00;
743B : 00;
743C : 00;
743D : 00;
743E : 00;
743F : 00;
7440 : 00;
7441 : 00;
7442 : 00;
7443 : 00;
7444 : 00;
7445 : 00;
7446 : 00;
7447 : 00;
7448 : 00;
7449 : 00;
744A : 00;
744B : 00;
744C : 00;
744D : 00;
744E : 00;
744F : 00;
7450 : 00;
7451 : 00;
7452 : 00;
7453 : 00;
7454 : 00;
7455 : 00;
7456 : 00;
7457 : 00;
7458 : 00;
7459 : 00;
745A : 00;
745B : 00;
745C : 00;
745D : 00;
745E : 00;
745F : 00;
7460 : 00;
7461 : 00;
7462 : 00;
7463 : 00;
7464 : 00;
7465 : 00;
7466 : 00;
7467 : 00;
7468 : 00;
7469 : 00;
746A : 00;
746B : 00;
746C : 00;
746D : 00;
746E : 00;
746F : 00;
7470 : 00;
7471 : 00;
7472 : 00;
7473 : 00;
7474 : 00;
7475 : 00;
7476 : 00;
7477 : 00;
7478 : 00;
7479 : 00;
747A : 00;
747B : 00;
747C : 00;
747D : 00;
747E : 00;
747F : 00;
7480 : 00;
7481 : 00;
7482 : 00;
7483 : 00;
7484 : 00;
7485 : 00;
7486 : 00;
7487 : 00;
7488 : 00;
7489 : 00;
748A : 00;
748B : 00;
748C : 00;
748D : 00;
748E : 00;
748F : 00;
7490 : 00;
7491 : 00;
7492 : 00;
7493 : 00;
7494 : 00;
7495 : 00;
7496 : 00;
7497 : 00;
7498 : 00;
7499 : 00;
749A : 00;
749B : 00;
749C : 00;
749D : 00;
749E : 00;
749F : 00;
74A0 : 00;
74A1 : 00;
74A2 : 00;
74A3 : 00;
74A4 : 00;
74A5 : 00;
74A6 : 00;
74A7 : 00;
74A8 : 00;
74A9 : 00;
74AA : 00;
74AB : 00;
74AC : 00;
74AD : 00;
74AE : 00;
74AF : 00;
74B0 : 00;
74B1 : 00;
74B2 : 00;
74B3 : 00;
74B4 : 00;
74B5 : 00;
74B6 : 00;
74B7 : 00;
74B8 : 00;
74B9 : 00;
74BA : 00;
74BB : 00;
74BC : 00;
74BD : 00;
74BE : 00;
74BF : 00;
74C0 : 00;
74C1 : 00;
74C2 : 00;
74C3 : 00;
74C4 : 00;
74C5 : 00;
74C6 : 00;
74C7 : 00;
74C8 : 00;
74C9 : 00;
74CA : 00;
74CB : 00;
74CC : 00;
74CD : 00;
74CE : 00;
74CF : 00;
74D0 : 00;
74D1 : 00;
74D2 : 00;
74D3 : 00;
74D4 : 00;
74D5 : 00;
74D6 : 00;
74D7 : 00;
74D8 : 00;
74D9 : 00;
74DA : 00;
74DB : 00;
74DC : 00;
74DD : 00;
74DE : 00;
74DF : 00;
74E0 : 00;
74E1 : 00;
74E2 : 00;
74E3 : 00;
74E4 : 00;
74E5 : 00;
74E6 : 00;
74E7 : 00;
74E8 : 00;
74E9 : 00;
74EA : 00;
74EB : 00;
74EC : 00;
74ED : 00;
74EE : 00;
74EF : 00;
74F0 : 00;
74F1 : 00;
74F2 : 00;
74F3 : 00;
74F4 : 00;
74F5 : 00;
74F6 : 00;
74F7 : 00;
74F8 : 00;
74F9 : 00;
74FA : 00;
74FB : 00;
74FC : 00;
74FD : 00;
74FE : 00;
74FF : 00;
7500 : 00;
7501 : 00;
7502 : 00;
7503 : 00;
7504 : 00;
7505 : 00;
7506 : 00;
7507 : 00;
7508 : 00;
7509 : 00;
750A : 00;
750B : 00;
750C : 00;
750D : 00;
750E : 00;
750F : 00;
7510 : 00;
7511 : 00;
7512 : 00;
7513 : 00;
7514 : 00;
7515 : 00;
7516 : 00;
7517 : 00;
7518 : 00;
7519 : 00;
751A : 00;
751B : 00;
751C : 00;
751D : 00;
751E : 00;
751F : 00;
7520 : 00;
7521 : 00;
7522 : 00;
7523 : 00;
7524 : 00;
7525 : 00;
7526 : 00;
7527 : 00;
7528 : 00;
7529 : 00;
752A : 00;
752B : 00;
752C : 00;
752D : 00;
752E : 00;
752F : 00;
7530 : 00;
7531 : 00;
7532 : 00;
7533 : 00;
7534 : 00;
7535 : 00;
7536 : 00;
7537 : 00;
7538 : 00;
7539 : 00;
753A : 00;
753B : 00;
753C : 00;
753D : 00;
753E : 00;
753F : 00;
7540 : 00;
7541 : 00;
7542 : 00;
7543 : 00;
7544 : 00;
7545 : 00;
7546 : 00;
7547 : 00;
7548 : 00;
7549 : 00;
754A : 00;
754B : 00;
754C : 00;
754D : 00;
754E : 00;
754F : 00;
7550 : 00;
7551 : 00;
7552 : 00;
7553 : 00;
7554 : 00;
7555 : 00;
7556 : 00;
7557 : 00;
7558 : 00;
7559 : 00;
755A : 00;
755B : 00;
755C : 00;
755D : 00;
755E : 00;
755F : 00;
7560 : 00;
7561 : 00;
7562 : 00;
7563 : 00;
7564 : 00;
7565 : 00;
7566 : 00;
7567 : 00;
7568 : 00;
7569 : 00;
756A : 00;
756B : 00;
756C : 00;
756D : 00;
756E : 00;
756F : 00;
7570 : 00;
7571 : 00;
7572 : 00;
7573 : 00;
7574 : 00;
7575 : 00;
7576 : 00;
7577 : 00;
7578 : 00;
7579 : 00;
757A : 00;
757B : 00;
757C : 00;
757D : 00;
757E : 00;
757F : 00;
7580 : 00;
7581 : 00;
7582 : 00;
7583 : 00;
7584 : 00;
7585 : 00;
7586 : 00;
7587 : 00;
7588 : 00;
7589 : 00;
758A : 00;
758B : 00;
758C : 00;
758D : 00;
758E : 00;
758F : 00;
7590 : 00;
7591 : 00;
7592 : 00;
7593 : 00;
7594 : 00;
7595 : 00;
7596 : 00;
7597 : 00;
7598 : 00;
7599 : 00;
759A : 00;
759B : 00;
759C : 00;
759D : 00;
759E : 00;
759F : 00;
75A0 : 00;
75A1 : 00;
75A2 : 00;
75A3 : 00;
75A4 : 00;
75A5 : 00;
75A6 : 00;
75A7 : 00;
75A8 : 00;
75A9 : 00;
75AA : 00;
75AB : 00;
75AC : 00;
75AD : 00;
75AE : 00;
75AF : 00;
75B0 : 00;
75B1 : 00;
75B2 : 00;
75B3 : 00;
75B4 : 00;
75B5 : 00;
75B6 : 00;
75B7 : 00;
75B8 : 00;
75B9 : 00;
75BA : 00;
75BB : 00;
75BC : 00;
75BD : 00;
75BE : 00;
75BF : 00;
75C0 : 00;
75C1 : 00;
75C2 : 00;
75C3 : 00;
75C4 : 00;
75C5 : 00;
75C6 : 00;
75C7 : 00;
75C8 : 00;
75C9 : 00;
75CA : 00;
75CB : 00;
75CC : 00;
75CD : 00;
75CE : 00;
75CF : 00;
75D0 : 00;
75D1 : 00;
75D2 : 00;
75D3 : 00;
75D4 : 00;
75D5 : 00;
75D6 : 00;
75D7 : 00;
75D8 : 00;
75D9 : 00;
75DA : 00;
75DB : 00;
75DC : 00;
75DD : 00;
75DE : 00;
75DF : 00;
75E0 : 00;
75E1 : 00;
75E2 : 00;
75E3 : 00;
75E4 : 00;
75E5 : 00;
75E6 : 00;
75E7 : 00;
75E8 : 00;
75E9 : 00;
75EA : 00;
75EB : 00;
75EC : 00;
75ED : 00;
75EE : 00;
75EF : 00;
75F0 : 00;
75F1 : 00;
75F2 : 00;
75F3 : 00;
75F4 : 00;
75F5 : 00;
75F6 : 00;
75F7 : 00;
75F8 : 00;
75F9 : 00;
75FA : 00;
75FB : 00;
75FC : 00;
75FD : 00;
75FE : 00;
75FF : 00;
7600 : 00;
7601 : 00;
7602 : 00;
7603 : 00;
7604 : 00;
7605 : 00;
7606 : 00;
7607 : 00;
7608 : 00;
7609 : 00;
760A : 00;
760B : 00;
760C : 00;
760D : 00;
760E : 00;
760F : 00;
7610 : 00;
7611 : 00;
7612 : 00;
7613 : 00;
7614 : 00;
7615 : 00;
7616 : 00;
7617 : 00;
7618 : 00;
7619 : 00;
761A : 00;
761B : 00;
761C : 00;
761D : 00;
761E : 00;
761F : 00;
7620 : 00;
7621 : 00;
7622 : 00;
7623 : 00;
7624 : 00;
7625 : 00;
7626 : 00;
7627 : 00;
7628 : 00;
7629 : 00;
762A : 00;
762B : 00;
762C : 00;
762D : 00;
762E : 00;
762F : 00;
7630 : 00;
7631 : 00;
7632 : 00;
7633 : 00;
7634 : 00;
7635 : 00;
7636 : 00;
7637 : 00;
7638 : 00;
7639 : 00;
763A : 00;
763B : 00;
763C : 00;
763D : 00;
763E : 00;
763F : 00;
7640 : 00;
7641 : 00;
7642 : 00;
7643 : 00;
7644 : 00;
7645 : 00;
7646 : 00;
7647 : 00;
7648 : 00;
7649 : 00;
764A : 00;
764B : 00;
764C : 00;
764D : 00;
764E : 00;
764F : 00;
7650 : 00;
7651 : 00;
7652 : 00;
7653 : 00;
7654 : 00;
7655 : 00;
7656 : 00;
7657 : 00;
7658 : 00;
7659 : 00;
765A : 00;
765B : 00;
765C : 00;
765D : 00;
765E : 00;
765F : 00;
7660 : 00;
7661 : 00;
7662 : 00;
7663 : 00;
7664 : 00;
7665 : 00;
7666 : 00;
7667 : 00;
7668 : 00;
7669 : 00;
766A : 00;
766B : 00;
766C : 00;
766D : 00;
766E : 00;
766F : 00;
7670 : 00;
7671 : 00;
7672 : 00;
7673 : 00;
7674 : 00;
7675 : 00;
7676 : 00;
7677 : 00;
7678 : 00;
7679 : 00;
767A : 00;
767B : 00;
767C : 00;
767D : 00;
767E : 00;
767F : 00;
7680 : 00;
7681 : 00;
7682 : 00;
7683 : 00;
7684 : 00;
7685 : 00;
7686 : 00;
7687 : 00;
7688 : 00;
7689 : 00;
768A : 00;
768B : 00;
768C : 00;
768D : 00;
768E : 00;
768F : 00;
7690 : 00;
7691 : 00;
7692 : 00;
7693 : 00;
7694 : 00;
7695 : 00;
7696 : 00;
7697 : 00;
7698 : 00;
7699 : 00;
769A : 00;
769B : 00;
769C : 00;
769D : 00;
769E : 00;
769F : 00;
76A0 : 00;
76A1 : 00;
76A2 : 00;
76A3 : 00;
76A4 : 00;
76A5 : 00;
76A6 : 00;
76A7 : 00;
76A8 : 00;
76A9 : 00;
76AA : 00;
76AB : 00;
76AC : 00;
76AD : 00;
76AE : 00;
76AF : 00;
76B0 : 00;
76B1 : 00;
76B2 : 00;
76B3 : 00;
76B4 : 00;
76B5 : 00;
76B6 : 00;
76B7 : 00;
76B8 : 00;
76B9 : 00;
76BA : 00;
76BB : 00;
76BC : 00;
76BD : 00;
76BE : 00;
76BF : 00;
76C0 : 00;
76C1 : 00;
76C2 : 00;
76C3 : 00;
76C4 : 00;
76C5 : 00;
76C6 : 00;
76C7 : 00;
76C8 : 00;
76C9 : 00;
76CA : 00;
76CB : 00;
76CC : 00;
76CD : 00;
76CE : 00;
76CF : 00;
76D0 : 00;
76D1 : 00;
76D2 : 00;
76D3 : 00;
76D4 : 00;
76D5 : 00;
76D6 : 00;
76D7 : 00;
76D8 : 00;
76D9 : 00;
76DA : 00;
76DB : 00;
76DC : 00;
76DD : 00;
76DE : 00;
76DF : 00;
76E0 : 00;
76E1 : 00;
76E2 : 00;
76E3 : 00;
76E4 : 00;
76E5 : 00;
76E6 : 00;
76E7 : 00;
76E8 : 00;
76E9 : 00;
76EA : 00;
76EB : 00;
76EC : 00;
76ED : 00;
76EE : 00;
76EF : 00;
76F0 : 00;
76F1 : 00;
76F2 : 00;
76F3 : 00;
76F4 : 00;
76F5 : 00;
76F6 : 00;
76F7 : 00;
76F8 : 00;
76F9 : 00;
76FA : 00;
76FB : 00;
76FC : 00;
76FD : 00;
76FE : 00;
76FF : 00;
7700 : 00;
7701 : 00;
7702 : 00;
7703 : 00;
7704 : 00;
7705 : 00;
7706 : 00;
7707 : 00;
7708 : 00;
7709 : 00;
770A : 00;
770B : 00;
770C : 00;
770D : 00;
770E : 00;
770F : 00;
7710 : 00;
7711 : 00;
7712 : 00;
7713 : 00;
7714 : 00;
7715 : 00;
7716 : 00;
7717 : 00;
7718 : 00;
7719 : 00;
771A : 00;
771B : 00;
771C : 00;
771D : 00;
771E : 00;
771F : 00;
7720 : 00;
7721 : 00;
7722 : 00;
7723 : 00;
7724 : 00;
7725 : 00;
7726 : 00;
7727 : 00;
7728 : 00;
7729 : 00;
772A : 00;
772B : 00;
772C : 00;
772D : 00;
772E : 00;
772F : 00;
7730 : 00;
7731 : 00;
7732 : 00;
7733 : 00;
7734 : 00;
7735 : 00;
7736 : 00;
7737 : 00;
7738 : 00;
7739 : 00;
773A : 00;
773B : 00;
773C : 00;
773D : 00;
773E : 00;
773F : 00;
7740 : 00;
7741 : 00;
7742 : 00;
7743 : 00;
7744 : 00;
7745 : 00;
7746 : 00;
7747 : 00;
7748 : 00;
7749 : 00;
774A : 00;
774B : 00;
774C : 00;
774D : 00;
774E : 00;
774F : 00;
7750 : 00;
7751 : 00;
7752 : 00;
7753 : 00;
7754 : 00;
7755 : 00;
7756 : 00;
7757 : 00;
7758 : 00;
7759 : 00;
775A : 00;
775B : 00;
775C : 00;
775D : 00;
775E : 00;
775F : 00;
7760 : 00;
7761 : 00;
7762 : 00;
7763 : 00;
7764 : 00;
7765 : 00;
7766 : 00;
7767 : 00;
7768 : 00;
7769 : 00;
776A : 00;
776B : 00;
776C : 00;
776D : 00;
776E : 00;
776F : 00;
7770 : 00;
7771 : 00;
7772 : 00;
7773 : 00;
7774 : 00;
7775 : 00;
7776 : 00;
7777 : 00;
7778 : 00;
7779 : 00;
777A : 00;
777B : 00;
777C : 00;
777D : 00;
777E : 00;
777F : 00;
7780 : 00;
7781 : 00;
7782 : 00;
7783 : 00;
7784 : 00;
7785 : 00;
7786 : 00;
7787 : 00;
7788 : 00;
7789 : 00;
778A : 00;
778B : 00;
778C : 00;
778D : 00;
778E : 00;
778F : 00;
7790 : 00;
7791 : 00;
7792 : 00;
7793 : 00;
7794 : 00;
7795 : 00;
7796 : 00;
7797 : 00;
7798 : 00;
7799 : 00;
779A : 00;
779B : 00;
779C : 00;
779D : 00;
779E : 00;
779F : 00;
77A0 : 00;
77A1 : 00;
77A2 : 00;
77A3 : 00;
77A4 : 00;
77A5 : 00;
77A6 : 00;
77A7 : 00;
77A8 : 00;
77A9 : 00;
77AA : 00;
77AB : 00;
77AC : 00;
77AD : 00;
77AE : 00;
77AF : 00;
77B0 : 00;
77B1 : 00;
77B2 : 00;
77B3 : 00;
77B4 : 00;
77B5 : 00;
77B6 : 00;
77B7 : 00;
77B8 : 00;
77B9 : 00;
77BA : 00;
77BB : 00;
77BC : 00;
77BD : 00;
77BE : 00;
77BF : 00;
77C0 : 00;
77C1 : 00;
77C2 : 00;
77C3 : 00;
77C4 : 00;
77C5 : 00;
77C6 : 00;
77C7 : 00;
77C8 : 00;
77C9 : 00;
77CA : 00;
77CB : 00;
77CC : 00;
77CD : C9;
77CE : 00;
77CF : 00;
77D0 : 00;
77D1 : 00;
77D2 : 00;
77D3 : 00;
77D4 : 00;
77D5 : 00;
77D6 : 00;
77D7 : 00;
77D8 : 00;
77D9 : 00;
77DA : 00;
77DB : 00;
77DC : 00;
77DD : 00;
77DE : 00;
77DF : 00;
77E0 : 00;
77E1 : 00;
77E2 : 00;
77E3 : 00;
77E4 : 00;
77E5 : 00;
77E6 : 00;
77E7 : 00;
77E8 : 00;
77E9 : 00;
77EA : 00;
77EB : 00;
77EC : 00;
77ED : 00;
77EE : 00;
77EF : 00;
77F0 : 00;
77F1 : 00;
77F2 : 00;
77F3 : 00;
77F4 : 00;
77F5 : 00;
77F6 : 00;
77F7 : 00;
77F8 : 00;
77F9 : 00;
77FA : 00;
77FB : 00;
77FC : 00;
77FD : 00;
77FE : 00;
77FF : 00;
7800 : 00;
7801 : 00;
7802 : 00;
7803 : 00;
7804 : 00;
7805 : 00;
7806 : 00;
7807 : 00;
7808 : 00;
7809 : 00;
780A : 00;
780B : 00;
780C : 00;
780D : 00;
780E : 00;
780F : 00;
7810 : 00;
7811 : 00;
7812 : 00;
7813 : 00;
7814 : 00;
7815 : 00;
7816 : 00;
7817 : 00;
7818 : 00;
7819 : 00;
781A : 00;
781B : 00;
781C : 00;
781D : 00;
781E : 00;
781F : 00;
7820 : 00;
7821 : 00;
7822 : 00;
7823 : 00;
7824 : 00;
7825 : 00;
7826 : 00;
7827 : 00;
7828 : 00;
7829 : 00;
782A : 00;
782B : 00;
782C : 00;
782D : 00;
782E : 00;
782F : 00;
7830 : 00;
7831 : 00;
7832 : 00;
7833 : 00;
7834 : 00;
7835 : 00;
7836 : 00;
7837 : 00;
7838 : 00;
7839 : 00;
783A : 00;
783B : 00;
783C : 00;
783D : 00;
783E : 00;
783F : 00;
7840 : 00;
7841 : 00;
7842 : 00;
7843 : 00;
7844 : 00;
7845 : 00;
7846 : 00;
7847 : 00;
7848 : 00;
7849 : 00;
784A : 00;
784B : 00;
784C : 00;
784D : 00;
784E : 00;
784F : 00;
7850 : 00;
7851 : 00;
7852 : 00;
7853 : 00;
7854 : 00;
7855 : 00;
7856 : 00;
7857 : 00;
7858 : 00;
7859 : 00;
785A : 00;
785B : 00;
785C : 00;
785D : 00;
785E : 00;
785F : 00;
7860 : 00;
7861 : 00;
7862 : 00;
7863 : 00;
7864 : 00;
7865 : 00;
7866 : 00;
7867 : 00;
7868 : 00;
7869 : 00;
786A : 00;
786B : 00;
786C : 00;
786D : 00;
786E : 00;
786F : 00;
7870 : 00;
7871 : 00;
7872 : 00;
7873 : 00;
7874 : 00;
7875 : 00;
7876 : 00;
7877 : 00;
7878 : 00;
7879 : 00;
787A : 00;
787B : 00;
787C : 00;
787D : 00;
787E : 00;
787F : 00;
7880 : 00;
7881 : 00;
7882 : 00;
7883 : 00;
7884 : 00;
7885 : 00;
7886 : 00;
7887 : 00;
7888 : 00;
7889 : 00;
788A : 00;
788B : 00;
788C : 00;
788D : 00;
788E : 00;
788F : 00;
7890 : 00;
7891 : 00;
7892 : 00;
7893 : 00;
7894 : 00;
7895 : 00;
7896 : 00;
7897 : 00;
7898 : 00;
7899 : 00;
789A : 00;
789B : 00;
789C : 00;
789D : 00;
789E : 00;
789F : 00;
78A0 : 00;
78A1 : 00;
78A2 : 00;
78A3 : 00;
78A4 : 00;
78A5 : 00;
78A6 : 00;
78A7 : 00;
78A8 : 00;
78A9 : 00;
78AA : 00;
78AB : 00;
78AC : 00;
78AD : 00;
78AE : 00;
78AF : 00;
78B0 : 00;
78B1 : 00;
78B2 : 00;
78B3 : 00;
78B4 : 00;
78B5 : 00;
78B6 : 00;
78B7 : 00;
78B8 : 00;
78B9 : 00;
78BA : 00;
78BB : 00;
78BC : 00;
78BD : 00;
78BE : 00;
78BF : 00;
78C0 : 00;
78C1 : 00;
78C2 : 00;
78C3 : 00;
78C4 : 00;
78C5 : 00;
78C6 : 00;
78C7 : 00;
78C8 : 00;
78C9 : 00;
78CA : 00;
78CB : 00;
78CC : 00;
78CD : 00;
78CE : 00;
78CF : 00;
78D0 : 00;
78D1 : 00;
78D2 : 00;
78D3 : 00;
78D4 : 00;
78D5 : 00;
78D6 : 00;
78D7 : 00;
78D8 : 00;
78D9 : 00;
78DA : 00;
78DB : 00;
78DC : 00;
78DD : 00;
78DE : 00;
78DF : 00;
78E0 : 00;
78E1 : 00;
78E2 : 00;
78E3 : 00;
78E4 : 00;
78E5 : 00;
78E6 : 00;
78E7 : 00;
78E8 : 00;
78E9 : 00;
78EA : 00;
78EB : 00;
78EC : 00;
78ED : 00;
78EE : 00;
78EF : 00;
78F0 : 00;
78F1 : 00;
78F2 : 00;
78F3 : 00;
78F4 : 00;
78F5 : 00;
78F6 : 00;
78F7 : 00;
78F8 : 00;
78F9 : 00;
78FA : 00;
78FB : 00;
78FC : 00;
78FD : 00;
78FE : 00;
78FF : 00;
7900 : 00;
7901 : 00;
7902 : 00;
7903 : 00;
7904 : 00;
7905 : 00;
7906 : 00;
7907 : 00;
7908 : 00;
7909 : 00;
790A : 00;
790B : 00;
790C : 00;
790D : 00;
790E : 00;
790F : 00;
7910 : 00;
7911 : 00;
7912 : 00;
7913 : 00;
7914 : 00;
7915 : 00;
7916 : 00;
7917 : 00;
7918 : 00;
7919 : 00;
791A : 00;
791B : 00;
791C : 00;
791D : 00;
791E : 00;
791F : 00;
7920 : 00;
7921 : 00;
7922 : 00;
7923 : 00;
7924 : 00;
7925 : 00;
7926 : 00;
7927 : 00;
7928 : 00;
7929 : 00;
792A : 00;
792B : 00;
792C : 00;
792D : 00;
792E : 00;
792F : 00;
7930 : 00;
7931 : 00;
7932 : 00;
7933 : 00;
7934 : 00;
7935 : 00;
7936 : 00;
7937 : 00;
7938 : 00;
7939 : 00;
793A : 00;
793B : 00;
793C : 00;
793D : 00;
793E : 00;
793F : 00;
7940 : 00;
7941 : 00;
7942 : 00;
7943 : 00;
7944 : 00;
7945 : 00;
7946 : 00;
7947 : 00;
7948 : 00;
7949 : 00;
794A : 00;
794B : 00;
794C : 00;
794D : 00;
794E : 00;
794F : 00;
7950 : 00;
7951 : 00;
7952 : 00;
7953 : 00;
7954 : 00;
7955 : 00;
7956 : 00;
7957 : 00;
7958 : 00;
7959 : 00;
795A : 00;
795B : 00;
795C : 00;
795D : 00;
795E : 00;
795F : 00;
7960 : 00;
7961 : 00;
7962 : 00;
7963 : 00;
7964 : 00;
7965 : 00;
7966 : 00;
7967 : 00;
7968 : 00;
7969 : 00;
796A : 00;
796B : 00;
796C : 00;
796D : 00;
796E : 00;
796F : 00;
7970 : 00;
7971 : 00;
7972 : 00;
7973 : 00;
7974 : 00;
7975 : 00;
7976 : 00;
7977 : 00;
7978 : 00;
7979 : 00;
797A : 00;
797B : 00;
797C : 00;
797D : 00;
797E : 00;
797F : 00;
7980 : 00;
7981 : 00;
7982 : 00;
7983 : 00;
7984 : 00;
7985 : 00;
7986 : 00;
7987 : 00;
7988 : 00;
7989 : 00;
798A : 00;
798B : 00;
798C : 00;
798D : 00;
798E : 00;
798F : 00;
7990 : 00;
7991 : 00;
7992 : 00;
7993 : 00;
7994 : 00;
7995 : 00;
7996 : 00;
7997 : 00;
7998 : 00;
7999 : 00;
799A : 00;
799B : 00;
799C : 00;
799D : 00;
799E : 00;
799F : 00;
79A0 : 00;
79A1 : 00;
79A2 : 00;
79A3 : 00;
79A4 : 00;
79A5 : 00;
79A6 : 00;
79A7 : 00;
79A8 : 00;
79A9 : 00;
79AA : 00;
79AB : 00;
79AC : 00;
79AD : 00;
79AE : 00;
79AF : 00;
79B0 : 00;
79B1 : 00;
79B2 : 00;
79B3 : 00;
79B4 : 00;
79B5 : 00;
79B6 : 00;
79B7 : 00;
79B8 : 00;
79B9 : 00;
79BA : 00;
79BB : 00;
79BC : 00;
79BD : 00;
79BE : 00;
79BF : 00;
79C0 : 00;
79C1 : 00;
79C2 : 00;
79C3 : 00;
79C4 : 00;
79C5 : 00;
79C6 : 00;
79C7 : 00;
79C8 : 00;
79C9 : 00;
79CA : 00;
79CB : 00;
79CC : 00;
79CD : 00;
79CE : 00;
79CF : 00;
79D0 : 00;
79D1 : 00;
79D2 : 00;
79D3 : 00;
79D4 : 00;
79D5 : 00;
79D6 : 00;
79D7 : 00;
79D8 : 00;
79D9 : 00;
79DA : 00;
79DB : 00;
79DC : 00;
79DD : 00;
79DE : 00;
79DF : 00;
79E0 : 00;
79E1 : 00;
79E2 : 00;
79E3 : 00;
79E4 : 00;
79E5 : 00;
79E6 : 00;
79E7 : 00;
79E8 : 00;
79E9 : 00;
79EA : 00;
79EB : 00;
79EC : 00;
79ED : 00;
79EE : 00;
79EF : 00;
79F0 : 00;
79F1 : 00;
79F2 : 00;
79F3 : 00;
79F4 : 00;
79F5 : 00;
79F6 : 00;
79F7 : 00;
79F8 : 00;
79F9 : 00;
79FA : 00;
79FB : 00;
79FC : 00;
79FD : 00;
79FE : 00;
79FF : 00;
7A00 : 00;
7A01 : 00;
7A02 : 00;
7A03 : 00;
7A04 : 00;
7A05 : 00;
7A06 : 00;
7A07 : 00;
7A08 : 00;
7A09 : 00;
7A0A : 00;
7A0B : 00;
7A0C : 00;
7A0D : 00;
7A0E : 00;
7A0F : 00;
7A10 : 00;
7A11 : 00;
7A12 : 00;
7A13 : 00;
7A14 : 00;
7A15 : 00;
7A16 : 00;
7A17 : 00;
7A18 : 00;
7A19 : 00;
7A1A : 00;
7A1B : 00;
7A1C : 00;
7A1D : 00;
7A1E : 00;
7A1F : 00;
7A20 : 00;
7A21 : 00;
7A22 : 00;
7A23 : 00;
7A24 : 00;
7A25 : 00;
7A26 : 00;
7A27 : 00;
7A28 : 00;
7A29 : 00;
7A2A : 00;
7A2B : 00;
7A2C : 00;
7A2D : 00;
7A2E : 00;
7A2F : 00;
7A30 : 00;
7A31 : 00;
7A32 : 00;
7A33 : 00;
7A34 : 00;
7A35 : 00;
7A36 : 00;
7A37 : 00;
7A38 : 00;
7A39 : 00;
7A3A : 00;
7A3B : 00;
7A3C : 00;
7A3D : 00;
7A3E : 00;
7A3F : 00;
7A40 : 00;
7A41 : 00;
7A42 : 00;
7A43 : 00;
7A44 : 00;
7A45 : 00;
7A46 : 00;
7A47 : 00;
7A48 : 00;
7A49 : 00;
7A4A : 00;
7A4B : 00;
7A4C : 00;
7A4D : 00;
7A4E : 00;
7A4F : 00;
7A50 : 00;
7A51 : 00;
7A52 : 00;
7A53 : 00;
7A54 : 00;
7A55 : 00;
7A56 : 00;
7A57 : 00;
7A58 : 00;
7A59 : 00;
7A5A : 00;
7A5B : 00;
7A5C : 00;
7A5D : 00;
7A5E : 00;
7A5F : 00;
7A60 : 00;
7A61 : 00;
7A62 : 00;
7A63 : 00;
7A64 : 00;
7A65 : 00;
7A66 : 00;
7A67 : 00;
7A68 : 00;
7A69 : 00;
7A6A : 00;
7A6B : 00;
7A6C : 00;
7A6D : 00;
7A6E : 00;
7A6F : 00;
7A70 : 00;
7A71 : 00;
7A72 : 00;
7A73 : 00;
7A74 : 00;
7A75 : 00;
7A76 : 00;
7A77 : 00;
7A78 : 00;
7A79 : 00;
7A7A : 00;
7A7B : 00;
7A7C : 00;
7A7D : 00;
7A7E : 00;
7A7F : 00;
7A80 : 00;
7A81 : 00;
7A82 : 00;
7A83 : 00;
7A84 : 00;
7A85 : 00;
7A86 : 00;
7A87 : 00;
7A88 : 00;
7A89 : 00;
7A8A : 00;
7A8B : 00;
7A8C : 00;
7A8D : 00;
7A8E : 00;
7A8F : 00;
7A90 : 00;
7A91 : 00;
7A92 : 00;
7A93 : 00;
7A94 : 00;
7A95 : 00;
7A96 : 00;
7A97 : 00;
7A98 : 00;
7A99 : 00;
7A9A : 00;
7A9B : 00;
7A9C : 00;
7A9D : 00;
7A9E : 00;
7A9F : 00;
7AA0 : 00;
7AA1 : 00;
7AA2 : 00;
7AA3 : 00;
7AA4 : 00;
7AA5 : 00;
7AA6 : 00;
7AA7 : 00;
7AA8 : 00;
7AA9 : 00;
7AAA : 00;
7AAB : 00;
7AAC : 00;
7AAD : 00;
7AAE : 00;
7AAF : 00;
7AB0 : 00;
7AB1 : 00;
7AB2 : 00;
7AB3 : 00;
7AB4 : 00;
7AB5 : 00;
7AB6 : 00;
7AB7 : 00;
7AB8 : 00;
7AB9 : 00;
7ABA : 00;
7ABB : 00;
7ABC : 00;
7ABD : 00;
7ABE : 00;
7ABF : 00;
7AC0 : 00;
7AC1 : 00;
7AC2 : 00;
7AC3 : 00;
7AC4 : 00;
7AC5 : 00;
7AC6 : 00;
7AC7 : 00;
7AC8 : 00;
7AC9 : 00;
7ACA : 00;
7ACB : 00;
7ACC : 00;
7ACD : 00;
7ACE : 00;
7ACF : 00;
7AD0 : 00;
7AD1 : 00;
7AD2 : 00;
7AD3 : 00;
7AD4 : 00;
7AD5 : 00;
7AD6 : 00;
7AD7 : 00;
7AD8 : 00;
7AD9 : 00;
7ADA : 00;
7ADB : 00;
7ADC : 00;
7ADD : 00;
7ADE : 00;
7ADF : 00;
7AE0 : 00;
7AE1 : 00;
7AE2 : 00;
7AE3 : 00;
7AE4 : 00;
7AE5 : 00;
7AE6 : 00;
7AE7 : 00;
7AE8 : 00;
7AE9 : 00;
7AEA : 00;
7AEB : 00;
7AEC : 00;
7AED : 00;
7AEE : 00;
7AEF : 00;
7AF0 : 00;
7AF1 : 00;
7AF2 : 00;
7AF3 : 00;
7AF4 : 00;
7AF5 : 00;
7AF6 : 00;
7AF7 : 00;
7AF8 : 00;
7AF9 : 00;
7AFA : 00;
7AFB : 00;
7AFC : 00;
7AFD : 00;
7AFE : 00;
7AFF : 00;
7B00 : 00;
7B01 : 00;
7B02 : 00;
7B03 : 00;
7B04 : 00;
7B05 : 00;
7B06 : 00;
7B07 : 00;
7B08 : 00;
7B09 : 00;
7B0A : 00;
7B0B : 00;
7B0C : 00;
7B0D : 00;
7B0E : 00;
7B0F : 00;
7B10 : 00;
7B11 : 00;
7B12 : 00;
7B13 : 00;
7B14 : 00;
7B15 : 00;
7B16 : 00;
7B17 : 00;
7B18 : 00;
7B19 : 00;
7B1A : 00;
7B1B : 00;
7B1C : 00;
7B1D : 00;
7B1E : 00;
7B1F : 00;
7B20 : 00;
7B21 : 00;
7B22 : 00;
7B23 : 00;
7B24 : 00;
7B25 : 00;
7B26 : 00;
7B27 : 00;
7B28 : 00;
7B29 : 00;
7B2A : 00;
7B2B : 00;
7B2C : 00;
7B2D : 00;
7B2E : 00;
7B2F : 00;
7B30 : 00;
7B31 : 00;
7B32 : 00;
7B33 : 00;
7B34 : 00;
7B35 : 00;
7B36 : 00;
7B37 : 00;
7B38 : 00;
7B39 : 00;
7B3A : 00;
7B3B : 00;
7B3C : 00;
7B3D : 00;
7B3E : 00;
7B3F : 00;
7B40 : 00;
7B41 : 00;
7B42 : 00;
7B43 : 00;
7B44 : 00;
7B45 : 00;
7B46 : 00;
7B47 : 00;
7B48 : 00;
7B49 : 00;
7B4A : 00;
7B4B : 00;
7B4C : 00;
7B4D : 00;
7B4E : 00;
7B4F : 00;
7B50 : 00;
7B51 : 00;
7B52 : 00;
7B53 : 00;
7B54 : 00;
7B55 : 00;
7B56 : 00;
7B57 : 00;
7B58 : 00;
7B59 : 00;
7B5A : 00;
7B5B : 00;
7B5C : 00;
7B5D : 00;
7B5E : 00;
7B5F : 00;
7B60 : 00;
7B61 : 00;
7B62 : 00;
7B63 : 00;
7B64 : 00;
7B65 : 00;
7B66 : 00;
7B67 : 00;
7B68 : 00;
7B69 : 00;
7B6A : 00;
7B6B : 00;
7B6C : 00;
7B6D : 00;
7B6E : 00;
7B6F : 00;
7B70 : 00;
7B71 : 00;
7B72 : 00;
7B73 : 00;
7B74 : 00;
7B75 : 00;
7B76 : 00;
7B77 : 00;
7B78 : 00;
7B79 : 00;
7B7A : 00;
7B7B : 00;
7B7C : 00;
7B7D : 00;
7B7E : 00;
7B7F : 00;
7B80 : 00;
7B81 : 00;
7B82 : 00;
7B83 : 00;
7B84 : 00;
7B85 : 00;
7B86 : 00;
7B87 : 00;
7B88 : 00;
7B89 : 00;
7B8A : 00;
7B8B : 00;
7B8C : 00;
7B8D : 00;
7B8E : 00;
7B8F : 00;
7B90 : 00;
7B91 : 00;
7B92 : 00;
7B93 : 00;
7B94 : 00;
7B95 : 00;
7B96 : 00;
7B97 : 00;
7B98 : 00;
7B99 : 00;
7B9A : 00;
7B9B : 00;
7B9C : 00;
7B9D : 00;
7B9E : 00;
7B9F : 00;
7BA0 : 00;
7BA1 : 00;
7BA2 : 00;
7BA3 : 00;
7BA4 : 00;
7BA5 : 00;
7BA6 : 00;
7BA7 : 00;
7BA8 : 00;
7BA9 : 00;
7BAA : 00;
7BAB : 00;
7BAC : 00;
7BAD : 00;
7BAE : 00;
7BAF : 00;
7BB0 : 00;
7BB1 : 00;
7BB2 : 00;
7BB3 : 00;
7BB4 : 00;
7BB5 : 00;
7BB6 : 00;
7BB7 : 00;
7BB8 : 00;
7BB9 : 00;
7BBA : 00;
7BBB : 00;
7BBC : 00;
7BBD : 00;
7BBE : 00;
7BBF : 00;
7BC0 : 00;
7BC1 : 00;
7BC2 : 00;
7BC3 : 00;
7BC4 : 00;
7BC5 : 00;
7BC6 : 00;
7BC7 : 00;
7BC8 : 00;
7BC9 : 00;
7BCA : 00;
7BCB : 00;
7BCC : 00;
7BCD : 00;
7BCE : 00;
7BCF : 00;
7BD0 : 00;
7BD1 : 00;
7BD2 : 00;
7BD3 : 00;
7BD4 : 00;
7BD5 : 00;
7BD6 : 00;
7BD7 : 00;
7BD8 : 00;
7BD9 : 00;
7BDA : 00;
7BDB : 00;
7BDC : 00;
7BDD : 00;
7BDE : 00;
7BDF : 00;
7BE0 : 00;
7BE1 : 00;
7BE2 : 00;
7BE3 : 00;
7BE4 : 00;
7BE5 : 00;
7BE6 : 00;
7BE7 : 00;
7BE8 : 00;
7BE9 : 00;
7BEA : 00;
7BEB : 00;
7BEC : 00;
7BED : 00;
7BEE : 00;
7BEF : 00;
7BF0 : 00;
7BF1 : 00;
7BF2 : 00;
7BF3 : 00;
7BF4 : 00;
7BF5 : 00;
7BF6 : 00;
7BF7 : 00;
7BF8 : 00;
7BF9 : 00;
7BFA : 00;
7BFB : 00;
7BFC : 00;
7BFD : 00;
7BFE : 00;
7BFF : 00;
7C00 : 00;
7C01 : 00;
7C02 : 00;
7C03 : 00;
7C04 : 00;
7C05 : 00;
7C06 : 00;
7C07 : 00;
7C08 : 00;
7C09 : 00;
7C0A : 00;
7C0B : 00;
7C0C : 00;
7C0D : 00;
7C0E : 00;
7C0F : 00;
7C10 : 00;
7C11 : 00;
7C12 : 00;
7C13 : 00;
7C14 : 00;
7C15 : 00;
7C16 : 00;
7C17 : 00;
7C18 : 00;
7C19 : 00;
7C1A : 00;
7C1B : 00;
7C1C : 00;
7C1D : 00;
7C1E : 00;
7C1F : 00;
7C20 : 00;
7C21 : 00;
7C22 : 00;
7C23 : 00;
7C24 : 00;
7C25 : 00;
7C26 : 00;
7C27 : 00;
7C28 : 00;
7C29 : 00;
7C2A : 00;
7C2B : 00;
7C2C : 00;
7C2D : 00;
7C2E : 00;
7C2F : 00;
7C30 : 00;
7C31 : 00;
7C32 : 00;
7C33 : 00;
7C34 : 00;
7C35 : 00;
7C36 : 00;
7C37 : 00;
7C38 : 00;
7C39 : 00;
7C3A : 00;
7C3B : 00;
7C3C : 00;
7C3D : 00;
7C3E : 00;
7C3F : 00;
7C40 : 00;
7C41 : 00;
7C42 : 00;
7C43 : 00;
7C44 : 00;
7C45 : 00;
7C46 : 00;
7C47 : 00;
7C48 : 00;
7C49 : 00;
7C4A : 00;
7C4B : 00;
7C4C : 00;
7C4D : 00;
7C4E : 00;
7C4F : 00;
7C50 : 00;
7C51 : 00;
7C52 : 00;
7C53 : 00;
7C54 : 00;
7C55 : 00;
7C56 : 00;
7C57 : 00;
7C58 : 00;
7C59 : 00;
7C5A : 00;
7C5B : 00;
7C5C : 00;
7C5D : 00;
7C5E : 00;
7C5F : 00;
7C60 : 00;
7C61 : 00;
7C62 : 00;
7C63 : 00;
7C64 : 00;
7C65 : 00;
7C66 : 00;
7C67 : 00;
7C68 : 00;
7C69 : 00;
7C6A : 00;
7C6B : 00;
7C6C : 00;
7C6D : 00;
7C6E : 00;
7C6F : 00;
7C70 : 00;
7C71 : 00;
7C72 : 00;
7C73 : 00;
7C74 : 00;
7C75 : 00;
7C76 : 00;
7C77 : 00;
7C78 : 00;
7C79 : 00;
7C7A : 00;
7C7B : 00;
7C7C : 00;
7C7D : 00;
7C7E : 00;
7C7F : 00;
7C80 : 00;
7C81 : 00;
7C82 : 00;
7C83 : 00;
7C84 : 00;
7C85 : 00;
7C86 : 00;
7C87 : 00;
7C88 : 00;
7C89 : 00;
7C8A : 00;
7C8B : 00;
7C8C : 00;
7C8D : 00;
7C8E : 00;
7C8F : 00;
7C90 : 00;
7C91 : 00;
7C92 : 00;
7C93 : 00;
7C94 : 00;
7C95 : 00;
7C96 : 00;
7C97 : 00;
7C98 : 00;
7C99 : 00;
7C9A : 00;
7C9B : 00;
7C9C : 00;
7C9D : 00;
7C9E : 00;
7C9F : 00;
7CA0 : 00;
7CA1 : 00;
7CA2 : 00;
7CA3 : 00;
7CA4 : 00;
7CA5 : 00;
7CA6 : 00;
7CA7 : 00;
7CA8 : 00;
7CA9 : 00;
7CAA : 00;
7CAB : 00;
7CAC : 00;
7CAD : 00;
7CAE : 00;
7CAF : 00;
7CB0 : 00;
7CB1 : 00;
7CB2 : 00;
7CB3 : 00;
7CB4 : 00;
7CB5 : 00;
7CB6 : 00;
7CB7 : 00;
7CB8 : 00;
7CB9 : 00;
7CBA : 00;
7CBB : 00;
7CBC : 00;
7CBD : 00;
7CBE : 00;
7CBF : 00;
7CC0 : 00;
7CC1 : 00;
7CC2 : 00;
7CC3 : 00;
7CC4 : 00;
7CC5 : 00;
7CC6 : 00;
7CC7 : 00;
7CC8 : 00;
7CC9 : 00;
7CCA : 00;
7CCB : 00;
7CCC : 00;
7CCD : 00;
7CCE : 00;
7CCF : 00;
7CD0 : 00;
7CD1 : 00;
7CD2 : 00;
7CD3 : 00;
7CD4 : 00;
7CD5 : 00;
7CD6 : 00;
7CD7 : 00;
7CD8 : 00;
7CD9 : 00;
7CDA : 00;
7CDB : 00;
7CDC : 00;
7CDD : 00;
7CDE : 00;
7CDF : 00;
7CE0 : 00;
7CE1 : 00;
7CE2 : 00;
7CE3 : 00;
7CE4 : 00;
7CE5 : 00;
7CE6 : 00;
7CE7 : 00;
7CE8 : 00;
7CE9 : 00;
7CEA : 00;
7CEB : 00;
7CEC : 00;
7CED : 00;
7CEE : 00;
7CEF : 00;
7CF0 : 00;
7CF1 : 00;
7CF2 : 00;
7CF3 : 00;
7CF4 : 00;
7CF5 : 00;
7CF6 : 00;
7CF7 : 00;
7CF8 : 00;
7CF9 : 00;
7CFA : 00;
7CFB : 00;
7CFC : 00;
7CFD : 00;
7CFE : 00;
7CFF : 00;
7D00 : 00;
7D01 : 00;
7D02 : 00;
7D03 : 00;
7D04 : 00;
7D05 : 00;
7D06 : 00;
7D07 : 00;
7D08 : 00;
7D09 : 00;
7D0A : 00;
7D0B : 00;
7D0C : 00;
7D0D : 00;
7D0E : 00;
7D0F : 00;
7D10 : 00;
7D11 : 00;
7D12 : 00;
7D13 : 00;
7D14 : 00;
7D15 : 00;
7D16 : 00;
7D17 : E5;
7D18 : F5;
7D19 : 21;
7D1A : 22;
7D1B : 7D;
7D1C : CD;
7D1D : AB;
7D1E : 09;
7D1F : F1;
7D20 : E1;
7D21 : C9;
7D22 : 75;
7D23 : 6E;
7D24 : 6B;
7D25 : 6E;
7D26 : 6F;
7D27 : 77;
7D28 : 6E;
7D29 : 40;
7D2A : 37;
7D2B : 44;
7D2C : 31;
7D2D : 37;
7D2E : 00;
7D2F : 39;
7D30 : 7D;
7D31 : DD;
7D32 : 21;
7D33 : 89;
7D34 : 01;
7D35 : CD;
7D36 : F3;
7D37 : 1A;
7D38 : C9;
7D39 : DD;
7D3A : 21;
7D3B : 85;
7D3C : 01;
7D3D : C3;
7D3E : F3;
7D3F : 1A;
7D40 : 00;
7D41 : 00;
7D42 : 00;
7D43 : 00;
7D44 : 00;
7D45 : 00;
7D46 : 00;
7D47 : 00;
7D48 : 00;
7D49 : 00;
7D4A : 00;
7D4B : 00;
7D4C : 00;
7D4D : 00;
7D4E : 00;
7D4F : 00;
7D50 : 00;
7D51 : 00;
7D52 : 00;
7D53 : 00;
7D54 : 00;
7D55 : 00;
7D56 : 00;
7D57 : 00;
7D58 : 00;
7D59 : 00;
7D5A : 00;
7D5B : 00;
7D5C : 00;
7D5D : 00;
7D5E : 00;
7D5F : 00;
7D60 : 00;
7D61 : 00;
7D62 : 00;
7D63 : 00;
7D64 : 00;
7D65 : 00;
7D66 : 00;
7D67 : 00;
7D68 : 00;
7D69 : 00;
7D6A : 00;
7D6B : 00;
7D6C : 00;
7D6D : 00;
7D6E : 00;
7D6F : 00;
7D70 : 00;
7D71 : 00;
7D72 : 00;
7D73 : 00;
7D74 : 00;
7D75 : 00;
7D76 : 00;
7D77 : 00;
7D78 : 00;
7D79 : 00;
7D7A : 00;
7D7B : 00;
7D7C : 00;
7D7D : 00;
7D7E : 00;
7D7F : 00;
7D80 : 00;
7D81 : 00;
7D82 : 00;
7D83 : 00;
7D84 : 00;
7D85 : 00;
7D86 : 00;
7D87 : 00;
7D88 : 00;
7D89 : 00;
7D8A : 00;
7D8B : 00;
7D8C : 00;
7D8D : 00;
7D8E : 00;
7D8F : 00;
7D90 : 00;
7D91 : 00;
7D92 : 00;
7D93 : 00;
7D94 : 00;
7D95 : 00;
7D96 : 00;
7D97 : 00;
7D98 : 00;
7D99 : 00;
7D9A : 00;
7D9B : 00;
7D9C : 00;
7D9D : 00;
7D9E : 00;
7D9F : 00;
7DA0 : 00;
7DA1 : 00;
7DA2 : 00;
7DA3 : 00;
7DA4 : 00;
7DA5 : 00;
7DA6 : 00;
7DA7 : 00;
7DA8 : 00;
7DA9 : 00;
7DAA : 00;
7DAB : 00;
7DAC : 00;
7DAD : 00;
7DAE : 00;
7DAF : 00;
7DB0 : 00;
7DB1 : 00;
7DB2 : 00;
7DB3 : 00;
7DB4 : 00;
7DB5 : 00;
7DB6 : 00;
7DB7 : 00;
7DB8 : 00;
7DB9 : 00;
7DBA : 00;
7DBB : 00;
7DBC : 00;
7DBD : 00;
7DBE : 00;
7DBF : 00;
7DC0 : 00;
7DC1 : 00;
7DC2 : 00;
7DC3 : 00;
7DC4 : 00;
7DC5 : 00;
7DC6 : 00;
7DC7 : 00;
7DC8 : 00;
7DC9 : 00;
7DCA : 00;
7DCB : 00;
7DCC : 00;
7DCD : 00;
7DCE : 00;
7DCF : 00;
7DD0 : 00;
7DD1 : 00;
7DD2 : 00;
7DD3 : 00;
7DD4 : 00;
7DD5 : 00;
7DD6 : 00;
7DD7 : 00;
7DD8 : 00;
7DD9 : 00;
7DDA : 00;
7DDB : 00;
7DDC : 00;
7DDD : 00;
7DDE : 00;
7DDF : 00;
7DE0 : 00;
7DE1 : 00;
7DE2 : 00;
7DE3 : 00;
7DE4 : 00;
7DE5 : 00;
7DE6 : 00;
7DE7 : 00;
7DE8 : 00;
7DE9 : 00;
7DEA : 00;
7DEB : 00;
7DEC : 00;
7DED : 00;
7DEE : 00;
7DEF : 00;
7DF0 : 00;
7DF1 : 00;
7DF2 : 00;
7DF3 : 00;
7DF4 : 00;
7DF5 : 00;
7DF6 : 00;
7DF7 : 00;
7DF8 : 00;
7DF9 : 00;
7DFA : 00;
7DFB : 00;
7DFC : 00;
7DFD : 00;
7DFE : 00;
7DFF : 00;
7E00 : 00;
7E01 : 00;
7E02 : 00;
7E03 : 00;
7E04 : 00;
7E05 : 00;
7E06 : 00;
7E07 : 00;
7E08 : 00;
7E09 : 00;
7E0A : 00;
7E0B : 00;
7E0C : 00;
7E0D : 00;
7E0E : 00;
7E0F : 00;
7E10 : 00;
7E11 : 00;
7E12 : 00;
7E13 : 00;
7E14 : E5;
7E15 : F5;
7E16 : 21;
7E17 : 1F;
7E18 : 7E;
7E19 : CD;
7E1A : AB;
7E1B : 09;
7E1C : F1;
7E1D : E1;
7E1E : C9;
7E1F : 75;
7E20 : 6E;
7E21 : 6B;
7E22 : 6E;
7E23 : 6F;
7E24 : 77;
7E25 : 6E;
7E26 : 40;
7E27 : 37;
7E28 : 45;
7E29 : 31;
7E2A : 34;
7E2B : 00;
7E2C : 00;
7E2D : 00;
7E2E : 00;
7E2F : 00;
7E30 : 00;
7E31 : 00;
7E32 : 00;
7E33 : 00;
7E34 : 00;
7E35 : 00;
7E36 : 00;
7E37 : 00;
7E38 : 00;
7E39 : 00;
7E3A : 00;
7E3B : 00;
7E3C : 00;
7E3D : 00;
7E3E : 00;
7E3F : 00;
7E40 : 00;
7E41 : 00;
7E42 : 00;
7E43 : 00;
7E44 : 00;
7E45 : 00;
7E46 : 00;
7E47 : 00;
7E48 : 00;
7E49 : 00;
7E4A : 00;
7E4B : 00;
7E4C : 00;
7E4D : 00;
7E4E : 00;
7E4F : 00;
7E50 : 00;
7E51 : 00;
7E52 : 00;
7E53 : 00;
7E54 : 00;
7E55 : 00;
7E56 : 00;
7E57 : 00;
7E58 : 00;
7E59 : 00;
7E5A : 00;
7E5B : 00;
7E5C : 00;
7E5D : 00;
7E5E : 00;
7E5F : 00;
7E60 : 00;
7E61 : 00;
7E62 : 00;
7E63 : 00;
7E64 : 00;
7E65 : 00;
7E66 : 00;
7E67 : 00;
7E68 : 00;
7E69 : 00;
7E6A : 00;
7E6B : C9;
7E6C : 00;
7E6D : 00;
7E6E : 00;
7E6F : 00;
7E70 : 00;
7E71 : 00;
7E72 : 00;
7E73 : 00;
7E74 : 00;
7E75 : 00;
7E76 : 00;
7E77 : 00;
7E78 : 00;
7E79 : 00;
7E7A : 00;
7E7B : 00;
7E7C : 00;
7E7D : 00;
7E7E : 00;
7E7F : 00;
7E80 : 00;
7E81 : 00;
7E82 : 00;
7E83 : 00;
7E84 : 00;
7E85 : 00;
7E86 : 00;
7E87 : 00;
7E88 : 00;
7E89 : 00;
7E8A : 00;
7E8B : 00;
7E8C : 00;
7E8D : 00;
7E8E : 00;
7E8F : 00;
7E90 : 00;
7E91 : 00;
7E92 : 00;
7E93 : 00;
7E94 : 00;
7E95 : 00;
7E96 : 00;
7E97 : 00;
7E98 : 00;
7E99 : 00;
7E9A : 00;
7E9B : 00;
7E9C : 00;
7E9D : 00;
7E9E : 00;
7E9F : 00;
7EA0 : 00;
7EA1 : 00;
7EA2 : 00;
7EA3 : 00;
7EA4 : 00;
7EA5 : 00;
7EA6 : 00;
7EA7 : 00;
7EA8 : 00;
7EA9 : 00;
7EAA : 00;
7EAB : 00;
7EAC : 00;
7EAD : 00;
7EAE : 00;
7EAF : 00;
7EB0 : 00;
7EB1 : 00;
7EB2 : 00;
7EB3 : 00;
7EB4 : 00;
7EB5 : 00;
7EB6 : 00;
7EB7 : 00;
7EB8 : 00;
7EB9 : 00;
7EBA : 00;
7EBB : 00;
7EBC : 00;
7EBD : 00;
7EBE : 00;
7EBF : 00;
7EC0 : 00;
7EC1 : 00;
7EC2 : 00;
7EC3 : 00;
7EC4 : 00;
7EC5 : 00;
7EC6 : 00;
7EC7 : 00;
7EC8 : 00;
7EC9 : 00;
7ECA : 00;
7ECB : 00;
7ECC : 00;
7ECD : 00;
7ECE : 00;
7ECF : 00;
7ED0 : 00;
7ED1 : 00;
7ED2 : 00;
7ED3 : 00;
7ED4 : 00;
7ED5 : 00;
7ED6 : 00;
7ED7 : 00;
7ED8 : 00;
7ED9 : 00;
7EDA : 00;
7EDB : 00;
7EDC : 00;
7EDD : 00;
7EDE : 00;
7EDF : 00;
7EE0 : 00;
7EE1 : 00;
7EE2 : 00;
7EE3 : 00;
7EE4 : 00;
7EE5 : 00;
7EE6 : 00;
7EE7 : 00;
7EE8 : 00;
7EE9 : 00;
7EEA : 00;
7EEB : 00;
7EEC : 00;
7EED : 00;
7EEE : 00;
7EEF : 00;
7EF0 : 00;
7EF1 : 00;
7EF2 : 00;
7EF3 : 00;
7EF4 : 00;
7EF5 : 00;
7EF6 : 00;
7EF7 : 00;
7EF8 : 00;
7EF9 : 00;
7EFA : 00;
7EFB : 00;
7EFC : 00;
7EFD : 00;
7EFE : 00;
7EFF : 00;
7F00 : 00;
7F01 : 00;
7F02 : 00;
7F03 : 00;
7F04 : 00;
7F05 : 00;
7F06 : 00;
7F07 : 00;
7F08 : 00;
7F09 : 00;
7F0A : 00;
7F0B : 00;
7F0C : 00;
7F0D : 00;
7F0E : 00;
7F0F : 00;
7F10 : 00;
7F11 : 00;
7F12 : 00;
7F13 : 00;
7F14 : 00;
7F15 : 00;
7F16 : 00;
7F17 : 00;
7F18 : 00;
7F19 : 00;
7F1A : 00;
7F1B : 00;
7F1C : 00;
7F1D : 00;
7F1E : 00;
7F1F : 00;
7F20 : 00;
7F21 : 00;
7F22 : 00;
7F23 : 00;
7F24 : 00;
7F25 : 00;
7F26 : 00;
7F27 : 00;
7F28 : 00;
7F29 : 00;
7F2A : 00;
7F2B : 00;
7F2C : 00;
7F2D : 00;
7F2E : 00;
7F2F : 00;
7F30 : 00;
7F31 : 00;
7F32 : 00;
7F33 : 00;
7F34 : 00;
7F35 : 00;
7F36 : 00;
7F37 : 00;
7F38 : 00;
7F39 : 00;
7F3A : 00;
7F3B : 00;
7F3C : 00;
7F3D : 00;
7F3E : 00;
7F3F : 00;
7F40 : 00;
7F41 : 00;
7F42 : 00;
7F43 : 00;
7F44 : 00;
7F45 : 00;
7F46 : 00;
7F47 : 00;
7F48 : 00;
7F49 : 00;
7F4A : 00;
7F4B : 00;
7F4C : 00;
7F4D : 00;
7F4E : 00;
7F4F : 00;
7F50 : 00;
7F51 : 00;
7F52 : 00;
7F53 : 00;
7F54 : 00;
7F55 : 00;
7F56 : 00;
7F57 : 00;
7F58 : 00;
7F59 : 00;
7F5A : 00;
7F5B : 00;
7F5C : 00;
7F5D : 00;
7F5E : 00;
7F5F : 00;
7F60 : 00;
7F61 : 00;
7F62 : 00;
7F63 : 00;
7F64 : 00;
7F65 : 00;
7F66 : 00;
7F67 : 00;
7F68 : 00;
7F69 : 00;
7F6A : 00;
7F6B : 00;
7F6C : 00;
7F6D : 00;
7F6E : 00;
7F6F : 00;
7F70 : 00;
7F71 : 00;
7F72 : 00;
7F73 : 00;
7F74 : 00;
7F75 : 00;
7F76 : 00;
7F77 : 00;
7F78 : 00;
7F79 : 00;
7F7A : 00;
7F7B : 00;
7F7C : 00;
7F7D : 00;
7F7E : 00;
7F7F : 00;
7F80 : 00;
7F81 : 00;
7F82 : 00;
7F83 : 00;
7F84 : 00;
7F85 : 00;
7F86 : 00;
7F87 : 00;
7F88 : 00;
7F89 : 00;
7F8A : 00;
7F8B : 00;
7F8C : 00;
7F8D : 00;
7F8E : 00;
7F8F : 00;
7F90 : 00;
7F91 : 00;
7F92 : 00;
7F93 : 00;
7F94 : 00;
7F95 : 00;
7F96 : 00;
7F97 : 00;
7F98 : 00;
7F99 : 00;
7F9A : 00;
7F9B : 00;
7F9C : 00;
7F9D : 00;
7F9E : 00;
7F9F : 00;
7FA0 : 00;
7FA1 : 00;
7FA2 : 00;
7FA3 : 00;
7FA4 : 00;
7FA5 : 00;
7FA6 : 00;
7FA7 : 00;
7FA8 : 00;
7FA9 : 00;
7FAA : 00;
7FAB : 00;
7FAC : 00;
7FAD : 00;
7FAE : 00;
7FAF : 00;
7FB0 : 00;
7FB1 : 00;
7FB2 : 00;
7FB3 : 00;
7FB4 : 00;
7FB5 : 00;
7FB6 : 00;
7FB7 : 00;
7FB8 : 00;
7FB9 : 00;
7FBA : 00;
7FBB : 00;
7FBC : 00;
7FBD : 00;
7FBE : 00;
7FBF : 00;
7FC0 : 00;
7FC1 : 00;
7FC2 : 00;
7FC3 : 00;
7FC4 : 00;
7FC5 : 00;
7FC6 : 00;
7FC7 : 00;
7FC8 : 00;
7FC9 : 00;
7FCA : 00;
7FCB : 00;
7FCC : 00;
7FCD : 00;
7FCE : 00;
7FCF : 00;
7FD0 : 00;
7FD1 : 00;
7FD2 : 00;
7FD3 : 00;
7FD4 : 00;
7FD5 : 00;
7FD6 : 00;
7FD7 : 00;
7FD8 : 00;
7FD9 : 00;
7FDA : 00;
7FDB : 00;
7FDC : 00;
7FDD : 00;
7FDE : 00;
7FDF : 00;
7FE0 : 00;
7FE1 : 00;
7FE2 : 00;
7FE3 : 00;
7FE4 : 00;
7FE5 : 00;
7FE6 : 00;
7FE7 : 00;
7FE8 : 00;
7FE9 : 00;
7FEA : 00;
7FEB : 00;
7FEC : 00;
7FED : 00;
7FEE : 00;
7FEF : 00;
7FF0 : 00;
7FF1 : 00;
7FF2 : 00;
7FF3 : 00;
7FF4 : 00;
7FF5 : 00;
7FF6 : 00;
7FF7 : 00;
7FF8 : 00;
7FF9 : 00;
7FFA : 00;
7FFB : 00;
7FFC : 00;
7FFD : 00;
7FFE : 00;
7FFF : 00;
END;
