DEPTH = 16384;
WIDTH = 8;
ADDRESS_RADIX = HEX;
DATA_RADIX = HEX;
CONTENT
BEGIN
0 : 43;
1 : 44;
2 : 00;
3 : 00;
4 : 00;
5 : 00;
6 : 00;
7 : 00;
8 : 00;
9 : 00;
A : 00;
B : 00;
C : 00;
D : 00;
E : 00;
F : 00;
10 : 7E;
11 : B7;
12 : C9;
13 : 00;
14 : C9;
15 : 00;
16 : 00;
17 : 00;
18 : C9;
19 : 00;
1A : 00;
1B : 00;
1C : C9;
1D : 00;
1E : 00;
1F : 00;
20 : 7C;
21 : BA;
22 : C0;
23 : 7D;
24 : BB;
25 : C9;
26 : 00;
27 : 00;
28 : C9;
29 : 00;
2A : 00;
2B : 00;
2C : 00;
2D : 00;
2E : 00;
2F : 00;
30 : C9;
31 : C9;
32 : C9;
33 : C9;
34 : C9;
35 : C9;
36 : C9;
37 : C9;
38 : F5;
39 : C5;
3A : D5;
3B : E5;
3C : 08;
3D : D9;
3E : F5;
3F : C5;
40 : D5;
41 : E5;
42 : DD;
43 : E5;
44 : FD;
45 : E5;
46 : DD;
47 : 21;
48 : 38;
49 : 00;
4A : FD;
4B : 2A;
4C : C0;
4D : FC;
4E : CD;
4F : C5;
50 : 02;
51 : FD;
52 : E1;
53 : DD;
54 : E1;
55 : E1;
56 : D1;
57 : C1;
58 : F1;
59 : 08;
5A : D9;
5B : E1;
5C : D1;
5D : C1;
5E : F1;
5F : ED;
60 : 4D;
61 : C9;
62 : C9;
63 : C9;
64 : C9;
65 : C9;
66 : CD;
67 : D6;
68 : FD;
69 : ED;
6A : 45;
6B : C9;
6C : C9;
6D : C9;
6E : C9;
6F : C9;
70 : C9;
71 : C9;
72 : C9;
73 : C9;
74 : C9;
75 : C9;
76 : C9;
77 : C9;
78 : C9;
79 : C9;
7A : C9;
7B : C9;
7C : C9;
7D : C9;
7E : C9;
7F : C9;
80 : C9;
81 : C9;
82 : C9;
83 : C9;
84 : C9;
85 : FB;
86 : C3;
87 : F2;
88 : 0E;
89 : FB;
8A : C3;
8B : 04;
8C : 0F;
8D : FB;
8E : C3;
8F : FC;
90 : 0D;
91 : FB;
92 : C3;
93 : 73;
94 : 0F;
95 : FB;
96 : C3;
97 : 79;
98 : 0E;
99 : FB;
9A : C3;
9B : 67;
9C : 0E;
9D : FB;
9E : C3;
9F : 8A;
A0 : 0E;
A1 : FB;
A2 : C3;
A3 : 85;
A4 : 0F;
A5 : FB;
A6 : C3;
A7 : 97;
A8 : 0D;
A9 : FB;
AA : C3;
AB : 97;
AC : 0F;
AD : FB;
AE : C3;
AF : A9;
B0 : 0D;
B1 : FB;
B2 : C3;
B3 : EA;
B4 : 0D;
B5 : FB;
B6 : C3;
B7 : D9;
B8 : 0D;
B9 : FB;
BA : C3;
BB : C9;
BC : 0D;
BD : FB;
BE : C3;
BF : BA;
C0 : 0D;
C1 : FB;
C2 : C3;
C3 : D0;
C4 : 0E;
C5 : FB;
C6 : C3;
C7 : E1;
C8 : 0E;
C9 : FB;
CA : C3;
CB : A9;
CC : 0F;
CD : FB;
CE : C3;
CF : 0B;
D0 : 10;
D1 : FB;
D2 : C3;
D3 : B3;
D4 : 04;
D5 : FB;
D6 : C3;
D7 : C5;
D8 : 05;
D9 : FB;
DA : C3;
DB : 16;
DC : 06;
DD : FB;
DE : C3;
DF : 60;
E0 : 06;
E1 : FB;
E2 : C3;
E3 : A5;
E4 : 06;
E5 : FB;
E6 : C3;
E7 : F8;
E8 : 06;
E9 : FB;
EA : C3;
EB : 50;
EC : 07;
ED : FB;
EE : C3;
EF : 7F;
F0 : 07;
F1 : FB;
F2 : C3;
F3 : B2;
F4 : 07;
F5 : FB;
F6 : C3;
F7 : 66;
F8 : 05;
F9 : FB;
FA : C3;
FB : 08;
FC : 08;
FD : FB;
FE : C3;
FF : 1B;
100 : 08;
101 : FB;
102 : C3;
103 : 25;
104 : 08;
105 : FB;
106 : C3;
107 : 75;
108 : 0D;
109 : FB;
10A : C3;
10B : CA;
10C : 09;
10D : FB;
10E : C3;
10F : C4;
110 : 09;
111 : FB;
112 : C3;
113 : 1C;
114 : 05;
115 : FB;
116 : C3;
117 : 6E;
118 : 0C;
119 : FB;
11A : C3;
11B : 4D;
11C : 10;
11D : C9;
11E : C9;
11F : C9;
120 : C9;
121 : C9;
122 : C9;
123 : C9;
124 : C9;
125 : C9;
126 : C9;
127 : C9;
128 : C9;
129 : C9;
12A : C9;
12B : C9;
12C : C9;
12D : FB;
12E : C3;
12F : FF;
130 : 03;
131 : FB;
132 : C3;
133 : D2;
134 : 09;
135 : C9;
136 : C9;
137 : C9;
138 : C9;
139 : C9;
13A : C9;
13B : C9;
13C : C9;
13D : FB;
13E : C3;
13F : 61;
140 : 10;
141 : FB;
142 : C3;
143 : BC;
144 : 10;
145 : FB;
146 : C3;
147 : D8;
148 : 10;
149 : FB;
14A : C3;
14B : EF;
14C : 10;
14D : FB;
14E : C3;
14F : 05;
150 : 11;
151 : C9;
152 : C9;
153 : C9;
154 : C9;
155 : C9;
156 : C9;
157 : C9;
158 : C9;
159 : C9;
15A : C9;
15B : C9;
15C : C9;
15D : C9;
15E : C9;
15F : C9;
160 : C9;
161 : C9;
162 : C9;
163 : C9;
164 : C9;
165 : C9;
166 : C9;
167 : C9;
168 : C9;
169 : C9;
16A : C9;
16B : C9;
16C : C9;
16D : C9;
16E : C9;
16F : C9;
170 : C9;
171 : C9;
172 : C9;
173 : C9;
174 : C9;
175 : C9;
176 : C9;
177 : C9;
178 : C9;
179 : C9;
17A : C9;
17B : C9;
17C : C9;
17D : FB;
17E : C3;
17F : 7C;
180 : 11;
181 : FB;
182 : C3;
183 : 8C;
184 : 11;
185 : FB;
186 : C3;
187 : 9E;
188 : 11;
189 : FB;
18A : C3;
18B : B0;
18C : 11;
18D : C9;
18E : C9;
18F : C9;
190 : C9;
191 : FB;
192 : C3;
193 : 03;
194 : 12;
195 : FB;
196 : C3;
197 : 1C;
198 : 12;
199 : FB;
19A : C3;
19B : 92;
19C : 12;
19D : FB;
19E : C3;
19F : F2;
1A0 : 12;
1A1 : FB;
1A2 : C3;
1A3 : 03;
1A4 : 13;
1A5 : FB;
1A6 : C3;
1A7 : 14;
1A8 : 13;
1A9 : FB;
1AA : C3;
1AB : 25;
1AC : 13;
1AD : FB;
1AE : C3;
1AF : 36;
1B0 : 13;
1B1 : C9;
1B2 : C9;
1B3 : C9;
1B4 : C9;
1B5 : FB;
1B6 : C3;
1B7 : 48;
1B8 : 13;
1B9 : C9;
1BA : C9;
1BB : C9;
1BC : C9;
1BD : FB;
1BE : C3;
1BF : 4F;
1C0 : 13;
1C1 : C9;
1C2 : C9;
1C3 : C9;
1C4 : C9;
1C5 : C9;
1C6 : C9;
1C7 : C9;
1C8 : C9;
1C9 : C9;
1CA : C9;
1CB : C9;
1CC : C9;
1CD : C9;
1CE : C9;
1CF : C9;
1D0 : C9;
1D1 : C9;
1D2 : C9;
1D3 : C9;
1D4 : C9;
1D5 : C9;
1D6 : C9;
1D7 : C9;
1D8 : C9;
1D9 : C9;
1DA : C9;
1DB : C9;
1DC : C9;
1DD : C9;
1DE : C9;
1DF : C9;
1E0 : C9;
1E1 : C9;
1E2 : C9;
1E3 : C9;
1E4 : C9;
1E5 : C9;
1E6 : C9;
1E7 : C9;
1E8 : C9;
1E9 : C9;
1EA : C9;
1EB : C9;
1EC : C9;
1ED : C9;
1EE : C9;
1EF : C9;
1F0 : C9;
1F1 : C9;
1F2 : C9;
1F3 : C9;
1F4 : C9;
1F5 : FB;
1F6 : C3;
1F7 : 61;
1F8 : 13;
1F9 : FB;
1FA : C3;
1FB : 7E;
1FC : 13;
1FD : C9;
1FE : C9;
1FF : C9;
200 : 4F;
201 : 06;
202 : 00;
203 : 09;
204 : 09;
205 : C3;
206 : 11;
207 : 02;
208 : BE;
209 : 23;
20A : 28;
20B : 05;
20C : 23;
20D : 23;
20E : 10;
20F : F8;
210 : C9;
211 : 4E;
212 : 23;
213 : 66;
214 : 69;
215 : E9;
216 : 3E;
217 : 23;
218 : D3;
219 : 2E;
21A : CD;
21B : 22;
21C : 02;
21D : 3E;
21E : 00;
21F : D3;
220 : 2E;
221 : C9;
222 : 7E;
223 : 23;
224 : B7;
225 : C8;
226 : D3;
227 : 2F;
228 : 18;
229 : F8;
22A : E6;
22B : 0F;
22C : FE;
22D : 0A;
22E : 30;
22F : 05;
230 : C6;
231 : 30;
232 : D3;
233 : 2F;
234 : C9;
235 : C6;
236 : 37;
237 : D3;
238 : 2F;
239 : C9;
23A : F5;
23B : 0F;
23C : 0F;
23D : 0F;
23E : 0F;
23F : CD;
240 : 2A;
241 : 02;
242 : F1;
243 : CD;
244 : 2A;
245 : 02;
246 : C9;
247 : 7C;
248 : CD;
249 : 3A;
24A : 02;
24B : 7D;
24C : CD;
24D : 3A;
24E : 02;
24F : C9;
250 : C5;
251 : E5;
252 : F5;
253 : 57;
254 : A7;
255 : F3;
256 : FC;
257 : 6F;
258 : 03;
259 : F1;
25A : E1;
25B : E5;
25C : D5;
25D : E5;
25E : F5;
25F : 7C;
260 : 07;
261 : 07;
262 : E6;
263 : 03;
264 : 6F;
265 : 47;
266 : 3E;
267 : FC;
268 : CD;
269 : 89;
26A : 02;
26B : 5F;
26C : 45;
26D : F1;
26E : E6;
26F : 03;
270 : CD;
271 : 89;
272 : 02;
273 : 47;
274 : DB;
275 : A8;
276 : 57;
277 : A3;
278 : B0;
279 : E1;
27A : CD;
27B : 80;
27C : F3;
27D : 7B;
27E : D1;
27F : F5;
280 : CB;
281 : 7A;
282 : C4;
283 : AB;
284 : 03;
285 : F1;
286 : E1;
287 : C1;
288 : C9;
289 : 04;
28A : 05;
28B : C8;
28C : 07;
28D : 07;
28E : 10;
28F : FC;
290 : C9;
291 : E5;
292 : 57;
293 : D5;
294 : A7;
295 : F3;
296 : FC;
297 : 6F;
298 : 03;
299 : C1;
29A : E1;
29B : D5;
29C : E5;
29D : 7C;
29E : 07;
29F : 07;
2A0 : E6;
2A1 : 03;
2A2 : 6F;
2A3 : 47;
2A4 : 3E;
2A5 : FC;
2A6 : CD;
2A7 : 89;
2A8 : 02;
2A9 : 5F;
2AA : 45;
2AB : 7A;
2AC : E6;
2AD : 03;
2AE : CD;
2AF : 89;
2B0 : 02;
2B1 : 47;
2B2 : DB;
2B3 : A8;
2B4 : 57;
2B5 : A3;
2B6 : B0;
2B7 : E1;
2B8 : 59;
2B9 : CD;
2BA : 85;
2BB : F3;
2BC : D1;
2BD : E5;
2BE : CB;
2BF : 7A;
2C0 : C4;
2C1 : AB;
2C2 : 03;
2C3 : E1;
2C4 : C9;
2C5 : 08;
2C6 : D9;
2C7 : F3;
2C8 : FD;
2C9 : E5;
2CA : F1;
2CB : DD;
2CC : E5;
2CD : E1;
2CE : 57;
2CF : A7;
2D0 : FC;
2D1 : 6F;
2D2 : 03;
2D3 : D5;
2D4 : 7A;
2D5 : E6;
2D6 : 03;
2D7 : 47;
2D8 : 0E;
2D9 : FC;
2DA : DD;
2DB : E5;
2DC : F1;
2DD : 07;
2DE : 07;
2DF : E6;
2E0 : 03;
2E1 : 87;
2E2 : 28;
2E3 : 07;
2E4 : CB;
2E5 : 00;
2E6 : CB;
2E7 : 01;
2E8 : 3D;
2E9 : 20;
2EA : F9;
2EB : 21;
2EC : F8;
2ED : 02;
2EE : E5;
2EF : DB;
2F0 : A8;
2F1 : F5;
2F2 : A1;
2F3 : B0;
2F4 : D9;
2F5 : C3;
2F6 : 8C;
2F7 : F3;
2F8 : 08;
2F9 : D9;
2FA : F3;
2FB : D1;
2FC : CB;
2FD : 7A;
2FE : C4;
2FF : AB;
300 : 03;
301 : 08;
302 : D9;
303 : C9;
304 : F3;
305 : E5;
306 : 6F;
307 : E6;
308 : 03;
309 : 47;
30A : 3E;
30B : AB;
30C : C6;
30D : 55;
30E : 05;
30F : F2;
310 : 0C;
311 : 03;
312 : 57;
313 : 7C;
314 : 07;
315 : 07;
316 : E6;
317 : 03;
318 : 67;
319 : 47;
31A : 3E;
31B : C0;
31C : 07;
31D : 07;
31E : 05;
31F : F2;
320 : 1C;
321 : 03;
322 : 5F;
323 : 2F;
324 : 4F;
325 : 7A;
326 : A3;
327 : 47;
328 : 7D;
329 : A7;
32A : F2;
32B : 67;
32C : 03;
32D : 0F;
32E : 0F;
32F : E6;
330 : 03;
331 : E5;
332 : C5;
333 : 47;
334 : 3E;
335 : AB;
336 : C6;
337 : 55;
338 : 05;
339 : F2;
33A : 36;
33B : 03;
33C : A3;
33D : 47;
33E : 7A;
33F : E6;
340 : C0;
341 : 67;
342 : DB;
343 : A8;
344 : 6F;
345 : E6;
346 : C0;
347 : B4;
348 : D3;
349 : A8;
34A : 3A;
34B : FF;
34C : FF;
34D : 2F;
34E : A1;
34F : B0;
350 : 4F;
351 : 32;
352 : FF;
353 : FF;
354 : 7D;
355 : D3;
356 : A8;
357 : 21;
358 : C5;
359 : FC;
35A : 7A;
35B : E6;
35C : 03;
35D : 85;
35E : 6F;
35F : 7C;
360 : CE;
361 : 00;
362 : 67;
363 : 79;
364 : 77;
365 : C1;
366 : E1;
367 : DB;
368 : A8;
369 : A1;
36A : B0;
36B : D3;
36C : A8;
36D : E1;
36E : C9;
36F : 57;
370 : 0F;
371 : 0F;
372 : 5F;
373 : E6;
374 : C0;
375 : 6F;
376 : DB;
377 : A8;
378 : 4F;
379 : E6;
37A : 3F;
37B : B5;
37C : D3;
37D : A8;
37E : 7B;
37F : E6;
380 : 03;
381 : 6F;
382 : 7C;
383 : 26;
384 : 03;
385 : 18;
386 : 02;
387 : 29;
388 : 29;
389 : D6;
38A : 40;
38B : 30;
38C : FA;
38D : 7C;
38E : 2F;
38F : 67;
390 : 3A;
391 : FF;
392 : FF;
393 : 2F;
394 : 5F;
395 : A4;
396 : B5;
397 : 32;
398 : FF;
399 : FF;
39A : 6F;
39B : 79;
39C : D3;
39D : A8;
39E : 7A;
39F : E6;
3A0 : 03;
3A1 : 4F;
3A2 : 06;
3A3 : 00;
3A4 : 7D;
3A5 : 21;
3A6 : C5;
3A7 : FC;
3A8 : 09;
3A9 : 77;
3AA : C9;
3AB : 7A;
3AC : 0F;
3AD : 0F;
3AE : E6;
3AF : C0;
3B0 : 47;
3B1 : DB;
3B2 : A8;
3B3 : 4F;
3B4 : E6;
3B5 : 3F;
3B6 : B0;
3B7 : D3;
3B8 : A8;
3B9 : 7B;
3BA : 32;
3BB : FF;
3BC : FF;
3BD : 79;
3BE : D3;
3BF : A8;
3C0 : 7A;
3C1 : E6;
3C2 : 03;
3C3 : 4F;
3C4 : 06;
3C5 : 00;
3C6 : 21;
3C7 : C5;
3C8 : FC;
3C9 : 09;
3CA : 73;
3CB : C9;
3CC : D3;
3CD : A8;
3CE : 5E;
3CF : 18;
3D0 : 03;
3D1 : D3;
3D2 : A8;
3D3 : 73;
3D4 : 7A;
3D5 : D3;
3D6 : A8;
3D7 : C9;
3D8 : D3;
3D9 : A8;
3DA : 08;
3DB : CD;
3DC : 98;
3DD : F3;
3DE : 08;
3DF : F1;
3E0 : D3;
3E1 : A8;
3E2 : 08;
3E3 : C9;
3E4 : DD;
3E5 : E9;
3E6 : 00;
3E7 : 3A;
3E8 : E0;
3E9 : F3;
3EA : E6;
3EB : BF;
3EC : 47;
3ED : 0E;
3EE : 01;
3EF : CD;
3F0 : FF;
3F1 : 03;
3F2 : C9;
3F3 : 3A;
3F4 : E0;
3F5 : F3;
3F6 : F6;
3F7 : 40;
3F8 : 47;
3F9 : 0E;
3FA : 01;
3FB : CD;
3FC : FF;
3FD : 03;
3FE : C9;
3FF : F3;
400 : CB;
401 : B9;
402 : 78;
403 : D3;
404 : 99;
405 : 79;
406 : F6;
407 : 80;
408 : D3;
409 : 99;
40A : FB;
40B : E5;
40C : 21;
40D : DF;
40E : F3;
40F : 79;
410 : FE;
411 : 08;
412 : 38;
413 : 07;
414 : FE;
415 : 18;
416 : 30;
417 : 08;
418 : 21;
419 : DF;
41A : FF;
41B : 78;
41C : 06;
41D : 00;
41E : 09;
41F : 77;
420 : E1;
421 : C9;
422 : CD;
423 : 30;
424 : 04;
425 : DB;
426 : 98;
427 : C9;
428 : F5;
429 : CD;
42A : 42;
42B : 04;
42C : F1;
42D : D3;
42E : 98;
42F : C9;
430 : F3;
431 : AF;
432 : D3;
433 : 99;
434 : 3E;
435 : 8E;
436 : D3;
437 : 99;
438 : 7D;
439 : D3;
43A : 99;
43B : 7C;
43C : E6;
43D : 3F;
43E : D3;
43F : 99;
440 : FB;
441 : C9;
442 : F3;
443 : AF;
444 : D3;
445 : 99;
446 : 3E;
447 : 8E;
448 : D3;
449 : 99;
44A : 7D;
44B : D3;
44C : 99;
44D : 7C;
44E : E6;
44F : 3F;
450 : F6;
451 : 40;
452 : D3;
453 : 99;
454 : FB;
455 : C9;
456 : F5;
457 : 3A;
458 : AF;
459 : FC;
45A : FE;
45B : 05;
45C : 30;
45D : 05;
45E : CD;
45F : 42;
460 : 04;
461 : 18;
462 : 03;
463 : CD;
464 : 88;
465 : 09;
466 : 0B;
467 : 0C;
468 : 78;
469 : 41;
46A : 4F;
46B : 0C;
46C : F1;
46D : D3;
46E : 98;
46F : 10;
470 : FC;
471 : 0D;
472 : 20;
473 : F9;
474 : C9;
475 : 3A;
476 : AF;
477 : FC;
478 : FE;
479 : 04;
47A : 30;
47B : 05;
47C : CD;
47D : 30;
47E : 04;
47F : 18;
480 : 03;
481 : CD;
482 : 7E;
483 : 09;
484 : E5;
485 : EB;
486 : 0B;
487 : 0C;
488 : 78;
489 : 41;
48A : 3C;
48B : 0E;
48C : 98;
48D : ED;
48E : B2;
48F : 3D;
490 : 20;
491 : FB;
492 : E1;
493 : C9;
494 : EB;
495 : 3A;
496 : AF;
497 : FC;
498 : FE;
499 : 04;
49A : 30;
49B : 05;
49C : CD;
49D : 42;
49E : 04;
49F : 18;
4A0 : 03;
4A1 : CD;
4A2 : 88;
4A3 : 09;
4A4 : EB;
4A5 : 0B;
4A6 : 0C;
4A7 : 78;
4A8 : 41;
4A9 : 3C;
4AA : 0E;
4AB : 98;
4AC : ED;
4AD : B3;
4AE : 3D;
4AF : 20;
4B0 : FB;
4B1 : EB;
4B2 : C9;
4B3 : FE;
4B4 : 09;
4B5 : D0;
4B6 : 21;
4B7 : BC;
4B8 : 04;
4B9 : C3;
4BA : 00;
4BB : 02;
4BC : C5;
4BD : 05;
4BE : 16;
4BF : 06;
4C0 : 60;
4C1 : 06;
4C2 : A5;
4C3 : 06;
4C4 : 73;
4C5 : 0A;
4C6 : FD;
4C7 : 0A;
4C8 : 5B;
4C9 : 0B;
4CA : B7;
4CB : 0B;
4CC : 13;
4CD : 0C;
4CE : 21;
4CF : E8;
4D0 : FF;
4D1 : 3A;
4D2 : AF;
4D3 : FC;
4D4 : FE;
4D5 : 05;
4D6 : 30;
4D7 : 04;
4D8 : CB;
4D9 : BE;
4DA : 18;
4DB : 02;
4DC : CB;
4DD : FE;
4DE : AF;
4DF : 32;
4E0 : EC;
4E1 : FF;
4E2 : AF;
4E3 : 32;
4E4 : F6;
4E5 : FF;
4E6 : F3;
4E7 : 21;
4E8 : DF;
4E9 : F3;
4EA : 01;
4EB : 99;
4EC : 08;
4ED : 16;
4EE : 80;
4EF : ED;
4F0 : A3;
4F1 : 78;
4F2 : ED;
4F3 : 51;
4F4 : 14;
4F5 : B7;
4F6 : 20;
4F7 : F7;
4F8 : 3E;
4F9 : 08;
4FA : D3;
4FB : 99;
4FC : 3E;
4FD : 91;
4FE : D3;
4FF : 99;
500 : 21;
501 : E7;
502 : FF;
503 : 01;
504 : 9B;
505 : 07;
506 : ED;
507 : B3;
508 : 23;
509 : 23;
50A : 23;
50B : 3E;
50C : 12;
50D : D3;
50E : 99;
50F : 3E;
510 : 91;
511 : D3;
512 : 99;
513 : 01;
514 : 9B;
515 : 06;
516 : ED;
517 : B3;
518 : FB;
519 : C3;
51A : F3;
51B : 03;
51C : 3A;
51D : AF;
51E : FC;
51F : FE;
520 : 08;
521 : 28;
522 : 3A;
523 : 3D;
524 : F5;
525 : 3A;
526 : E9;
527 : F3;
528 : 07;
529 : 07;
52A : 07;
52B : 07;
52C : E6;
52D : F0;
52E : 6F;
52F : 3A;
530 : EB;
531 : F3;
532 : B5;
533 : 47;
534 : 0E;
535 : 07;
536 : CD;
537 : FF;
538 : 03;
539 : F1;
53A : C0;
53B : 3A;
53C : E9;
53D : F3;
53E : 07;
53F : 07;
540 : 07;
541 : 07;
542 : E6;
543 : F0;
544 : 21;
545 : EA;
546 : F3;
547 : B6;
548 : 2A;
549 : BF;
54A : F3;
54B : 01;
54C : 20;
54D : 00;
54E : F5;
54F : CD;
550 : 42;
551 : 04;
552 : F1;
553 : D3;
554 : 98;
555 : F5;
556 : 0B;
557 : 78;
558 : B1;
559 : 20;
55A : F7;
55B : F1;
55C : C9;
55D : 3A;
55E : EB;
55F : F3;
560 : 47;
561 : 0E;
562 : 07;
563 : C3;
564 : FF;
565 : 03;
566 : 3A;
567 : AF;
568 : FC;
569 : B7;
56A : C8;
56B : CD;
56C : 90;
56D : 05;
56E : 3A;
56F : AF;
570 : FC;
571 : FE;
572 : 04;
573 : 38;
574 : 10;
575 : 2A;
576 : 28;
577 : F9;
578 : 25;
579 : 25;
57A : 01;
57B : 00;
57C : 02;
57D : 3A;
57E : E9;
57F : F3;
580 : E6;
581 : 0F;
582 : CD;
583 : 69;
584 : 09;
585 : 2A;
586 : 26;
587 : F9;
588 : 01;
589 : 00;
58A : 08;
58B : AF;
58C : CD;
58D : 69;
58E : 09;
58F : C9;
590 : 3A;
591 : AF;
592 : FC;
593 : FE;
594 : 04;
595 : 38;
596 : 04;
597 : 1E;
598 : D9;
599 : 18;
59A : 02;
59B : 1E;
59C : D1;
59D : 2A;
59E : 28;
59F : F9;
5A0 : CD;
5A1 : 88;
5A2 : 09;
5A3 : 3A;
5A4 : E9;
5A5 : F3;
5A6 : 57;
5A7 : 01;
5A8 : 00;
5A9 : 20;
5AA : F3;
5AB : 7B;
5AC : D3;
5AD : 98;
5AE : 3E;
5AF : 00;
5B0 : D3;
5B1 : 98;
5B2 : 79;
5B3 : D3;
5B4 : 98;
5B5 : 0C;
5B6 : CD;
5B7 : 25;
5B8 : 08;
5B9 : 30;
5BA : 03;
5BB : 0C;
5BC : 0C;
5BD : 0C;
5BE : 7A;
5BF : D3;
5C0 : 98;
5C1 : 10;
5C2 : E8;
5C3 : FB;
5C4 : C9;
5C5 : CD;
5C6 : E7;
5C7 : 03;
5C8 : 3E;
5C9 : 00;
5CA : 32;
5CB : AF;
5CC : FC;
5CD : 32;
5CE : B0;
5CF : FC;
5D0 : AF;
5D1 : 32;
5D2 : F5;
5D3 : FA;
5D4 : 32;
5D5 : F6;
5D6 : FA;
5D7 : 3A;
5D8 : AE;
5D9 : F3;
5DA : 32;
5DB : B0;
5DC : F3;
5DD : 3E;
5DE : 01;
5DF : 32;
5E0 : DC;
5E1 : F3;
5E2 : 32;
5E3 : DD;
5E4 : F3;
5E5 : 2A;
5E6 : B3;
5E7 : F3;
5E8 : 22;
5E9 : 22;
5EA : F9;
5EB : 2A;
5EC : B7;
5ED : F3;
5EE : 3A;
5EF : B0;
5F0 : F3;
5F1 : FE;
5F2 : 29;
5F3 : 38;
5F4 : 03;
5F5 : 21;
5F6 : 00;
5F7 : 10;
5F8 : 22;
5F9 : 24;
5FA : F9;
5FB : 2A;
5FC : B9;
5FD : F3;
5FE : 22;
5FF : 28;
600 : F9;
601 : 2A;
602 : BB;
603 : F3;
604 : 22;
605 : 26;
606 : F9;
607 : CD;
608 : 1C;
609 : 05;
60A : CD;
60B : F8;
60C : 06;
60D : CD;
60E : 5C;
60F : 0A;
610 : CD;
611 : 8F;
612 : 0C;
613 : C3;
614 : CE;
615 : 04;
616 : CD;
617 : E7;
618 : 03;
619 : 3E;
61A : 01;
61B : 32;
61C : AF;
61D : FC;
61E : 32;
61F : B0;
620 : FC;
621 : 3E;
622 : 01;
623 : 32;
624 : DC;
625 : F3;
626 : 32;
627 : DD;
628 : F3;
629 : CD;
62A : 1C;
62B : 05;
62C : 2A;
62D : BD;
62E : F3;
62F : 22;
630 : 22;
631 : F9;
632 : 2A;
633 : C1;
634 : F3;
635 : 22;
636 : 24;
637 : F9;
638 : 2A;
639 : C5;
63A : F3;
63B : 22;
63C : 26;
63D : F9;
63E : 2A;
63F : C3;
640 : F3;
641 : 22;
642 : 28;
643 : F9;
644 : CD;
645 : 5C;
646 : 0A;
647 : 3A;
648 : AF;
649 : F3;
64A : 32;
64B : B0;
64C : F3;
64D : AF;
64E : 32;
64F : F5;
650 : FA;
651 : 32;
652 : F6;
653 : FA;
654 : CD;
655 : 50;
656 : 07;
657 : CD;
658 : 9B;
659 : 05;
65A : CD;
65B : 9E;
65C : 0C;
65D : C3;
65E : CE;
65F : 04;
660 : CD;
661 : E7;
662 : 03;
663 : 3E;
664 : 02;
665 : 32;
666 : AF;
667 : FC;
668 : CD;
669 : 1C;
66A : 05;
66B : 2A;
66C : C7;
66D : F3;
66E : 22;
66F : 22;
670 : F9;
671 : CD;
672 : 42;
673 : 04;
674 : 06;
675 : 03;
676 : AF;
677 : F3;
678 : D3;
679 : 98;
67A : 3C;
67B : 20;
67C : FB;
67D : 10;
67E : F9;
67F : FB;
680 : 2A;
681 : CB;
682 : F3;
683 : 22;
684 : 24;
685 : F9;
686 : 2A;
687 : CD;
688 : F3;
689 : 22;
68A : 28;
68B : F9;
68C : 2A;
68D : CF;
68E : F3;
68F : 22;
690 : 26;
691 : F9;
692 : AF;
693 : 32;
694 : F5;
695 : FA;
696 : 32;
697 : F6;
698 : FA;
699 : CD;
69A : 7F;
69B : 07;
69C : CD;
69D : 9B;
69E : 05;
69F : CD;
6A0 : BD;
6A1 : 0C;
6A2 : C3;
6A3 : CE;
6A4 : 04;
6A5 : CD;
6A6 : E7;
6A7 : 03;
6A8 : 3E;
6A9 : 03;
6AA : 32;
6AB : AF;
6AC : FC;
6AD : CD;
6AE : 1C;
6AF : 05;
6B0 : 2A;
6B1 : D1;
6B2 : F3;
6B3 : 22;
6B4 : 22;
6B5 : F9;
6B6 : CD;
6B7 : 42;
6B8 : 04;
6B9 : AF;
6BA : 0E;
6BB : 06;
6BC : F3;
6BD : F5;
6BE : 1E;
6BF : 04;
6C0 : F5;
6C1 : 06;
6C2 : 20;
6C3 : D3;
6C4 : 98;
6C5 : 3C;
6C6 : 10;
6C7 : FB;
6C8 : F1;
6C9 : 1D;
6CA : 20;
6CB : F4;
6CC : F1;
6CD : C6;
6CE : 20;
6CF : 0D;
6D0 : 20;
6D1 : EB;
6D2 : FB;
6D3 : 2A;
6D4 : D5;
6D5 : F3;
6D6 : 22;
6D7 : 24;
6D8 : F9;
6D9 : 2A;
6DA : D7;
6DB : F3;
6DC : 22;
6DD : 28;
6DE : F9;
6DF : 2A;
6E0 : D9;
6E1 : F3;
6E2 : 22;
6E3 : 26;
6E4 : F9;
6E5 : AF;
6E6 : 32;
6E7 : F5;
6E8 : FA;
6E9 : 32;
6EA : F6;
6EB : FA;
6EC : CD;
6ED : B2;
6EE : 07;
6EF : CD;
6F0 : 9B;
6F1 : 05;
6F2 : CD;
6F3 : D3;
6F4 : 0C;
6F5 : C3;
6F6 : CE;
6F7 : 04;
6F8 : 3A;
6F9 : B0;
6FA : F3;
6FB : FE;
6FC : 29;
6FD : 30;
6FE : 28;
6FF : 3A;
700 : DF;
701 : F3;
702 : E6;
703 : F1;
704 : 47;
705 : 0E;
706 : 00;
707 : CD;
708 : FF;
709 : 03;
70A : 3A;
70B : E0;
70C : F3;
70D : E6;
70E : E7;
70F : F6;
710 : 10;
711 : 47;
712 : 0C;
713 : CD;
714 : FF;
715 : 03;
716 : 11;
717 : B3;
718 : F3;
719 : 0E;
71A : 02;
71B : AF;
71C : CD;
71D : E3;
71E : 07;
71F : 13;
720 : 13;
721 : 0C;
722 : AF;
723 : CD;
724 : E3;
725 : 07;
726 : C9;
727 : 3A;
728 : DF;
729 : F3;
72A : E6;
72B : F1;
72C : F6;
72D : 04;
72E : 47;
72F : 0E;
730 : 00;
731 : CD;
732 : FF;
733 : 03;
734 : 3A;
735 : E0;
736 : F3;
737 : E6;
738 : E7;
739 : F6;
73A : 10;
73B : 47;
73C : 0C;
73D : CD;
73E : FF;
73F : 03;
740 : 11;
741 : 22;
742 : F9;
743 : 0E;
744 : 02;
745 : 3E;
746 : 03;
747 : CD;
748 : E3;
749 : 07;
74A : 0C;
74B : AF;
74C : CD;
74D : E3;
74E : 07;
74F : C9;
750 : 3A;
751 : DF;
752 : F3;
753 : E6;
754 : F1;
755 : 47;
756 : 0E;
757 : 00;
758 : CD;
759 : FF;
75A : 03;
75B : 3A;
75C : E0;
75D : F3;
75E : E6;
75F : E7;
760 : 47;
761 : 0C;
762 : CD;
763 : FF;
764 : 03;
765 : 11;
766 : BD;
767 : F3;
768 : 0E;
769 : 02;
76A : AF;
76B : CD;
76C : E3;
76D : 07;
76E : AF;
76F : CD;
770 : E3;
771 : 07;
772 : AF;
773 : CD;
774 : E3;
775 : 07;
776 : AF;
777 : CD;
778 : E3;
779 : 07;
77A : AF;
77B : CD;
77C : E3;
77D : 07;
77E : C9;
77F : 3A;
780 : DF;
781 : F3;
782 : E6;
783 : F1;
784 : F6;
785 : 02;
786 : 47;
787 : 0E;
788 : 00;
789 : CD;
78A : FF;
78B : 03;
78C : 3A;
78D : E0;
78E : F3;
78F : E6;
790 : E7;
791 : 47;
792 : 0C;
793 : CD;
794 : FF;
795 : 03;
796 : 11;
797 : C7;
798 : F3;
799 : 0E;
79A : 02;
79B : AF;
79C : CD;
79D : E3;
79E : 07;
79F : 3E;
7A0 : 7F;
7A1 : CD;
7A2 : E3;
7A3 : 07;
7A4 : 3E;
7A5 : 03;
7A6 : CD;
7A7 : E3;
7A8 : 07;
7A9 : AF;
7AA : CD;
7AB : E3;
7AC : 07;
7AD : AF;
7AE : CD;
7AF : E3;
7B0 : 07;
7B1 : C9;
7B2 : 3A;
7B3 : DF;
7B4 : F3;
7B5 : E6;
7B6 : F1;
7B7 : 47;
7B8 : 0E;
7B9 : 00;
7BA : CD;
7BB : FF;
7BC : 03;
7BD : 3A;
7BE : E0;
7BF : F3;
7C0 : E6;
7C1 : E7;
7C2 : F6;
7C3 : 08;
7C4 : 47;
7C5 : 0C;
7C6 : CD;
7C7 : FF;
7C8 : 03;
7C9 : 11;
7CA : D1;
7CB : F3;
7CC : 0E;
7CD : 02;
7CE : AF;
7CF : CD;
7D0 : E3;
7D1 : 07;
7D2 : AF;
7D3 : CD;
7D4 : E3;
7D5 : 07;
7D6 : AF;
7D7 : CD;
7D8 : E3;
7D9 : 07;
7DA : AF;
7DB : CD;
7DC : E3;
7DD : 07;
7DE : AF;
7DF : CD;
7E0 : E3;
7E1 : 07;
7E2 : C9;
7E3 : D5;
7E4 : F5;
7E5 : 21;
7E6 : 01;
7E7 : 08;
7E8 : 06;
7E9 : 00;
7EA : 09;
7EB : 46;
7EC : EB;
7ED : 7E;
7EE : 23;
7EF : 66;
7F0 : 6F;
7F1 : 29;
7F2 : 8F;
7F3 : 10;
7F4 : FC;
7F5 : 47;
7F6 : F1;
7F7 : B0;
7F8 : 47;
7F9 : CD;
7FA : FF;
7FB : 03;
7FC : D1;
7FD : 13;
7FE : 13;
7FF : 0C;
800 : C9;
801 : 00;
802 : 00;
803 : 06;
804 : 0A;
805 : 05;
806 : 09;
807 : 05;
808 : 26;
809 : 00;
80A : 6F;
80B : 29;
80C : 29;
80D : 29;
80E : CD;
80F : 25;
810 : 08;
811 : 30;
812 : 02;
813 : 29;
814 : 29;
815 : ED;
816 : 5B;
817 : 26;
818 : F9;
819 : 19;
81A : C9;
81B : 87;
81C : 87;
81D : 2A;
81E : 28;
81F : F9;
820 : 16;
821 : 00;
822 : 5F;
823 : 19;
824 : C9;
825 : 3A;
826 : E0;
827 : F3;
828 : 0F;
829 : 0F;
82A : 3E;
82B : 08;
82C : D0;
82D : 3E;
82E : 20;
82F : C9;
830 : F5;
831 : FE;
832 : 20;
833 : 38;
834 : 0D;
835 : 3A;
836 : AF;
837 : FC;
838 : FE;
839 : 02;
83A : 28;
83B : 22;
83C : FE;
83D : 05;
83E : 30;
83F : 1C;
840 : F1;
841 : C9;
842 : FE;
843 : 0D;
844 : 20;
845 : FA;
846 : F1;
847 : E5;
848 : C5;
849 : 2A;
84A : B9;
84B : FC;
84C : 01;
84D : 08;
84E : 00;
84F : 09;
850 : 22;
851 : B9;
852 : FC;
853 : 21;
854 : 00;
855 : 00;
856 : 22;
857 : B7;
858 : FC;
859 : C1;
85A : E1;
85B : C9;
85C : F1;
85D : C9;
85E : F1;
85F : E5;
860 : D5;
861 : C5;
862 : F5;
863 : CD;
864 : 75;
865 : 0D;
866 : ED;
867 : 5B;
868 : B9;
869 : FC;
86A : ED;
86B : 4B;
86C : B7;
86D : FC;
86E : CD;
86F : 0C;
870 : 0E;
871 : 3A;
872 : E9;
873 : F3;
874 : 32;
875 : F2;
876 : F3;
877 : 2A;
878 : 2A;
879 : F9;
87A : ED;
87B : 4B;
87C : CB;
87D : F3;
87E : 09;
87F : 11;
880 : 40;
881 : FC;
882 : 3A;
883 : B9;
884 : FC;
885 : E6;
886 : 07;
887 : 06;
888 : 00;
889 : 4F;
88A : 09;
88B : CD;
88C : AB;
88D : 08;
88E : 01;
88F : F0;
890 : 00;
891 : 09;
892 : 3A;
893 : B9;
894 : FC;
895 : 2F;
896 : E6;
897 : 07;
898 : 4F;
899 : CD;
89A : AB;
89B : 08;
89C : 2A;
89D : B7;
89E : FC;
89F : 01;
8A0 : 08;
8A1 : 00;
8A2 : 09;
8A3 : 22;
8A4 : B7;
8A5 : FC;
8A6 : F1;
8A7 : C1;
8A8 : D1;
8A9 : E1;
8AA : C9;
8AB : 3A;
8AC : B7;
8AD : FC;
8AE : E6;
8AF : 07;
8B0 : F5;
8B1 : C5;
8B2 : D5;
8B3 : E5;
8B4 : CD;
8B5 : 34;
8B6 : 09;
8B7 : 3A;
8B8 : B7;
8B9 : FC;
8BA : E6;
8BB : 07;
8BC : 28;
8BD : 1A;
8BE : 3A;
8BF : 2C;
8C0 : F9;
8C1 : 2F;
8C2 : 32;
8C3 : 2C;
8C4 : F9;
8C5 : E1;
8C6 : 01;
8C7 : 08;
8C8 : 00;
8C9 : 09;
8CA : D1;
8CB : C1;
8CC : F1;
8CD : CD;
8CE : 34;
8CF : 09;
8D0 : 3A;
8D1 : 2C;
8D2 : F9;
8D3 : 2F;
8D4 : 32;
8D5 : 2C;
8D6 : F9;
8D7 : C9;
8D8 : C1;
8D9 : 01;
8DA : 08;
8DB : 00;
8DC : 09;
8DD : C1;
8DE : C1;
8DF : F1;
8E0 : C9;
8E1 : F5;
8E2 : E5;
8E3 : C5;
8E4 : D5;
8E5 : 57;
8E6 : 58;
8E7 : ED;
8E8 : 4B;
8E9 : C9;
8EA : F3;
8EB : 09;
8EC : 4F;
8ED : 3A;
8EE : F2;
8EF : F3;
8F0 : E6;
8F1 : 0F;
8F2 : 47;
8F3 : CD;
8F4 : 22;
8F5 : 04;
8F6 : F5;
8F7 : E6;
8F8 : 0F;
8F9 : B8;
8FA : 28;
8FB : 11;
8FC : F1;
8FD : F5;
8FE : 0F;
8FF : 0F;
900 : 0F;
901 : 0F;
902 : E6;
903 : 0F;
904 : B8;
905 : 20;
906 : 0D;
907 : F1;
908 : D1;
909 : C1;
90A : E1;
90B : F1;
90C : C9;
90D : F1;
90E : D1;
90F : C1;
910 : E1;
911 : F1;
912 : 2F;
913 : C9;
914 : 7A;
915 : B3;
916 : FE;
917 : FF;
918 : 28;
919 : 11;
91A : F1;
91B : CB;
91C : 00;
91D : CB;
91E : 00;
91F : CB;
920 : 00;
921 : CB;
922 : 00;
923 : E6;
924 : 0F;
925 : B0;
926 : CD;
927 : 28;
928 : 04;
929 : 18;
92A : DD;
92B : F1;
92C : E6;
92D : F0;
92E : B0;
92F : CD;
930 : 28;
931 : 04;
932 : 18;
933 : DA;
934 : 41;
935 : 3C;
936 : 4F;
937 : 3E;
938 : 07;
939 : A8;
93A : 3C;
93B : 47;
93C : C5;
93D : CD;
93E : 22;
93F : 04;
940 : 47;
941 : 1A;
942 : CD;
943 : E1;
944 : 08;
945 : 0D;
946 : 28;
947 : 03;
948 : 0F;
949 : 18;
94A : FA;
94B : 4F;
94C : 3A;
94D : 2C;
94E : F9;
94F : A1;
950 : 4F;
951 : 78;
952 : B1;
953 : CD;
954 : 28;
955 : 04;
956 : 23;
957 : 13;
958 : C1;
959 : 10;
95A : E1;
95B : C9;
95C : 47;
95D : 52;
95E : 50;
95F : 50;
960 : 52;
961 : 54;
962 : 00;
963 : 3A;
964 : AF;
965 : FC;
966 : FE;
967 : 05;
968 : C9;
969 : F5;
96A : CD;
96B : 88;
96C : 09;
96D : 0B;
96E : 0C;
96F : 78;
970 : 41;
971 : 4F;
972 : 0C;
973 : F1;
974 : F3;
975 : D3;
976 : 98;
977 : 10;
978 : FC;
979 : 0D;
97A : 20;
97B : F9;
97C : FB;
97D : C9;
97E : CD;
97F : 94;
980 : 09;
981 : 7C;
982 : E6;
983 : 3F;
984 : D3;
985 : 99;
986 : FB;
987 : C9;
988 : CD;
989 : 94;
98A : 09;
98B : 7C;
98C : E6;
98D : 3F;
98E : F6;
98F : 40;
990 : D3;
991 : 99;
992 : FB;
993 : C9;
994 : 3A;
995 : F6;
996 : FA;
997 : B7;
998 : 28;
999 : 10;
99A : 3A;
99B : AF;
99C : FC;
99D : FE;
99E : 05;
99F : DA;
9A0 : 42;
9A1 : 04;
9A2 : FE;
9A3 : 07;
9A4 : 3A;
9A5 : F6;
9A6 : FA;
9A7 : 38;
9A8 : 01;
9A9 : 87;
9AA : E5;
9AB : E6;
9AC : 03;
9AD : 0F;
9AE : 6F;
9AF : E6;
9B0 : 80;
9B1 : AC;
9B2 : 17;
9B3 : CB;
9B4 : 15;
9B5 : 17;
9B6 : 7D;
9B7 : 17;
9B8 : F3;
9B9 : D3;
9BA : 99;
9BB : 3E;
9BC : 8E;
9BD : D3;
9BE : 99;
9BF : E1;
9C0 : 7D;
9C1 : D3;
9C2 : 99;
9C3 : C9;
9C4 : CD;
9C5 : 7E;
9C6 : 09;
9C7 : DB;
9C8 : 98;
9C9 : C9;
9CA : F5;
9CB : CD;
9CC : 88;
9CD : 09;
9CE : F1;
9CF : D3;
9D0 : 98;
9D1 : C9;
9D2 : F3;
9D3 : D3;
9D4 : 99;
9D5 : 3E;
9D6 : 8F;
9D7 : D3;
9D8 : 99;
9D9 : DB;
9DA : 99;
9DB : F5;
9DC : AF;
9DD : D3;
9DE : 99;
9DF : 3E;
9E0 : 8F;
9E1 : D3;
9E2 : 99;
9E3 : FB;
9E4 : F1;
9E5 : C9;
9E6 : DB;
9E7 : 99;
9E8 : 01;
9E9 : 00;
9EA : 00;
9EB : CD;
9EC : FF;
9ED : 03;
9EE : 01;
9EF : 01;
9F0 : E0;
9F1 : CD;
9F2 : FF;
9F3 : 03;
9F4 : 01;
9F5 : 02;
9F6 : 00;
9F7 : CD;
9F8 : FF;
9F9 : 03;
9FA : 01;
9FB : 03;
9FC : 80;
9FD : CD;
9FE : FF;
9FF : 03;
A00 : 01;
A01 : 04;
A02 : 01;
A03 : CD;
A04 : FF;
A05 : 03;
A06 : 01;
A07 : 08;
A08 : 08;
A09 : CD;
A0A : FF;
A0B : 03;
A0C : 3E;
A0D : 01;
A0E : 32;
A0F : DC;
A10 : F3;
A11 : 32;
A12 : DD;
A13 : F3;
A14 : CD;
A15 : 9E;
A16 : 0C;
A17 : 3E;
A18 : 00;
A19 : 21;
A1A : 00;
A1B : 08;
A1C : 01;
A1D : 00;
A1E : 08;
A1F : CD;
A20 : 56;
A21 : 04;
A22 : 3E;
A23 : F5;
A24 : 21;
A25 : 00;
A26 : 20;
A27 : 01;
A28 : 20;
A29 : 00;
A2A : CD;
A2B : 56;
A2C : 04;
A2D : 01;
A2E : 07;
A2F : F5;
A30 : CD;
A31 : FF;
A32 : 03;
A33 : 21;
A34 : BF;
A35 : 1B;
A36 : 11;
A37 : 00;
A38 : 08;
A39 : 01;
A3A : 00;
A3B : 08;
A3C : FD;
A3D : 2A;
A3E : C0;
A3F : FC;
A40 : DD;
A41 : 21;
A42 : 5C;
A43 : 00;
A44 : CD;
A45 : C5;
A46 : 02;
A47 : FB;
A48 : C9;
A49 : 01;
A4A : 14;
A4B : 00;
A4C : CD;
A4D : FF;
A4E : 03;
A4F : 01;
A50 : 15;
A51 : 3B;
A52 : CD;
A53 : FF;
A54 : 03;
A55 : 01;
A56 : 16;
A57 : 05;
A58 : CD;
A59 : FF;
A5A : 03;
A5B : C9;
A5C : 21;
A5D : BF;
A5E : 1B;
A5F : ED;
A60 : 5B;
A61 : 24;
A62 : F9;
A63 : 01;
A64 : 00;
A65 : 08;
A66 : FD;
A67 : 2A;
A68 : C0;
A69 : FC;
A6A : DD;
A6B : 21;
A6C : 5C;
A6D : 00;
A6E : CD;
A6F : C5;
A70 : 02;
A71 : FB;
A72 : C9;
A73 : CD;
A74 : E7;
A75 : 03;
A76 : 3E;
A77 : 04;
A78 : 32;
A79 : AF;
A7A : FC;
A7B : CD;
A7C : 1C;
A7D : 05;
A7E : 2A;
A7F : C7;
A80 : F3;
A81 : 22;
A82 : 22;
A83 : F9;
A84 : CD;
A85 : 42;
A86 : 04;
A87 : 06;
A88 : 03;
A89 : AF;
A8A : F3;
A8B : D3;
A8C : 98;
A8D : 3C;
A8E : 20;
A8F : FB;
A90 : 10;
A91 : F9;
A92 : FB;
A93 : 2A;
A94 : CB;
A95 : F3;
A96 : 22;
A97 : 24;
A98 : F9;
A99 : 2A;
A9A : CD;
A9B : F3;
A9C : 22;
A9D : 28;
A9E : F9;
A9F : 2A;
AA0 : CF;
AA1 : F3;
AA2 : 22;
AA3 : 26;
AA4 : F9;
AA5 : 3A;
AA6 : DF;
AA7 : F3;
AA8 : E6;
AA9 : F1;
AAA : F6;
AAB : 04;
AAC : 47;
AAD : 0E;
AAE : 00;
AAF : CD;
AB0 : FF;
AB1 : 03;
AB2 : 3A;
AB3 : E0;
AB4 : F3;
AB5 : E6;
AB6 : E7;
AB7 : 47;
AB8 : 0C;
AB9 : CD;
ABA : FF;
ABB : 03;
ABC : 01;
ABD : 0E;
ABE : 00;
ABF : CD;
AC0 : FF;
AC1 : 03;
AC2 : 11;
AC3 : C7;
AC4 : F3;
AC5 : 0E;
AC6 : 02;
AC7 : AF;
AC8 : CD;
AC9 : E3;
ACA : 07;
ACB : 3E;
ACC : 7F;
ACD : CD;
ACE : E3;
ACF : 07;
AD0 : 3E;
AD1 : 03;
AD2 : CD;
AD3 : E3;
AD4 : 07;
AD5 : 11;
AD6 : FB;
AD7 : 0A;
AD8 : 3E;
AD9 : 03;
ADA : CD;
ADB : E3;
ADC : 07;
ADD : 11;
ADE : CF;
ADF : F3;
AE0 : AF;
AE1 : CD;
AE2 : E3;
AE3 : 07;
AE4 : 21;
AE5 : E9;
AE6 : FF;
AE7 : 36;
AE8 : 00;
AE9 : 23;
AEA : 36;
AEB : 00;
AEC : CD;
AED : 9B;
AEE : 05;
AEF : 01;
AF0 : 0E;
AF1 : 00;
AF2 : CD;
AF3 : FF;
AF4 : 03;
AF5 : CD;
AF6 : BD;
AF7 : 0C;
AF8 : C3;
AF9 : CE;
AFA : 04;
AFB : 00;
AFC : 1E;
AFD : CD;
AFE : E7;
AFF : 03;
B00 : 3E;
B01 : 05;
B02 : 32;
B03 : AF;
B04 : FC;
B05 : CD;
B06 : 1C;
B07 : 05;
B08 : 3A;
B09 : DF;
B0A : F3;
B0B : E6;
B0C : F1;
B0D : F6;
B0E : 06;
B0F : 47;
B10 : 0E;
B11 : 00;
B12 : CD;
B13 : FF;
B14 : 03;
B15 : 3A;
B16 : E0;
B17 : F3;
B18 : E6;
B19 : E7;
B1A : F6;
B1B : 20;
B1C : 47;
B1D : 0C;
B1E : CD;
B1F : FF;
B20 : 03;
B21 : 21;
B22 : 00;
B23 : 00;
B24 : 22;
B25 : 22;
B26 : F9;
B27 : 21;
B28 : 00;
B29 : 78;
B2A : 22;
B2B : 26;
B2C : F9;
B2D : 21;
B2E : 00;
B2F : 76;
B30 : 22;
B31 : 28;
B32 : F9;
B33 : AF;
B34 : 32;
B35 : F5;
B36 : FA;
B37 : 32;
B38 : F6;
B39 : FA;
B3A : 01;
B3B : 02;
B3C : 1F;
B3D : CD;
B3E : FF;
B3F : 03;
B40 : 01;
B41 : 05;
B42 : EF;
B43 : CD;
B44 : FF;
B45 : 03;
B46 : 01;
B47 : 0B;
B48 : 00;
B49 : CD;
B4A : FF;
B4B : 03;
B4C : 01;
B4D : 06;
B4E : 0F;
B4F : CD;
B50 : FF;
B51 : 03;
B52 : CD;
B53 : 97;
B54 : 05;
B55 : CD;
B56 : E7;
B57 : 0C;
B58 : C3;
B59 : CE;
B5A : 04;
B5B : CD;
B5C : E7;
B5D : 03;
B5E : 3E;
B5F : 06;
B60 : 32;
B61 : AF;
B62 : FC;
B63 : CD;
B64 : 1C;
B65 : 05;
B66 : 3A;
B67 : DF;
B68 : F3;
B69 : E6;
B6A : F1;
B6B : F6;
B6C : 08;
B6D : 47;
B6E : 0E;
B6F : 00;
B70 : CD;
B71 : FF;
B72 : 03;
B73 : 3A;
B74 : E0;
B75 : F3;
B76 : E6;
B77 : E7;
B78 : 47;
B79 : 0C;
B7A : CD;
B7B : FF;
B7C : 03;
B7D : 21;
B7E : 00;
B7F : 00;
B80 : 22;
B81 : 22;
B82 : F9;
B83 : 21;
B84 : 00;
B85 : 78;
B86 : 22;
B87 : 26;
B88 : F9;
B89 : 21;
B8A : 00;
B8B : 76;
B8C : 22;
B8D : 28;
B8E : F9;
B8F : AF;
B90 : 32;
B91 : F5;
B92 : FA;
B93 : 32;
B94 : F6;
B95 : FA;
B96 : 01;
B97 : 02;
B98 : 1F;
B99 : CD;
B9A : FF;
B9B : 03;
B9C : 01;
B9D : 05;
B9E : EF;
B9F : CD;
BA0 : FF;
BA1 : 03;
BA2 : 01;
BA3 : 0B;
BA4 : 00;
BA5 : CD;
BA6 : FF;
BA7 : 03;
BA8 : 01;
BA9 : 06;
BAA : 0F;
BAB : CD;
BAC : FF;
BAD : 03;
BAE : CD;
BAF : 97;
BB0 : 05;
BB1 : CD;
BB2 : F7;
BB3 : 0C;
BB4 : C3;
BB5 : CE;
BB6 : 04;
BB7 : CD;
BB8 : E7;
BB9 : 03;
BBA : 3E;
BBB : 07;
BBC : 32;
BBD : AF;
BBE : FC;
BBF : CD;
BC0 : 1C;
BC1 : 05;
BC2 : 3A;
BC3 : DF;
BC4 : F3;
BC5 : E6;
BC6 : F1;
BC7 : F6;
BC8 : 0A;
BC9 : 47;
BCA : 0E;
BCB : 00;
BCC : CD;
BCD : FF;
BCE : 03;
BCF : 3A;
BD0 : E0;
BD1 : F3;
BD2 : E6;
BD3 : E7;
BD4 : 47;
BD5 : 0C;
BD6 : CD;
BD7 : FF;
BD8 : 03;
BD9 : 21;
BDA : 00;
BDB : 00;
BDC : 22;
BDD : 22;
BDE : F9;
BDF : 21;
BE0 : 00;
BE1 : F0;
BE2 : 22;
BE3 : 26;
BE4 : F9;
BE5 : 21;
BE6 : 00;
BE7 : FA;
BE8 : 22;
BE9 : 28;
BEA : F9;
BEB : AF;
BEC : 32;
BED : F5;
BEE : FA;
BEF : 32;
BF0 : F6;
BF1 : FA;
BF2 : 01;
BF3 : 02;
BF4 : 1F;
BF5 : CD;
BF6 : FF;
BF7 : 03;
BF8 : 01;
BF9 : 05;
BFA : F7;
BFB : CD;
BFC : FF;
BFD : 03;
BFE : 01;
BFF : 0B;
C00 : 01;
C01 : CD;
C02 : FF;
C03 : 03;
C04 : 01;
C05 : 06;
C06 : 1E;
C07 : CD;
C08 : FF;
C09 : 03;
C0A : CD;
C0B : 97;
C0C : 05;
C0D : CD;
C0E : 0A;
C0F : 0D;
C10 : C3;
C11 : CE;
C12 : 04;
C13 : CD;
C14 : E7;
C15 : 03;
C16 : 3E;
C17 : 08;
C18 : 32;
C19 : AF;
C1A : FC;
C1B : CD;
C1C : 1C;
C1D : 05;
C1E : 3A;
C1F : DF;
C20 : F3;
C21 : F6;
C22 : 0E;
C23 : 47;
C24 : 0E;
C25 : 00;
C26 : CD;
C27 : FF;
C28 : 03;
C29 : 3A;
C2A : E0;
C2B : F3;
C2C : E6;
C2D : E7;
C2E : 47;
C2F : 0C;
C30 : CD;
C31 : FF;
C32 : 03;
C33 : 21;
C34 : 00;
C35 : 00;
C36 : 22;
C37 : 22;
C38 : F9;
C39 : 21;
C3A : 00;
C3B : F0;
C3C : 22;
C3D : 26;
C3E : F9;
C3F : 21;
C40 : 00;
C41 : FA;
C42 : 22;
C43 : 28;
C44 : F9;
C45 : AF;
C46 : 32;
C47 : F5;
C48 : FA;
C49 : 32;
C4A : F6;
C4B : FA;
C4C : 01;
C4D : 02;
C4E : 1F;
C4F : CD;
C50 : FF;
C51 : 03;
C52 : 01;
C53 : 05;
C54 : F7;
C55 : CD;
C56 : FF;
C57 : 03;
C58 : 01;
C59 : 0B;
C5A : 01;
C5B : CD;
C5C : FF;
C5D : 03;
C5E : 01;
C5F : 06;
C60 : 1E;
C61 : CD;
C62 : FF;
C63 : 03;
C64 : CD;
C65 : 97;
C66 : 05;
C67 : CD;
C68 : 1A;
C69 : 0D;
C6A : C3;
C6B : CE;
C6C : 04;
C6D : C0;
C6E : 3A;
C6F : AF;
C70 : FC;
C71 : FE;
C72 : 09;
C73 : D0;
C74 : E5;
C75 : 21;
C76 : 7D;
C77 : 0C;
C78 : CD;
C79 : 00;
C7A : 02;
C7B : E1;
C7C : C9;
C7D : 8F;
C7E : 0C;
C7F : 9E;
C80 : 0C;
C81 : BD;
C82 : 0C;
C83 : D3;
C84 : 0C;
C85 : BD;
C86 : 0C;
C87 : E7;
C88 : 0C;
C89 : F7;
C8A : 0C;
C8B : 0A;
C8C : 0D;
C8D : 1A;
C8E : 0D;
C8F : 3A;
C90 : B0;
C91 : F3;
C92 : FE;
C93 : 28;
C94 : 01;
C95 : C0;
C96 : 03;
C97 : 38;
C98 : 08;
C99 : 01;
C9A : 80;
C9B : 07;
C9C : 18;
C9D : 03;
C9E : 01;
C9F : 00;
CA0 : 03;
CA1 : 2A;
CA2 : 22;
CA3 : F9;
CA4 : 3E;
CA5 : 20;
CA6 : CD;
CA7 : 56;
CA8 : 04;
CA9 : 21;
CAA : 01;
CAB : 01;
CAC : 22;
CAD : DC;
CAE : F3;
CAF : 7D;
CB0 : 21;
CB1 : B2;
CB2 : FB;
CB3 : 77;
CB4 : 11;
CB5 : B3;
CB6 : FB;
CB7 : 01;
CB8 : 17;
CB9 : 00;
CBA : ED;
CBB : B0;
CBC : C9;
CBD : AF;
CBE : 01;
CBF : 00;
CC0 : 18;
CC1 : 2A;
CC2 : 24;
CC3 : F9;
CC4 : 6F;
CC5 : C5;
CC6 : CD;
CC7 : 56;
CC8 : 04;
CC9 : C1;
CCA : 3A;
CCB : EA;
CCC : F3;
CCD : 2A;
CCE : C9;
CCF : F3;
CD0 : C3;
CD1 : 56;
CD2 : 04;
CD3 : 3A;
CD4 : EA;
CD5 : F3;
CD6 : E6;
CD7 : 0F;
CD8 : 47;
CD9 : 07;
CDA : 07;
CDB : 07;
CDC : 07;
CDD : B0;
CDE : 01;
CDF : 00;
CE0 : 08;
CE1 : 2A;
CE2 : 24;
CE3 : F9;
CE4 : C3;
CE5 : 56;
CE6 : 04;
CE7 : 3A;
CE8 : EA;
CE9 : F3;
CEA : E6;
CEB : 0F;
CEC : 47;
CED : 07;
CEE : 07;
CEF : 07;
CF0 : 07;
CF1 : B0;
CF2 : 21;
CF3 : 00;
CF4 : 01;
CF5 : 18;
CF6 : 29;
CF7 : 3A;
CF8 : EA;
CF9 : F3;
CFA : E6;
CFB : 03;
CFC : 47;
CFD : 07;
CFE : 07;
CFF : B0;
D00 : 07;
D01 : 07;
D02 : 07;
D03 : 07;
D04 : B0;
D05 : 21;
D06 : 00;
D07 : 02;
D08 : 18;
D09 : 16;
D0A : 3A;
D0B : EA;
D0C : F3;
D0D : E6;
D0E : 0F;
D0F : 47;
D10 : 07;
D11 : 07;
D12 : 07;
D13 : 07;
D14 : B0;
D15 : 21;
D16 : 00;
D17 : 02;
D18 : 18;
D19 : 06;
D1A : 3A;
D1B : EA;
D1C : F3;
D1D : 21;
D1E : 00;
D1F : 01;
D20 : F5;
D21 : CD;
D22 : 6C;
D23 : 0D;
D24 : F1;
D25 : 0E;
D26 : 2C;
D27 : CD;
D28 : 62;
D29 : 0D;
D2A : 0E;
D2B : 28;
D2C : CD;
D2D : 5C;
D2E : 0D;
D2F : 21;
D30 : D4;
D31 : 00;
D32 : 0E;
D33 : 2A;
D34 : CD;
D35 : 5C;
D36 : 0D;
D37 : 21;
D38 : 00;
D39 : 00;
D3A : 0E;
D3B : 24;
D3C : CD;
D3D : 5C;
D3E : 0D;
D3F : 3A;
D40 : F6;
D41 : FA;
D42 : 67;
D43 : 2E;
D44 : 00;
D45 : 0E;
D46 : 26;
D47 : CD;
D48 : 5C;
D49 : 0D;
D4A : 3E;
D4B : 00;
D4C : 0E;
D4D : 2D;
D4E : CD;
D4F : 62;
D50 : 0D;
D51 : 3E;
D52 : C0;
D53 : 0E;
D54 : 2E;
D55 : CD;
D56 : 62;
D57 : 0D;
D58 : CD;
D59 : 6C;
D5A : 0D;
D5B : C9;
D5C : 7D;
D5D : CD;
D5E : 62;
D5F : 0D;
D60 : 0C;
D61 : 7C;
D62 : F3;
D63 : D3;
D64 : 99;
D65 : 79;
D66 : F6;
D67 : 80;
D68 : D3;
D69 : 99;
D6A : FB;
D6B : C9;
D6C : 3E;
D6D : 02;
D6E : CD;
D6F : D2;
D70 : 09;
D71 : 1F;
D72 : 38;
D73 : F8;
D74 : C9;
D75 : ED;
D76 : 4B;
D77 : 20;
D78 : F9;
D79 : 6F;
D7A : 26;
D7B : 00;
D7C : 29;
D7D : 29;
D7E : 29;
D7F : 09;
D80 : 06;
D81 : 08;
D82 : 11;
D83 : 40;
D84 : FC;
D85 : C5;
D86 : D5;
D87 : E5;
D88 : 3A;
D89 : 1F;
D8A : F9;
D8B : CD;
D8C : 50;
D8D : 02;
D8E : E1;
D8F : D1;
D90 : C1;
D91 : 12;
D92 : 13;
D93 : 23;
D94 : 10;
D95 : EF;
D96 : C9;
D97 : E5;
D98 : F5;
D99 : 21;
D9A : A2;
D9B : 0D;
D9C : CD;
D9D : 16;
D9E : 02;
D9F : F1;
DA0 : E1;
DA1 : C9;
DA2 : 52;
DA3 : 49;
DA4 : 47;
DA5 : 48;
DA6 : 54;
DA7 : 43;
DA8 : 00;
DA9 : E5;
DAA : F5;
DAB : 21;
DAC : B4;
DAD : 0D;
DAE : CD;
DAF : 16;
DB0 : 02;
DB1 : F1;
DB2 : E1;
DB3 : C9;
DB4 : 4C;
DB5 : 45;
DB6 : 46;
DB7 : 54;
DB8 : 43;
DB9 : 00;
DBA : E5;
DBB : F5;
DBC : 21;
DBD : C5;
DBE : 0D;
DBF : CD;
DC0 : 16;
DC1 : 02;
DC2 : F1;
DC3 : E1;
DC4 : C9;
DC5 : 55;
DC6 : 50;
DC7 : 43;
DC8 : 00;
DC9 : E5;
DCA : F5;
DCB : 21;
DCC : D4;
DCD : 0D;
DCE : CD;
DCF : 16;
DD0 : 02;
DD1 : F1;
DD2 : E1;
DD3 : C9;
DD4 : 54;
DD5 : 55;
DD6 : 50;
DD7 : 43;
DD8 : 00;
DD9 : E5;
DDA : F5;
DDB : 21;
DDC : E4;
DDD : 0D;
DDE : CD;
DDF : 16;
DE0 : 02;
DE1 : F1;
DE2 : E1;
DE3 : C9;
DE4 : 44;
DE5 : 4F;
DE6 : 57;
DE7 : 4E;
DE8 : 43;
DE9 : 00;
DEA : E5;
DEB : F5;
DEC : 21;
DED : F5;
DEE : 0D;
DEF : CD;
DF0 : 16;
DF1 : 02;
DF2 : F1;
DF3 : E1;
DF4 : C9;
DF5 : 54;
DF6 : 44;
DF7 : 4F;
DF8 : 57;
DF9 : 4E;
DFA : 43;
DFB : 00;
DFC : ED;
DFD : 4B;
DFE : B7;
DFF : FC;
E00 : ED;
E01 : 5B;
E02 : B9;
E03 : FC;
E04 : C9;
E05 : 53;
E06 : 43;
E07 : 41;
E08 : 4C;
E09 : 58;
E0A : 59;
E0B : 00;
E0C : C5;
E0D : ED;
E0E : 43;
E0F : B7;
E10 : FC;
E11 : ED;
E12 : 53;
E13 : B9;
E14 : FC;
E15 : 2A;
E16 : B9;
E17 : FC;
E18 : 29;
E19 : 29;
E1A : 29;
E1B : 29;
E1C : 29;
E1D : 2E;
E1E : 00;
E1F : 06;
E20 : 00;
E21 : 3E;
E22 : FF;
E23 : 32;
E24 : 2C;
E25 : F9;
E26 : 79;
E27 : E6;
E28 : 07;
E29 : 28;
E2A : 0A;
E2B : 47;
E2C : 3E;
E2D : FF;
E2E : A7;
E2F : 1F;
E30 : 10;
E31 : FC;
E32 : 32;
E33 : 2C;
E34 : F9;
E35 : 79;
E36 : E6;
E37 : F8;
E38 : 4F;
E39 : 06;
E3A : 00;
E3B : 09;
E3C : 22;
E3D : 2A;
E3E : F9;
E3F : C1;
E40 : C9;
E41 : 4D;
E42 : 41;
E43 : 50;
E44 : 58;
E45 : 59;
E46 : 00;
E47 : 3A;
E48 : 2C;
E49 : F9;
E4A : 2A;
E4B : 2A;
E4C : F9;
E4D : C9;
E4E : 46;
E4F : 45;
E50 : 54;
E51 : 43;
E52 : 48;
E53 : 43;
E54 : 00;
E55 : E5;
E56 : F5;
E57 : 21;
E58 : 60;
E59 : 0E;
E5A : CD;
E5B : 16;
E5C : 02;
E5D : F1;
E5E : E1;
E5F : C9;
E60 : 53;
E61 : 54;
E62 : 4F;
E63 : 52;
E64 : 45;
E65 : 43;
E66 : 00;
E67 : E5;
E68 : F5;
E69 : 21;
E6A : 72;
E6B : 0E;
E6C : CD;
E6D : 16;
E6E : 02;
E6F : F1;
E70 : E1;
E71 : C9;
E72 : 53;
E73 : 45;
E74 : 54;
E75 : 41;
E76 : 54;
E77 : 52;
E78 : 00;
E79 : E5;
E7A : F5;
E7B : 21;
E7C : 84;
E7D : 0E;
E7E : CD;
E7F : 16;
E80 : 02;
E81 : F1;
E82 : E1;
E83 : C9;
E84 : 52;
E85 : 45;
E86 : 41;
E87 : 44;
E88 : 43;
E89 : 00;
E8A : E5;
E8B : F5;
E8C : 21;
E8D : 95;
E8E : 0E;
E8F : CD;
E90 : 16;
E91 : 02;
E92 : F1;
E93 : E1;
E94 : C9;
E95 : 53;
E96 : 45;
E97 : 54;
E98 : 43;
E99 : 00;
E9A : E5;
E9B : F5;
E9C : 21;
E9D : A5;
E9E : 0E;
E9F : CD;
EA0 : 16;
EA1 : 02;
EA2 : F1;
EA3 : E1;
EA4 : C9;
EA5 : 4E;
EA6 : 53;
EA7 : 45;
EA8 : 54;
EA9 : 43;
EAA : 58;
EAB : 00;
EAC : E5;
EAD : F5;
EAE : 21;
EAF : B7;
EB0 : 0E;
EB1 : CD;
EB2 : 16;
EB3 : 02;
EB4 : F1;
EB5 : E1;
EB6 : C9;
EB7 : 47;
EB8 : 54;
EB9 : 41;
EBA : 53;
EBB : 50;
EBC : 43;
EBD : 00;
EBE : E5;
EBF : F5;
EC0 : 21;
EC1 : C9;
EC2 : 0E;
EC3 : CD;
EC4 : 16;
EC5 : 02;
EC6 : F1;
EC7 : E1;
EC8 : C9;
EC9 : 50;
ECA : 4E;
ECB : 54;
ECC : 49;
ECD : 4E;
ECE : 49;
ECF : 00;
ED0 : E5;
ED1 : F5;
ED2 : 21;
ED3 : DB;
ED4 : 0E;
ED5 : CD;
ED6 : 16;
ED7 : 02;
ED8 : F1;
ED9 : E1;
EDA : C9;
EDB : 53;
EDC : 43;
EDD : 41;
EDE : 4E;
EDF : 52;
EE0 : 00;
EE1 : E5;
EE2 : F5;
EE3 : 21;
EE4 : EC;
EE5 : 0E;
EE6 : CD;
EE7 : 16;
EE8 : 02;
EE9 : F1;
EEA : E1;
EEB : C9;
EEC : 53;
EED : 43;
EEE : 41;
EEF : 4E;
EF0 : 4C;
EF1 : 00;
EF2 : E5;
EF3 : F5;
EF4 : 21;
EF5 : FD;
EF6 : 0E;
EF7 : CD;
EF8 : 16;
EF9 : 02;
EFA : F1;
EFB : E1;
EFC : C9;
EFD : 44;
EFE : 4F;
EFF : 47;
F00 : 52;
F01 : 50;
F02 : 48;
F03 : 00;
F04 : C5;
F05 : D5;
F06 : E5;
F07 : CD;
F08 : 75;
F09 : 0D;
F0A : 3A;
F0B : E9;
F0C : F3;
F0D : 32;
F0E : F2;
F0F : F3;
F10 : 2A;
F11 : B7;
F12 : FC;
F13 : 22;
F14 : 66;
F15 : F5;
F16 : 01;
F17 : 08;
F18 : 00;
F19 : 09;
F1A : 22;
F1B : B7;
F1C : FC;
F1D : 3A;
F1E : F6;
F1F : FA;
F20 : 2A;
F21 : B9;
F22 : FC;
F23 : 67;
F24 : 22;
F25 : 68;
F26 : F5;
F27 : ED;
F28 : 43;
F29 : 6A;
F2A : F5;
F2B : ED;
F2C : 43;
F2D : 6C;
F2E : F5;
F2F : 21;
F30 : 40;
F31 : FC;
F32 : CB;
F33 : 06;
F34 : 3A;
F35 : F2;
F36 : F3;
F37 : 38;
F38 : 03;
F39 : 3A;
F3A : EA;
F3B : F3;
F3C : 32;
F3D : 6E;
F3E : F5;
F3F : CD;
F40 : C2;
F41 : 11;
F42 : 3A;
F43 : 02;
F44 : FB;
F45 : E6;
F46 : 0F;
F47 : F6;
F48 : B0;
F49 : ED;
F4A : 79;
F4B : 3E;
F4C : AC;
F4D : D3;
F4E : 99;
F4F : 3E;
F50 : 91;
F51 : D3;
F52 : 99;
F53 : FB;
F54 : 06;
F55 : 08;
F56 : 0E;
F57 : 07;
F58 : 21;
F59 : 40;
F5A : FC;
F5B : CB;
F5C : 06;
F5D : 3A;
F5E : F2;
F5F : F3;
F60 : 38;
F61 : 03;
F62 : 3A;
F63 : EA;
F64 : F3;
F65 : D3;
F66 : 9B;
F67 : 0D;
F68 : 20;
F69 : F1;
F6A : 23;
F6B : 0E;
F6C : 08;
F6D : 10;
F6E : EC;
F6F : E1;
F70 : D1;
F71 : C1;
F72 : C9;
F73 : E5;
F74 : F5;
F75 : 21;
F76 : 7E;
F77 : 0F;
F78 : CD;
F79 : 16;
F7A : 02;
F7B : F1;
F7C : E1;
F7D : C9;
F7E : 4D;
F7F : 41;
F80 : 50;
F81 : 58;
F82 : 59;
F83 : 43;
F84 : 00;
F85 : E5;
F86 : F5;
F87 : 21;
F88 : 90;
F89 : 0F;
F8A : CD;
F8B : 16;
F8C : 02;
F8D : F1;
F8E : E1;
F8F : C9;
F90 : 54;
F91 : 52;
F92 : 49;
F93 : 47;
F94 : 48;
F95 : 54;
F96 : 00;
F97 : E5;
F98 : F5;
F99 : 21;
F9A : A2;
F9B : 0F;
F9C : CD;
F9D : 16;
F9E : 02;
F9F : F1;
FA0 : E1;
FA1 : C9;
FA2 : 54;
FA3 : 52;
FA4 : 49;
FA5 : 47;
FA6 : 48;
FA7 : 54;
FA8 : 00;
FA9 : 3A;
FAA : F6;
FAB : FA;
FAC : 57;
FAD : D5;
FAE : ED;
FAF : 43;
FB0 : 66;
FB1 : F5;
FB2 : ED;
FB3 : 53;
FB4 : 68;
FB5 : F5;
FB6 : 2A;
FB7 : B3;
FB8 : FC;
FB9 : A7;
FBA : ED;
FBB : 42;
FBC : 22;
FBD : 6A;
FBE : F5;
FBF : 21;
FC0 : 00;
FC1 : 00;
FC2 : 22;
FC3 : 6C;
FC4 : F5;
FC5 : AF;
FC6 : 32;
FC7 : 6F;
FC8 : F5;
FC9 : 3A;
FCA : F2;
FCB : F3;
FCC : 32;
FCD : 6E;
FCE : F5;
FCF : CD;
FD0 : FD;
FD1 : 0F;
FD2 : 2A;
FD3 : B5;
FD4 : FC;
FD5 : 3A;
FD6 : F6;
FD7 : FA;
FD8 : 67;
FD9 : 22;
FDA : 68;
FDB : F5;
FDC : CD;
FDD : FD;
FDE : 0F;
FDF : D1;
FE0 : ED;
FE1 : 53;
FE2 : 68;
FE3 : F5;
FE4 : 3E;
FE5 : 01;
FE6 : 32;
FE7 : 6F;
FE8 : F5;
FE9 : 3A;
FEA : B5;
FEB : FC;
FEC : 93;
FED : 32;
FEE : 6A;
FEF : F5;
FF0 : CD;
FF1 : FD;
FF2 : 0F;
FF3 : 2A;
FF4 : B3;
FF5 : FC;
FF6 : 22;
FF7 : 66;
FF8 : F5;
FF9 : CD;
FFA : FD;
FFB : 0F;
FFC : C9;
FFD : CD;
FFE : C2;
FFF : 11;
1000 : 3A;
1001 : 02;
1002 : FB;
1003 : E6;
1004 : 0F;
1005 : F6;
1006 : 70;
1007 : ED;
1008 : 79;
1009 : FB;
100A : C9;
100B : 2A;
100C : B5;
100D : FC;
100E : E7;
100F : 30;
1010 : 01;
1011 : EB;
1012 : A7;
1013 : ED;
1014 : 52;
1015 : 23;
1016 : 22;
1017 : 6C;
1018 : F5;
1019 : 3A;
101A : F6;
101B : FA;
101C : 57;
101D : ED;
101E : 53;
101F : 68;
1020 : F5;
1021 : C5;
1022 : D1;
1023 : 2A;
1024 : B3;
1025 : FC;
1026 : E7;
1027 : 30;
1028 : 01;
1029 : EB;
102A : A7;
102B : ED;
102C : 52;
102D : 23;
102E : 22;
102F : 6A;
1030 : F5;
1031 : ED;
1032 : 53;
1033 : 66;
1034 : F5;
1035 : AF;
1036 : 32;
1037 : 6F;
1038 : F5;
1039 : 3A;
103A : F2;
103B : F3;
103C : 32;
103D : 6E;
103E : F5;
103F : CD;
1040 : C2;
1041 : 11;
1042 : 3A;
1043 : 02;
1044 : FB;
1045 : E6;
1046 : 0F;
1047 : F6;
1048 : 80;
1049 : ED;
104A : 79;
104B : FB;
104C : C9;
104D : E5;
104E : F5;
104F : 21;
1050 : 5A;
1051 : 10;
1052 : CD;
1053 : 16;
1054 : 02;
1055 : F1;
1056 : E1;
1057 : C3;
1058 : 6E;
1059 : 0C;
105A : 43;
105B : 4C;
105C : 52;
105D : 54;
105E : 58;
105F : 54;
1060 : 00;
1061 : E5;
1062 : D5;
1063 : C5;
1064 : 2A;
1065 : 22;
1066 : F9;
1067 : CB;
1068 : 04;
1069 : CB;
106A : 04;
106B : 3A;
106C : F5;
106D : FA;
106E : 0F;
106F : 0F;
1070 : 0F;
1071 : 84;
1072 : F6;
1073 : 1F;
1074 : 47;
1075 : 0E;
1076 : 02;
1077 : CD;
1078 : FF;
1079 : 03;
107A : 3A;
107B : AF;
107C : FC;
107D : FE;
107E : 07;
107F : 20;
1080 : 13;
1081 : 3A;
1082 : E5;
1083 : F3;
1084 : E6;
1085 : 1F;
1086 : 47;
1087 : 3A;
1088 : F5;
1089 : FA;
108A : 0F;
108B : 0F;
108C : 0F;
108D : B0;
108E : 47;
108F : 0E;
1090 : 06;
1091 : CD;
1092 : FF;
1093 : 03;
1094 : 3A;
1095 : F5;
1096 : FA;
1097 : 4F;
1098 : 3A;
1099 : AF;
109A : FC;
109B : FE;
109C : 07;
109D : 20;
109E : 02;
109F : CB;
10A0 : 21;
10A1 : AF;
10A2 : 2A;
10A3 : 28;
10A4 : F9;
10A5 : 29;
10A6 : 8F;
10A7 : B1;
10A8 : 6F;
10A9 : 3E;
10AA : 03;
10AB : B4;
10AC : 47;
10AD : 0E;
10AE : 05;
10AF : CD;
10B0 : FF;
10B1 : 03;
10B2 : 45;
10B3 : 0E;
10B4 : 0B;
10B5 : CD;
10B6 : FF;
10B7 : 03;
10B8 : C1;
10B9 : D1;
10BA : E1;
10BB : C9;
10BC : E5;
10BD : CD;
10BE : 27;
10BF : 11;
10C0 : CD;
10C1 : 88;
10C2 : 09;
10C3 : 01;
10C4 : 10;
10C5 : 00;
10C6 : CD;
10C7 : FF;
10C8 : 03;
10C9 : 06;
10CA : 20;
10CB : 21;
10CC : 5C;
10CD : 11;
10CE : 7E;
10CF : D3;
10D0 : 98;
10D1 : 23;
10D2 : D3;
10D3 : 9A;
10D4 : 10;
10D5 : F8;
10D6 : E1;
10D7 : C9;
10D8 : E5;
10D9 : CD;
10DA : 27;
10DB : 11;
10DC : CD;
10DD : 7E;
10DE : 09;
10DF : E1;
10E0 : 01;
10E1 : 10;
10E2 : 00;
10E3 : CD;
10E4 : FF;
10E5 : 03;
10E6 : 06;
10E7 : 20;
10E8 : DB;
10E9 : 98;
10EA : D3;
10EB : 9A;
10EC : 10;
10ED : FA;
10EE : C9;
10EF : E5;
10F0 : F5;
10F1 : CD;
10F2 : 27;
10F3 : 11;
10F4 : F1;
10F5 : 87;
10F6 : 4F;
10F7 : 06;
10F8 : 00;
10F9 : 09;
10FA : CD;
10FB : 7E;
10FC : 09;
10FD : DB;
10FE : 98;
10FF : 47;
1100 : DB;
1101 : 98;
1102 : 4F;
1103 : E1;
1104 : C9;
1105 : F5;
1106 : C5;
1107 : E5;
1108 : CD;
1109 : 27;
110A : 11;
110B : 7A;
110C : 87;
110D : 4F;
110E : 06;
110F : 00;
1110 : 09;
1111 : CD;
1112 : 88;
1113 : 09;
1114 : E1;
1115 : 42;
1116 : 0E;
1117 : 10;
1118 : CD;
1119 : FF;
111A : 03;
111B : C1;
111C : F1;
111D : D3;
111E : 9A;
111F : D3;
1120 : 98;
1121 : 7B;
1122 : D3;
1123 : 9A;
1124 : D3;
1125 : 98;
1126 : C9;
1127 : 3A;
1128 : AF;
1129 : FC;
112A : B7;
112B : CC;
112C : 3E;
112D : 11;
112E : 3C;
112F : 21;
1130 : 48;
1131 : 11;
1132 : 87;
1133 : 85;
1134 : 6F;
1135 : 7C;
1136 : CE;
1137 : 00;
1138 : 67;
1139 : 7E;
113A : 23;
113B : 66;
113C : 6F;
113D : C9;
113E : 67;
113F : 3A;
1140 : B0;
1141 : F3;
1142 : FE;
1143 : 28;
1144 : 7C;
1145 : D0;
1146 : 3D;
1147 : C9;
1148 : 00;
1149 : 04;
114A : 00;
114B : 0F;
114C : 20;
114D : 20;
114E : 80;
114F : 1B;
1150 : 20;
1151 : 20;
1152 : 80;
1153 : 1B;
1154 : 80;
1155 : 76;
1156 : 80;
1157 : 76;
1158 : 80;
1159 : FA;
115A : 80;
115B : FA;
115C : 00;
115D : 00;
115E : 00;
115F : 00;
1160 : 11;
1161 : 06;
1162 : 33;
1163 : 07;
1164 : 17;
1165 : 01;
1166 : 27;
1167 : 03;
1168 : 51;
1169 : 01;
116A : 27;
116B : 06;
116C : 71;
116D : 01;
116E : 73;
116F : 03;
1170 : 61;
1171 : 06;
1172 : 64;
1173 : 06;
1174 : 11;
1175 : 04;
1176 : 65;
1177 : 02;
1178 : 55;
1179 : 05;
117A : 77;
117B : 07;
117C : E5;
117D : F5;
117E : 21;
117F : 87;
1180 : 11;
1181 : CD;
1182 : 16;
1183 : 02;
1184 : F1;
1185 : E1;
1186 : C9;
1187 : 42;
1188 : 45;
1189 : 45;
118A : 50;
118B : 00;
118C : E5;
118D : F5;
118E : 21;
118F : 97;
1190 : 11;
1191 : CD;
1192 : 16;
1193 : 02;
1194 : F1;
1195 : E1;
1196 : C9;
1197 : 50;
1198 : 52;
1199 : 4F;
119A : 4D;
119B : 50;
119C : 54;
119D : 00;
119E : E5;
119F : F5;
11A0 : 21;
11A1 : A9;
11A2 : 11;
11A3 : CD;
11A4 : 16;
11A5 : 02;
11A6 : F1;
11A7 : E1;
11A8 : C9;
11A9 : 53;
11AA : 44;
11AB : 46;
11AC : 53;
11AD : 43;
11AE : 52;
11AF : 00;
11B0 : E5;
11B1 : F5;
11B2 : 21;
11B3 : BB;
11B4 : 11;
11B5 : CD;
11B6 : 16;
11B7 : 02;
11B8 : F1;
11B9 : E1;
11BA : C9;
11BB : 53;
11BC : 45;
11BD : 54;
11BE : 53;
11BF : 43;
11C0 : 52;
11C1 : 00;
11C2 : 3E;
11C3 : 02;
11C4 : CD;
11C5 : D2;
11C6 : 09;
11C7 : 1F;
11C8 : 38;
11C9 : F8;
11CA : F3;
11CB : 3E;
11CC : 20;
11CD : D3;
11CE : 99;
11CF : 3E;
11D0 : 91;
11D1 : D3;
11D2 : 99;
11D3 : 01;
11D4 : 9B;
11D5 : 0E;
11D6 : 21;
11D7 : 62;
11D8 : F5;
11D9 : ED;
11DA : B3;
11DB : C9;
11DC : 78;
11DD : B1;
11DE : 37;
11DF : C8;
11E0 : 7A;
11E1 : B3;
11E2 : 37;
11E3 : C8;
11E4 : E5;
11E5 : 21;
11E6 : 00;
11E7 : 01;
11E8 : 3A;
11E9 : AF;
11EA : FC;
11EB : E6;
11EC : 06;
11ED : FE;
11EE : 06;
11EF : 3A;
11F0 : AF;
11F1 : FC;
11F2 : 20;
11F3 : 01;
11F4 : 24;
11F5 : B7;
11F6 : ED;
11F7 : 42;
11F8 : E1;
11F9 : D8;
11FA : E5;
11FB : 21;
11FC : D4;
11FD : 00;
11FE : B7;
11FF : ED;
1200 : 52;
1201 : E1;
1202 : C9;
1203 : ED;
1204 : 4B;
1205 : 6A;
1206 : F5;
1207 : ED;
1208 : 5B;
1209 : 6C;
120A : F5;
120B : CD;
120C : DC;
120D : 11;
120E : D8;
120F : CD;
1210 : C2;
1211 : 11;
1212 : 7E;
1213 : E6;
1214 : 0F;
1215 : F6;
1216 : 90;
1217 : ED;
1218 : 79;
1219 : FB;
121A : B7;
121B : C9;
121C : 2A;
121D : 62;
121E : F5;
121F : 4E;
1220 : 23;
1221 : 46;
1222 : 23;
1223 : ED;
1224 : 43;
1225 : 6A;
1226 : F5;
1227 : 5E;
1228 : 23;
1229 : 56;
122A : 23;
122B : ED;
122C : 53;
122D : 6C;
122E : F5;
122F : CD;
1230 : DC;
1231 : 11;
1232 : D8;
1233 : FE;
1234 : 08;
1235 : 11;
1236 : 04;
1237 : 01;
1238 : 28;
1239 : 0A;
123A : FE;
123B : 06;
123C : 11;
123D : 01;
123E : 04;
123F : 28;
1240 : 03;
1241 : 11;
1242 : 02;
1243 : 02;
1244 : 4E;
1245 : AF;
1246 : 43;
1247 : CB;
1248 : 11;
1249 : 17;
124A : CB;
124B : 11;
124C : 17;
124D : 10;
124E : F8;
124F : 32;
1250 : 6E;
1251 : F5;
1252 : 42;
1253 : 05;
1254 : C5;
1255 : E5;
1256 : CD;
1257 : C2;
1258 : 11;
1259 : 7E;
125A : E6;
125B : 0F;
125C : F6;
125D : B0;
125E : ED;
125F : 79;
1260 : 3E;
1261 : AC;
1262 : D3;
1263 : 99;
1264 : 3E;
1265 : 91;
1266 : D3;
1267 : 99;
1268 : FB;
1269 : E1;
126A : C1;
126B : 3E;
126C : 02;
126D : CD;
126E : D2;
126F : 09;
1270 : CB;
1271 : 47;
1272 : C8;
1273 : CB;
1274 : 7F;
1275 : 28;
1276 : F4;
1277 : 78;
1278 : A7;
1279 : 28;
127A : 12;
127B : C5;
127C : AF;
127D : 43;
127E : CB;
127F : 11;
1280 : 17;
1281 : CB;
1282 : 11;
1283 : 17;
1284 : 10;
1285 : F8;
1286 : D3;
1287 : 9B;
1288 : 79;
1289 : C1;
128A : 4F;
128B : 10;
128C : EE;
128D : 23;
128E : 4E;
128F : 42;
1290 : 18;
1291 : D9;
1292 : 2A;
1293 : 66;
1294 : F5;
1295 : ED;
1296 : 4B;
1297 : 6A;
1298 : F5;
1299 : ED;
129A : 5B;
129B : 6C;
129C : F5;
129D : 71;
129E : 23;
129F : 70;
12A0 : 23;
12A1 : 73;
12A2 : 23;
12A3 : 72;
12A4 : 23;
12A5 : CD;
12A6 : DC;
12A7 : 11;
12A8 : D8;
12A9 : FE;
12AA : 08;
12AB : 11;
12AC : 01;
12AD : 01;
12AE : 28;
12AF : 0A;
12B0 : FE;
12B1 : 06;
12B2 : 11;
12B3 : 02;
12B4 : 04;
12B5 : 28;
12B6 : 03;
12B7 : 11;
12B8 : 04;
12B9 : 02;
12BA : E5;
12BB : CD;
12BC : C2;
12BD : 11;
12BE : 7E;
12BF : E6;
12C0 : 0F;
12C1 : 3E;
12C2 : A0;
12C3 : ED;
12C4 : 79;
12C5 : FB;
12C6 : E1;
12C7 : 42;
12C8 : 0E;
12C9 : 00;
12CA : 3E;
12CB : 02;
12CC : CD;
12CD : D2;
12CE : 09;
12CF : CB;
12D0 : 7F;
12D1 : 20;
12D2 : 04;
12D3 : CB;
12D4 : 47;
12D5 : 20;
12D6 : F3;
12D7 : C5;
12D8 : 3E;
12D9 : 07;
12DA : CD;
12DB : D2;
12DC : 09;
12DD : 43;
12DE : CB;
12DF : 01;
12E0 : 10;
12E1 : FC;
12E2 : B1;
12E3 : C1;
12E4 : 4F;
12E5 : 10;
12E6 : E3;
12E7 : 71;
12E8 : 23;
12E9 : 3E;
12EA : 02;
12EB : CD;
12EC : D2;
12ED : 09;
12EE : 1F;
12EF : 38;
12F0 : D6;
12F1 : C9;
12F2 : E5;
12F3 : F5;
12F4 : 21;
12F5 : FD;
12F6 : 12;
12F7 : CD;
12F8 : 16;
12F9 : 02;
12FA : F1;
12FB : E1;
12FC : C9;
12FD : 42;
12FE : 4C;
12FF : 54;
1300 : 56;
1301 : 44;
1302 : 00;
1303 : E5;
1304 : F5;
1305 : 21;
1306 : 0E;
1307 : 13;
1308 : CD;
1309 : 16;
130A : 02;
130B : F1;
130C : E1;
130D : C9;
130E : 42;
130F : 4C;
1310 : 54;
1311 : 44;
1312 : 56;
1313 : 00;
1314 : E5;
1315 : F5;
1316 : 21;
1317 : 1F;
1318 : 13;
1319 : CD;
131A : 16;
131B : 02;
131C : F1;
131D : E1;
131E : C9;
131F : 42;
1320 : 4C;
1321 : 54;
1322 : 4D;
1323 : 44;
1324 : 00;
1325 : E5;
1326 : F5;
1327 : 21;
1328 : 30;
1329 : 13;
132A : CD;
132B : 16;
132C : 02;
132D : F1;
132E : E1;
132F : C9;
1330 : 42;
1331 : 4C;
1332 : 54;
1333 : 44;
1334 : 4D;
1335 : 00;
1336 : E5;
1337 : F5;
1338 : 21;
1339 : 41;
133A : 13;
133B : CD;
133C : 16;
133D : 02;
133E : F1;
133F : E1;
1340 : C9;
1341 : 4E;
1342 : 45;
1343 : 57;
1344 : 50;
1345 : 41;
1346 : 44;
1347 : 00;
1348 : CD;
1349 : B3;
134A : 04;
134B : CD;
134C : BC;
134D : 10;
134E : C9;
134F : E5;
1350 : F5;
1351 : 21;
1352 : 5A;
1353 : 13;
1354 : CD;
1355 : 16;
1356 : 02;
1357 : F1;
1358 : E1;
1359 : C9;
135A : 4B;
135B : 4E;
135C : 4A;
135D : 50;
135E : 52;
135F : 54;
1360 : 00;
1361 : C5;
1362 : 3E;
1363 : 0D;
1364 : D3;
1365 : B4;
1366 : 79;
1367 : 0F;
1368 : 0F;
1369 : 0F;
136A : 0F;
136B : E6;
136C : 03;
136D : 47;
136E : DB;
136F : B5;
1370 : B0;
1371 : C1;
1372 : D3;
1373 : B5;
1374 : 79;
1375 : E6;
1376 : 0F;
1377 : D3;
1378 : B4;
1379 : DB;
137A : B5;
137B : E6;
137C : 0F;
137D : C9;
137E : C5;
137F : 47;
1380 : C5;
1381 : 3E;
1382 : 0D;
1383 : D3;
1384 : B4;
1385 : 79;
1386 : 0F;
1387 : 0F;
1388 : 0F;
1389 : 0F;
138A : E6;
138B : 03;
138C : 47;
138D : DB;
138E : B5;
138F : B0;
1390 : C1;
1391 : D3;
1392 : B5;
1393 : 79;
1394 : E6;
1395 : 0F;
1396 : D3;
1397 : B4;
1398 : 78;
1399 : E6;
139A : 0F;
139B : D3;
139C : B5;
139D : C1;
139E : C9;
139F : 00;
13A0 : 00;
13A1 : 00;
13A2 : 00;
13A3 : 00;
13A4 : 00;
13A5 : 00;
13A6 : 00;
13A7 : 00;
13A8 : 00;
13A9 : 00;
13AA : 00;
13AB : 00;
13AC : 00;
13AD : 00;
13AE : 00;
13AF : 00;
13B0 : 00;
13B1 : 00;
13B2 : 00;
13B3 : 00;
13B4 : 00;
13B5 : 00;
13B6 : 00;
13B7 : 00;
13B8 : 00;
13B9 : 00;
13BA : 00;
13BB : 00;
13BC : 00;
13BD : 00;
13BE : 00;
13BF : 00;
13C0 : 00;
13C1 : 00;
13C2 : 00;
13C3 : 00;
13C4 : 00;
13C5 : 00;
13C6 : 00;
13C7 : 00;
13C8 : 00;
13C9 : 00;
13CA : 00;
13CB : 00;
13CC : 00;
13CD : 00;
13CE : 00;
13CF : 00;
13D0 : 00;
13D1 : 00;
13D2 : 00;
13D3 : 00;
13D4 : 00;
13D5 : 00;
13D6 : 00;
13D7 : 00;
13D8 : 00;
13D9 : 00;
13DA : 00;
13DB : 00;
13DC : 00;
13DD : 00;
13DE : 00;
13DF : 00;
13E0 : 00;
13E1 : 00;
13E2 : 00;
13E3 : 00;
13E4 : 00;
13E5 : 00;
13E6 : 00;
13E7 : 00;
13E8 : 00;
13E9 : 00;
13EA : 00;
13EB : 00;
13EC : 00;
13ED : 00;
13EE : 00;
13EF : 00;
13F0 : 00;
13F1 : 00;
13F2 : 00;
13F3 : 00;
13F4 : 00;
13F5 : 00;
13F6 : 00;
13F7 : 00;
13F8 : 00;
13F9 : 00;
13FA : 00;
13FB : 00;
13FC : 00;
13FD : 00;
13FE : 00;
13FF : 00;
1400 : 00;
1401 : 00;
1402 : 00;
1403 : 00;
1404 : 00;
1405 : 00;
1406 : 00;
1407 : 00;
1408 : 00;
1409 : 00;
140A : 00;
140B : 00;
140C : 00;
140D : 00;
140E : 00;
140F : 00;
1410 : 00;
1411 : 00;
1412 : 00;
1413 : 00;
1414 : 00;
1415 : 00;
1416 : 00;
1417 : 00;
1418 : 00;
1419 : 00;
141A : 00;
141B : 00;
141C : 00;
141D : 00;
141E : 00;
141F : 00;
1420 : 00;
1421 : 00;
1422 : 00;
1423 : 00;
1424 : 00;
1425 : 00;
1426 : 00;
1427 : 00;
1428 : 00;
1429 : 00;
142A : 00;
142B : 00;
142C : 00;
142D : 00;
142E : 00;
142F : 00;
1430 : 00;
1431 : 00;
1432 : 00;
1433 : 00;
1434 : 00;
1435 : 00;
1436 : 00;
1437 : 00;
1438 : 00;
1439 : 00;
143A : 00;
143B : 00;
143C : 00;
143D : 00;
143E : 00;
143F : 00;
1440 : 00;
1441 : 00;
1442 : 00;
1443 : 00;
1444 : 00;
1445 : 00;
1446 : 00;
1447 : 00;
1448 : 00;
1449 : 00;
144A : 00;
144B : 00;
144C : 00;
144D : 00;
144E : 00;
144F : 00;
1450 : 00;
1451 : 00;
1452 : 00;
1453 : 00;
1454 : 00;
1455 : 00;
1456 : 00;
1457 : 00;
1458 : 00;
1459 : 00;
145A : 00;
145B : 00;
145C : 00;
145D : 00;
145E : 00;
145F : 00;
1460 : 00;
1461 : 00;
1462 : 00;
1463 : 00;
1464 : 00;
1465 : 00;
1466 : 00;
1467 : 00;
1468 : 00;
1469 : 00;
146A : 00;
146B : 00;
146C : 00;
146D : 00;
146E : 00;
146F : 00;
1470 : 00;
1471 : 00;
1472 : 00;
1473 : 00;
1474 : 00;
1475 : 00;
1476 : 00;
1477 : 00;
1478 : 00;
1479 : 00;
147A : 00;
147B : 00;
147C : 00;
147D : 00;
147E : 00;
147F : 00;
1480 : 00;
1481 : 00;
1482 : 00;
1483 : 00;
1484 : 00;
1485 : 00;
1486 : 00;
1487 : 00;
1488 : 00;
1489 : 00;
148A : 00;
148B : 00;
148C : 00;
148D : 00;
148E : 00;
148F : 00;
1490 : 00;
1491 : 00;
1492 : 00;
1493 : 00;
1494 : 00;
1495 : 00;
1496 : 00;
1497 : 00;
1498 : 00;
1499 : 00;
149A : 00;
149B : 00;
149C : 00;
149D : 00;
149E : 00;
149F : 00;
14A0 : 00;
14A1 : 00;
14A2 : 00;
14A3 : 00;
14A4 : 00;
14A5 : 00;
14A6 : 00;
14A7 : 00;
14A8 : 00;
14A9 : 00;
14AA : 00;
14AB : 00;
14AC : 00;
14AD : 00;
14AE : 00;
14AF : 00;
14B0 : 00;
14B1 : 00;
14B2 : 00;
14B3 : 00;
14B4 : 00;
14B5 : 00;
14B6 : 00;
14B7 : 00;
14B8 : 00;
14B9 : 00;
14BA : 00;
14BB : 00;
14BC : 00;
14BD : 00;
14BE : 00;
14BF : 00;
14C0 : 00;
14C1 : 00;
14C2 : 00;
14C3 : 00;
14C4 : 00;
14C5 : 00;
14C6 : 00;
14C7 : 00;
14C8 : 00;
14C9 : 00;
14CA : 00;
14CB : 00;
14CC : 00;
14CD : 00;
14CE : 00;
14CF : 00;
14D0 : 00;
14D1 : 00;
14D2 : 00;
14D3 : 00;
14D4 : 00;
14D5 : 00;
14D6 : 00;
14D7 : 00;
14D8 : 00;
14D9 : 00;
14DA : 00;
14DB : 00;
14DC : 00;
14DD : 00;
14DE : 00;
14DF : 00;
14E0 : 00;
14E1 : 00;
14E2 : 00;
14E3 : 00;
14E4 : 00;
14E5 : 00;
14E6 : 00;
14E7 : 00;
14E8 : 00;
14E9 : 00;
14EA : 00;
14EB : 00;
14EC : 00;
14ED : 00;
14EE : 00;
14EF : 00;
14F0 : 00;
14F1 : 00;
14F2 : 00;
14F3 : 00;
14F4 : 00;
14F5 : 00;
14F6 : 00;
14F7 : 00;
14F8 : 00;
14F9 : 00;
14FA : 00;
14FB : 00;
14FC : 00;
14FD : 00;
14FE : 00;
14FF : 00;
1500 : 00;
1501 : 00;
1502 : 00;
1503 : 00;
1504 : 00;
1505 : 00;
1506 : 00;
1507 : 00;
1508 : 00;
1509 : 00;
150A : 00;
150B : 00;
150C : 00;
150D : 00;
150E : 00;
150F : 00;
1510 : 00;
1511 : 00;
1512 : 00;
1513 : 00;
1514 : 00;
1515 : 00;
1516 : 00;
1517 : 00;
1518 : 00;
1519 : 00;
151A : 00;
151B : 00;
151C : 00;
151D : 00;
151E : 00;
151F : 00;
1520 : 00;
1521 : 00;
1522 : 00;
1523 : 00;
1524 : 00;
1525 : 00;
1526 : 00;
1527 : 00;
1528 : 00;
1529 : 00;
152A : 00;
152B : 00;
152C : 00;
152D : 00;
152E : 00;
152F : 00;
1530 : 00;
1531 : 00;
1532 : 00;
1533 : 00;
1534 : 00;
1535 : 00;
1536 : 00;
1537 : 00;
1538 : 00;
1539 : 00;
153A : 00;
153B : 00;
153C : 00;
153D : 00;
153E : 00;
153F : 00;
1540 : 00;
1541 : 00;
1542 : 00;
1543 : 00;
1544 : 00;
1545 : 00;
1546 : 00;
1547 : 00;
1548 : 00;
1549 : 00;
154A : 00;
154B : 00;
154C : 00;
154D : 00;
154E : 00;
154F : 00;
1550 : 00;
1551 : 00;
1552 : 00;
1553 : 00;
1554 : 00;
1555 : 00;
1556 : 00;
1557 : 00;
1558 : 00;
1559 : 00;
155A : 00;
155B : 00;
155C : 00;
155D : 00;
155E : 00;
155F : 00;
1560 : 00;
1561 : 00;
1562 : 00;
1563 : 00;
1564 : 00;
1565 : 00;
1566 : 00;
1567 : 00;
1568 : 00;
1569 : 00;
156A : 00;
156B : 00;
156C : 00;
156D : 00;
156E : 00;
156F : 00;
1570 : 00;
1571 : 00;
1572 : 00;
1573 : 00;
1574 : 00;
1575 : 00;
1576 : 00;
1577 : 00;
1578 : 00;
1579 : 00;
157A : 00;
157B : 00;
157C : 00;
157D : 00;
157E : 00;
157F : 00;
1580 : 00;
1581 : 00;
1582 : 00;
1583 : 00;
1584 : 00;
1585 : 00;
1586 : 00;
1587 : 00;
1588 : 00;
1589 : 00;
158A : 00;
158B : 00;
158C : 00;
158D : 00;
158E : 00;
158F : 00;
1590 : 00;
1591 : 00;
1592 : 00;
1593 : 00;
1594 : 00;
1595 : 00;
1596 : 00;
1597 : 00;
1598 : 00;
1599 : 00;
159A : 00;
159B : 00;
159C : 00;
159D : 00;
159E : 00;
159F : 00;
15A0 : 00;
15A1 : 00;
15A2 : 00;
15A3 : 00;
15A4 : 00;
15A5 : 00;
15A6 : 00;
15A7 : 00;
15A8 : 00;
15A9 : 00;
15AA : 00;
15AB : 00;
15AC : 00;
15AD : 00;
15AE : 00;
15AF : 00;
15B0 : 00;
15B1 : 00;
15B2 : 00;
15B3 : 00;
15B4 : 00;
15B5 : 00;
15B6 : 00;
15B7 : 00;
15B8 : 00;
15B9 : 00;
15BA : 00;
15BB : 00;
15BC : 00;
15BD : 00;
15BE : 00;
15BF : 00;
15C0 : 00;
15C1 : 00;
15C2 : 00;
15C3 : 00;
15C4 : 00;
15C5 : 00;
15C6 : 00;
15C7 : 00;
15C8 : 00;
15C9 : 00;
15CA : 00;
15CB : 00;
15CC : 00;
15CD : 00;
15CE : 00;
15CF : 00;
15D0 : 00;
15D1 : 00;
15D2 : 00;
15D3 : 00;
15D4 : 00;
15D5 : 00;
15D6 : 00;
15D7 : 00;
15D8 : 00;
15D9 : 00;
15DA : 00;
15DB : 00;
15DC : 00;
15DD : 00;
15DE : 00;
15DF : 00;
15E0 : 00;
15E1 : 00;
15E2 : 00;
15E3 : 00;
15E4 : 00;
15E5 : 00;
15E6 : 00;
15E7 : 00;
15E8 : 00;
15E9 : 00;
15EA : 00;
15EB : 00;
15EC : 00;
15ED : 00;
15EE : 00;
15EF : 00;
15F0 : 00;
15F1 : 00;
15F2 : 00;
15F3 : 00;
15F4 : 00;
15F5 : 00;
15F6 : 00;
15F7 : 00;
15F8 : 00;
15F9 : 00;
15FA : 00;
15FB : 00;
15FC : 00;
15FD : 00;
15FE : 00;
15FF : 00;
1600 : 00;
1601 : 00;
1602 : 00;
1603 : 00;
1604 : 00;
1605 : 00;
1606 : 00;
1607 : 00;
1608 : 00;
1609 : 00;
160A : 00;
160B : 00;
160C : 00;
160D : 00;
160E : 00;
160F : 00;
1610 : 00;
1611 : 00;
1612 : 00;
1613 : 00;
1614 : 00;
1615 : 00;
1616 : 00;
1617 : 00;
1618 : 00;
1619 : 00;
161A : 00;
161B : 00;
161C : 00;
161D : 00;
161E : 00;
161F : 00;
1620 : 00;
1621 : 00;
1622 : 00;
1623 : 00;
1624 : 00;
1625 : 00;
1626 : 00;
1627 : 00;
1628 : 00;
1629 : 00;
162A : 00;
162B : 00;
162C : 00;
162D : 00;
162E : 00;
162F : 00;
1630 : 00;
1631 : 00;
1632 : 00;
1633 : 00;
1634 : 00;
1635 : 00;
1636 : 00;
1637 : 00;
1638 : 00;
1639 : 00;
163A : 00;
163B : 00;
163C : 00;
163D : 00;
163E : 00;
163F : 00;
1640 : 00;
1641 : 00;
1642 : 00;
1643 : 00;
1644 : 00;
1645 : 00;
1646 : 00;
1647 : 00;
1648 : 00;
1649 : 00;
164A : 00;
164B : 00;
164C : 00;
164D : 00;
164E : 00;
164F : 00;
1650 : 00;
1651 : 00;
1652 : 00;
1653 : 00;
1654 : 00;
1655 : 00;
1656 : 00;
1657 : 00;
1658 : 00;
1659 : 00;
165A : 00;
165B : 00;
165C : 00;
165D : 00;
165E : 00;
165F : 00;
1660 : 00;
1661 : 00;
1662 : 00;
1663 : 00;
1664 : 00;
1665 : 00;
1666 : 00;
1667 : 00;
1668 : 00;
1669 : 00;
166A : 00;
166B : 00;
166C : 00;
166D : 00;
166E : 00;
166F : 00;
1670 : 00;
1671 : 00;
1672 : 00;
1673 : 00;
1674 : 00;
1675 : 00;
1676 : 00;
1677 : 00;
1678 : 00;
1679 : 00;
167A : 00;
167B : 00;
167C : 00;
167D : 00;
167E : 00;
167F : 00;
1680 : 00;
1681 : 00;
1682 : 00;
1683 : 00;
1684 : 00;
1685 : 00;
1686 : 00;
1687 : 00;
1688 : 00;
1689 : 00;
168A : 00;
168B : 00;
168C : 00;
168D : 00;
168E : 00;
168F : 00;
1690 : 00;
1691 : 00;
1692 : 00;
1693 : 00;
1694 : 00;
1695 : 00;
1696 : 00;
1697 : 00;
1698 : 00;
1699 : 00;
169A : 00;
169B : 00;
169C : 00;
169D : 00;
169E : 00;
169F : 00;
16A0 : 00;
16A1 : 00;
16A2 : 00;
16A3 : 00;
16A4 : 00;
16A5 : 00;
16A6 : 00;
16A7 : 00;
16A8 : 00;
16A9 : 00;
16AA : 00;
16AB : 00;
16AC : 00;
16AD : 00;
16AE : 00;
16AF : 00;
16B0 : 00;
16B1 : 00;
16B2 : 00;
16B3 : 00;
16B4 : 00;
16B5 : 00;
16B6 : 00;
16B7 : 00;
16B8 : 00;
16B9 : 00;
16BA : 00;
16BB : 00;
16BC : 00;
16BD : 00;
16BE : 00;
16BF : 00;
16C0 : 00;
16C1 : 00;
16C2 : 00;
16C3 : 00;
16C4 : 00;
16C5 : 00;
16C6 : 00;
16C7 : 00;
16C8 : 00;
16C9 : 00;
16CA : 00;
16CB : 00;
16CC : 00;
16CD : 00;
16CE : 00;
16CF : 00;
16D0 : 00;
16D1 : 00;
16D2 : 00;
16D3 : 00;
16D4 : 00;
16D5 : 00;
16D6 : 00;
16D7 : 00;
16D8 : 00;
16D9 : 00;
16DA : 00;
16DB : 00;
16DC : 00;
16DD : 00;
16DE : 00;
16DF : 00;
16E0 : 00;
16E1 : 00;
16E2 : 00;
16E3 : 00;
16E4 : 00;
16E5 : 00;
16E6 : 00;
16E7 : 00;
16E8 : 00;
16E9 : 00;
16EA : 00;
16EB : 00;
16EC : 00;
16ED : 00;
16EE : 00;
16EF : 00;
16F0 : 00;
16F1 : 00;
16F2 : 00;
16F3 : 00;
16F4 : 00;
16F5 : 00;
16F6 : 00;
16F7 : 00;
16F8 : 00;
16F9 : 00;
16FA : 00;
16FB : 00;
16FC : 00;
16FD : 00;
16FE : 00;
16FF : 00;
1700 : 00;
1701 : 00;
1702 : 00;
1703 : 00;
1704 : 00;
1705 : 00;
1706 : 00;
1707 : 00;
1708 : 00;
1709 : 00;
170A : 00;
170B : 00;
170C : 00;
170D : 00;
170E : 00;
170F : 00;
1710 : 00;
1711 : 00;
1712 : 00;
1713 : 00;
1714 : 00;
1715 : 00;
1716 : 00;
1717 : 00;
1718 : 00;
1719 : 00;
171A : 00;
171B : 00;
171C : 00;
171D : 00;
171E : 00;
171F : 00;
1720 : 00;
1721 : 00;
1722 : 00;
1723 : 00;
1724 : 00;
1725 : 00;
1726 : 00;
1727 : 00;
1728 : 00;
1729 : 00;
172A : 00;
172B : 00;
172C : 00;
172D : 00;
172E : 00;
172F : 00;
1730 : 00;
1731 : 00;
1732 : 00;
1733 : 00;
1734 : 00;
1735 : 00;
1736 : 00;
1737 : 00;
1738 : 00;
1739 : 00;
173A : 00;
173B : 00;
173C : 00;
173D : 00;
173E : 00;
173F : 00;
1740 : 00;
1741 : 00;
1742 : 00;
1743 : 00;
1744 : 00;
1745 : 00;
1746 : 00;
1747 : 00;
1748 : 00;
1749 : 00;
174A : 00;
174B : 00;
174C : 00;
174D : 00;
174E : 00;
174F : 00;
1750 : 00;
1751 : 00;
1752 : 00;
1753 : 00;
1754 : 00;
1755 : 00;
1756 : 00;
1757 : 00;
1758 : 00;
1759 : 00;
175A : 00;
175B : 00;
175C : 00;
175D : 00;
175E : 00;
175F : 00;
1760 : 00;
1761 : 00;
1762 : 00;
1763 : 00;
1764 : 00;
1765 : 00;
1766 : 00;
1767 : 00;
1768 : 00;
1769 : 00;
176A : 00;
176B : 00;
176C : 00;
176D : 00;
176E : 00;
176F : 00;
1770 : 00;
1771 : 00;
1772 : 00;
1773 : 00;
1774 : 00;
1775 : 00;
1776 : 00;
1777 : 00;
1778 : 00;
1779 : 00;
177A : 00;
177B : 00;
177C : 00;
177D : 00;
177E : 00;
177F : 00;
1780 : 00;
1781 : 00;
1782 : 00;
1783 : 00;
1784 : 00;
1785 : 00;
1786 : 00;
1787 : 00;
1788 : 00;
1789 : 00;
178A : 00;
178B : 00;
178C : 00;
178D : 00;
178E : 00;
178F : 00;
1790 : 00;
1791 : 00;
1792 : 00;
1793 : 00;
1794 : 00;
1795 : 00;
1796 : 00;
1797 : 00;
1798 : 00;
1799 : 00;
179A : 00;
179B : 00;
179C : 00;
179D : 00;
179E : 00;
179F : 00;
17A0 : 00;
17A1 : 00;
17A2 : 00;
17A3 : 00;
17A4 : 00;
17A5 : 00;
17A6 : 00;
17A7 : 00;
17A8 : 00;
17A9 : 00;
17AA : 00;
17AB : 00;
17AC : 00;
17AD : 00;
17AE : 00;
17AF : 00;
17B0 : 00;
17B1 : 00;
17B2 : 00;
17B3 : 00;
17B4 : 00;
17B5 : 00;
17B6 : 00;
17B7 : 00;
17B8 : 00;
17B9 : 00;
17BA : 00;
17BB : 00;
17BC : 00;
17BD : 00;
17BE : 00;
17BF : 00;
17C0 : 00;
17C1 : 00;
17C2 : 00;
17C3 : 00;
17C4 : 00;
17C5 : 00;
17C6 : 00;
17C7 : 00;
17C8 : 00;
17C9 : 00;
17CA : 00;
17CB : 00;
17CC : 00;
17CD : 00;
17CE : 00;
17CF : 00;
17D0 : 00;
17D1 : 00;
17D2 : 00;
17D3 : 00;
17D4 : 00;
17D5 : 00;
17D6 : 00;
17D7 : 00;
17D8 : 00;
17D9 : 00;
17DA : 00;
17DB : 00;
17DC : 00;
17DD : 00;
17DE : 00;
17DF : 00;
17E0 : 00;
17E1 : 00;
17E2 : 00;
17E3 : 00;
17E4 : 00;
17E5 : 00;
17E6 : 00;
17E7 : 00;
17E8 : 00;
17E9 : 00;
17EA : 00;
17EB : 00;
17EC : 00;
17ED : 00;
17EE : 00;
17EF : 00;
17F0 : 00;
17F1 : 00;
17F2 : 00;
17F3 : 00;
17F4 : 00;
17F5 : 00;
17F6 : 00;
17F7 : 00;
17F8 : 00;
17F9 : 00;
17FA : 00;
17FB : 00;
17FC : 00;
17FD : 00;
17FE : 00;
17FF : 00;
1800 : 00;
1801 : 00;
1802 : 00;
1803 : 00;
1804 : 00;
1805 : 00;
1806 : 00;
1807 : 00;
1808 : 00;
1809 : 00;
180A : 00;
180B : 00;
180C : 00;
180D : 00;
180E : 00;
180F : 00;
1810 : 00;
1811 : 00;
1812 : 00;
1813 : 00;
1814 : 00;
1815 : 00;
1816 : 00;
1817 : 00;
1818 : 00;
1819 : 00;
181A : 00;
181B : 00;
181C : 00;
181D : 00;
181E : 00;
181F : 00;
1820 : 00;
1821 : 00;
1822 : 00;
1823 : 00;
1824 : 00;
1825 : 00;
1826 : 00;
1827 : 00;
1828 : 00;
1829 : 00;
182A : 00;
182B : 00;
182C : 00;
182D : 00;
182E : 00;
182F : 00;
1830 : 00;
1831 : 00;
1832 : 00;
1833 : 00;
1834 : 00;
1835 : 00;
1836 : 00;
1837 : 00;
1838 : 00;
1839 : 00;
183A : 00;
183B : 00;
183C : 00;
183D : 00;
183E : 00;
183F : 00;
1840 : 00;
1841 : 00;
1842 : 00;
1843 : 00;
1844 : 00;
1845 : 00;
1846 : 00;
1847 : 00;
1848 : 00;
1849 : 00;
184A : 00;
184B : 00;
184C : 00;
184D : 00;
184E : 00;
184F : 00;
1850 : 00;
1851 : 00;
1852 : 00;
1853 : 00;
1854 : 00;
1855 : 00;
1856 : 00;
1857 : 00;
1858 : 00;
1859 : 00;
185A : 00;
185B : 00;
185C : 00;
185D : 00;
185E : 00;
185F : 00;
1860 : 00;
1861 : 00;
1862 : 00;
1863 : 00;
1864 : 00;
1865 : 00;
1866 : 00;
1867 : 00;
1868 : 00;
1869 : 00;
186A : 00;
186B : 00;
186C : 00;
186D : 00;
186E : 00;
186F : 00;
1870 : 00;
1871 : 00;
1872 : 00;
1873 : 00;
1874 : 00;
1875 : 00;
1876 : 00;
1877 : 00;
1878 : 00;
1879 : 00;
187A : 00;
187B : 00;
187C : 00;
187D : 00;
187E : 00;
187F : 00;
1880 : 00;
1881 : 00;
1882 : 00;
1883 : 00;
1884 : 00;
1885 : 00;
1886 : 00;
1887 : 00;
1888 : 00;
1889 : 00;
188A : 00;
188B : 00;
188C : 00;
188D : 00;
188E : 00;
188F : 00;
1890 : 00;
1891 : 00;
1892 : 00;
1893 : 00;
1894 : 00;
1895 : 00;
1896 : 00;
1897 : 00;
1898 : 00;
1899 : 00;
189A : 00;
189B : 00;
189C : 00;
189D : 00;
189E : 00;
189F : 00;
18A0 : 00;
18A1 : 00;
18A2 : 00;
18A3 : 00;
18A4 : 00;
18A5 : 00;
18A6 : 00;
18A7 : 00;
18A8 : 00;
18A9 : 00;
18AA : 00;
18AB : 00;
18AC : 00;
18AD : 00;
18AE : 00;
18AF : 00;
18B0 : 00;
18B1 : 00;
18B2 : 00;
18B3 : 00;
18B4 : 00;
18B5 : 00;
18B6 : 00;
18B7 : 00;
18B8 : 00;
18B9 : 00;
18BA : 00;
18BB : 00;
18BC : 00;
18BD : 00;
18BE : 00;
18BF : 00;
18C0 : 00;
18C1 : 00;
18C2 : 00;
18C3 : 00;
18C4 : 00;
18C5 : 00;
18C6 : 00;
18C7 : 00;
18C8 : 00;
18C9 : 00;
18CA : 00;
18CB : 00;
18CC : 00;
18CD : 00;
18CE : 00;
18CF : 00;
18D0 : 00;
18D1 : 00;
18D2 : 00;
18D3 : 00;
18D4 : 00;
18D5 : 00;
18D6 : 00;
18D7 : 00;
18D8 : 00;
18D9 : 00;
18DA : 00;
18DB : 00;
18DC : 00;
18DD : 00;
18DE : 00;
18DF : 00;
18E0 : 00;
18E1 : 00;
18E2 : 00;
18E3 : 00;
18E4 : 00;
18E5 : 00;
18E6 : 00;
18E7 : 00;
18E8 : 00;
18E9 : 00;
18EA : 00;
18EB : 00;
18EC : 00;
18ED : 00;
18EE : 00;
18EF : 00;
18F0 : 00;
18F1 : 00;
18F2 : 00;
18F3 : 00;
18F4 : 00;
18F5 : 00;
18F6 : 00;
18F7 : 00;
18F8 : 00;
18F9 : 00;
18FA : 00;
18FB : 00;
18FC : 00;
18FD : 00;
18FE : 00;
18FF : 00;
1900 : 00;
1901 : 00;
1902 : 00;
1903 : 00;
1904 : 00;
1905 : 00;
1906 : 00;
1907 : 00;
1908 : 00;
1909 : 00;
190A : 00;
190B : 00;
190C : 00;
190D : 00;
190E : 00;
190F : 00;
1910 : 00;
1911 : 00;
1912 : 00;
1913 : 00;
1914 : 00;
1915 : 00;
1916 : 00;
1917 : 00;
1918 : 00;
1919 : 00;
191A : 00;
191B : 00;
191C : 00;
191D : 00;
191E : 00;
191F : 00;
1920 : 00;
1921 : 00;
1922 : 00;
1923 : 00;
1924 : 00;
1925 : 00;
1926 : 00;
1927 : 00;
1928 : 00;
1929 : 00;
192A : 00;
192B : 00;
192C : 00;
192D : 00;
192E : 00;
192F : 00;
1930 : 00;
1931 : 00;
1932 : 00;
1933 : 00;
1934 : 00;
1935 : 00;
1936 : 00;
1937 : 00;
1938 : 00;
1939 : 00;
193A : 00;
193B : 00;
193C : 00;
193D : 00;
193E : 00;
193F : 00;
1940 : 00;
1941 : 00;
1942 : 00;
1943 : 00;
1944 : 00;
1945 : 00;
1946 : 00;
1947 : 00;
1948 : 00;
1949 : 00;
194A : 00;
194B : 00;
194C : 00;
194D : 00;
194E : 00;
194F : 00;
1950 : 00;
1951 : 00;
1952 : 00;
1953 : 00;
1954 : 00;
1955 : 00;
1956 : 00;
1957 : 00;
1958 : 00;
1959 : 00;
195A : 00;
195B : 00;
195C : 00;
195D : 00;
195E : 00;
195F : 00;
1960 : 00;
1961 : 00;
1962 : 00;
1963 : 00;
1964 : 00;
1965 : 00;
1966 : 00;
1967 : 00;
1968 : 00;
1969 : 00;
196A : 00;
196B : 00;
196C : 00;
196D : 00;
196E : 00;
196F : 00;
1970 : 00;
1971 : 00;
1972 : 00;
1973 : 00;
1974 : 00;
1975 : 00;
1976 : 00;
1977 : 00;
1978 : 00;
1979 : 00;
197A : 00;
197B : 00;
197C : 00;
197D : 00;
197E : 00;
197F : 00;
1980 : 00;
1981 : 00;
1982 : 00;
1983 : 00;
1984 : 00;
1985 : 00;
1986 : 00;
1987 : 00;
1988 : 00;
1989 : 00;
198A : 00;
198B : 00;
198C : 00;
198D : 00;
198E : 00;
198F : 00;
1990 : 00;
1991 : 00;
1992 : 00;
1993 : 00;
1994 : 00;
1995 : 00;
1996 : 00;
1997 : 00;
1998 : 00;
1999 : 00;
199A : 00;
199B : 00;
199C : 00;
199D : 00;
199E : 00;
199F : 00;
19A0 : 00;
19A1 : 00;
19A2 : 00;
19A3 : 00;
19A4 : 00;
19A5 : 00;
19A6 : 00;
19A7 : 00;
19A8 : 00;
19A9 : 00;
19AA : 00;
19AB : 00;
19AC : 00;
19AD : 00;
19AE : 00;
19AF : 00;
19B0 : 00;
19B1 : 00;
19B2 : 00;
19B3 : 00;
19B4 : 00;
19B5 : 00;
19B6 : 00;
19B7 : 00;
19B8 : 00;
19B9 : 00;
19BA : 00;
19BB : 00;
19BC : 00;
19BD : 00;
19BE : 00;
19BF : 00;
19C0 : 00;
19C1 : 00;
19C2 : 00;
19C3 : 00;
19C4 : 00;
19C5 : 00;
19C6 : 00;
19C7 : 00;
19C8 : 00;
19C9 : 00;
19CA : 00;
19CB : 00;
19CC : 00;
19CD : 00;
19CE : 00;
19CF : 00;
19D0 : 00;
19D1 : 00;
19D2 : 00;
19D3 : 00;
19D4 : 00;
19D5 : 00;
19D6 : 00;
19D7 : 00;
19D8 : 00;
19D9 : 00;
19DA : 00;
19DB : 00;
19DC : 00;
19DD : 00;
19DE : 00;
19DF : 00;
19E0 : 00;
19E1 : 00;
19E2 : 00;
19E3 : 00;
19E4 : 00;
19E5 : 00;
19E6 : 00;
19E7 : 00;
19E8 : 00;
19E9 : 00;
19EA : 00;
19EB : 00;
19EC : 00;
19ED : 00;
19EE : 00;
19EF : 00;
19F0 : 00;
19F1 : 00;
19F2 : 00;
19F3 : 00;
19F4 : 00;
19F5 : 00;
19F6 : 00;
19F7 : 00;
19F8 : 00;
19F9 : 00;
19FA : 00;
19FB : 00;
19FC : 00;
19FD : 00;
19FE : 00;
19FF : 00;
1A00 : 00;
1A01 : 00;
1A02 : 00;
1A03 : 00;
1A04 : 00;
1A05 : 00;
1A06 : 00;
1A07 : 00;
1A08 : 00;
1A09 : 00;
1A0A : 00;
1A0B : 00;
1A0C : 00;
1A0D : 00;
1A0E : 00;
1A0F : 00;
1A10 : 00;
1A11 : 00;
1A12 : 00;
1A13 : 00;
1A14 : 00;
1A15 : 00;
1A16 : 00;
1A17 : 00;
1A18 : 00;
1A19 : 00;
1A1A : 00;
1A1B : 00;
1A1C : 00;
1A1D : 00;
1A1E : 00;
1A1F : 00;
1A20 : 00;
1A21 : 00;
1A22 : 00;
1A23 : 00;
1A24 : 00;
1A25 : 00;
1A26 : 00;
1A27 : 00;
1A28 : 00;
1A29 : 00;
1A2A : 00;
1A2B : 00;
1A2C : 00;
1A2D : 00;
1A2E : 00;
1A2F : 00;
1A30 : 00;
1A31 : 00;
1A32 : 00;
1A33 : 00;
1A34 : 00;
1A35 : 00;
1A36 : 00;
1A37 : 00;
1A38 : 00;
1A39 : 00;
1A3A : 00;
1A3B : 00;
1A3C : 00;
1A3D : 00;
1A3E : 00;
1A3F : 00;
1A40 : 00;
1A41 : 00;
1A42 : 00;
1A43 : 00;
1A44 : 00;
1A45 : 00;
1A46 : 00;
1A47 : 00;
1A48 : 00;
1A49 : 00;
1A4A : 00;
1A4B : 00;
1A4C : 00;
1A4D : 00;
1A4E : 00;
1A4F : 00;
1A50 : 00;
1A51 : 00;
1A52 : 00;
1A53 : 00;
1A54 : 00;
1A55 : 00;
1A56 : 00;
1A57 : 00;
1A58 : 00;
1A59 : 00;
1A5A : 00;
1A5B : 00;
1A5C : 00;
1A5D : 00;
1A5E : 00;
1A5F : 00;
1A60 : 00;
1A61 : 00;
1A62 : 00;
1A63 : 00;
1A64 : 00;
1A65 : 00;
1A66 : 00;
1A67 : 00;
1A68 : 00;
1A69 : 00;
1A6A : 00;
1A6B : 00;
1A6C : 00;
1A6D : 00;
1A6E : 00;
1A6F : 00;
1A70 : 00;
1A71 : 00;
1A72 : 00;
1A73 : 00;
1A74 : 00;
1A75 : 00;
1A76 : 00;
1A77 : 00;
1A78 : 00;
1A79 : 00;
1A7A : 00;
1A7B : 00;
1A7C : 00;
1A7D : 00;
1A7E : 00;
1A7F : 00;
1A80 : 00;
1A81 : 00;
1A82 : 00;
1A83 : 00;
1A84 : 00;
1A85 : 00;
1A86 : 00;
1A87 : 00;
1A88 : 00;
1A89 : 00;
1A8A : 00;
1A8B : 00;
1A8C : 00;
1A8D : 00;
1A8E : 00;
1A8F : 00;
1A90 : 00;
1A91 : 00;
1A92 : 00;
1A93 : 00;
1A94 : 00;
1A95 : 00;
1A96 : 00;
1A97 : 00;
1A98 : 00;
1A99 : 00;
1A9A : 00;
1A9B : 00;
1A9C : 00;
1A9D : 00;
1A9E : 00;
1A9F : 00;
1AA0 : 00;
1AA1 : 00;
1AA2 : 00;
1AA3 : 00;
1AA4 : 00;
1AA5 : 00;
1AA6 : 00;
1AA7 : 00;
1AA8 : 00;
1AA9 : 00;
1AAA : 00;
1AAB : 00;
1AAC : 00;
1AAD : 00;
1AAE : 00;
1AAF : 00;
1AB0 : 00;
1AB1 : 00;
1AB2 : 00;
1AB3 : 00;
1AB4 : 00;
1AB5 : 00;
1AB6 : 00;
1AB7 : 00;
1AB8 : 00;
1AB9 : 00;
1ABA : 00;
1ABB : 00;
1ABC : 00;
1ABD : 00;
1ABE : 00;
1ABF : 00;
1AC0 : 00;
1AC1 : 00;
1AC2 : 00;
1AC3 : 00;
1AC4 : 00;
1AC5 : 00;
1AC6 : 00;
1AC7 : 00;
1AC8 : 00;
1AC9 : 00;
1ACA : 00;
1ACB : 00;
1ACC : 00;
1ACD : 00;
1ACE : 00;
1ACF : 00;
1AD0 : 00;
1AD1 : 00;
1AD2 : 00;
1AD3 : 00;
1AD4 : 00;
1AD5 : 00;
1AD6 : 00;
1AD7 : 00;
1AD8 : 00;
1AD9 : 00;
1ADA : 00;
1ADB : 00;
1ADC : 00;
1ADD : 00;
1ADE : 00;
1ADF : 00;
1AE0 : 00;
1AE1 : 00;
1AE2 : 00;
1AE3 : 00;
1AE4 : 00;
1AE5 : 00;
1AE6 : 00;
1AE7 : 00;
1AE8 : 00;
1AE9 : 00;
1AEA : 00;
1AEB : 00;
1AEC : 00;
1AED : 00;
1AEE : 00;
1AEF : 00;
1AF0 : 00;
1AF1 : 00;
1AF2 : 00;
1AF3 : 00;
1AF4 : 00;
1AF5 : 00;
1AF6 : 00;
1AF7 : 00;
1AF8 : 00;
1AF9 : 00;
1AFA : 00;
1AFB : 00;
1AFC : 00;
1AFD : 00;
1AFE : 00;
1AFF : 00;
1B00 : 00;
1B01 : 00;
1B02 : 00;
1B03 : 00;
1B04 : 00;
1B05 : 00;
1B06 : 00;
1B07 : 00;
1B08 : 00;
1B09 : 00;
1B0A : 00;
1B0B : 00;
1B0C : 00;
1B0D : 00;
1B0E : 00;
1B0F : 00;
1B10 : 00;
1B11 : 00;
1B12 : 00;
1B13 : 00;
1B14 : 00;
1B15 : 00;
1B16 : 00;
1B17 : 00;
1B18 : 00;
1B19 : 00;
1B1A : 00;
1B1B : 00;
1B1C : 00;
1B1D : 00;
1B1E : 00;
1B1F : 00;
1B20 : 00;
1B21 : 00;
1B22 : 00;
1B23 : 00;
1B24 : 00;
1B25 : 00;
1B26 : 00;
1B27 : 00;
1B28 : 00;
1B29 : 00;
1B2A : 00;
1B2B : 00;
1B2C : 00;
1B2D : 00;
1B2E : 00;
1B2F : 00;
1B30 : 00;
1B31 : 00;
1B32 : 00;
1B33 : 00;
1B34 : 00;
1B35 : 00;
1B36 : 00;
1B37 : 00;
1B38 : 00;
1B39 : 00;
1B3A : 00;
1B3B : 00;
1B3C : 00;
1B3D : 00;
1B3E : 00;
1B3F : 00;
1B40 : 00;
1B41 : 00;
1B42 : 00;
1B43 : 00;
1B44 : 00;
1B45 : 00;
1B46 : 00;
1B47 : 00;
1B48 : 00;
1B49 : 00;
1B4A : 00;
1B4B : 00;
1B4C : 00;
1B4D : 00;
1B4E : 00;
1B4F : 00;
1B50 : 00;
1B51 : 00;
1B52 : 00;
1B53 : 00;
1B54 : 00;
1B55 : 00;
1B56 : 00;
1B57 : 00;
1B58 : 00;
1B59 : 00;
1B5A : 00;
1B5B : 00;
1B5C : 00;
1B5D : 00;
1B5E : 00;
1B5F : 00;
1B60 : 00;
1B61 : 00;
1B62 : 00;
1B63 : 00;
1B64 : 00;
1B65 : 00;
1B66 : 00;
1B67 : 00;
1B68 : 00;
1B69 : 00;
1B6A : 00;
1B6B : 00;
1B6C : 00;
1B6D : 00;
1B6E : 00;
1B6F : 00;
1B70 : 00;
1B71 : 00;
1B72 : 00;
1B73 : 00;
1B74 : 00;
1B75 : 00;
1B76 : 00;
1B77 : 00;
1B78 : 00;
1B79 : 00;
1B7A : 00;
1B7B : 00;
1B7C : 00;
1B7D : 00;
1B7E : 00;
1B7F : 00;
1B80 : 00;
1B81 : 00;
1B82 : 00;
1B83 : 00;
1B84 : 00;
1B85 : 00;
1B86 : 00;
1B87 : 00;
1B88 : 00;
1B89 : 00;
1B8A : 00;
1B8B : 00;
1B8C : 00;
1B8D : 00;
1B8E : 00;
1B8F : 00;
1B90 : 00;
1B91 : 00;
1B92 : 00;
1B93 : 00;
1B94 : 00;
1B95 : 00;
1B96 : 00;
1B97 : 00;
1B98 : 00;
1B99 : 00;
1B9A : 00;
1B9B : 00;
1B9C : 00;
1B9D : 00;
1B9E : 00;
1B9F : 00;
1BA0 : 00;
1BA1 : 00;
1BA2 : 00;
1BA3 : 00;
1BA4 : 00;
1BA5 : 00;
1BA6 : 00;
1BA7 : 00;
1BA8 : 00;
1BA9 : 00;
1BAA : 00;
1BAB : 00;
1BAC : 00;
1BAD : 00;
1BAE : 00;
1BAF : 00;
1BB0 : 00;
1BB1 : 00;
1BB2 : 00;
1BB3 : 00;
1BB4 : 00;
1BB5 : 00;
1BB6 : 00;
1BB7 : 00;
1BB8 : 00;
1BB9 : 00;
1BBA : 00;
1BBB : 00;
1BBC : 00;
1BBD : 00;
1BBE : 00;
1BBF : 00;
1BC0 : 00;
1BC1 : 00;
1BC2 : 00;
1BC3 : 00;
1BC4 : 00;
1BC5 : 00;
1BC6 : 00;
1BC7 : 00;
1BC8 : 00;
1BC9 : 00;
1BCA : 00;
1BCB : 00;
1BCC : 00;
1BCD : 00;
1BCE : 00;
1BCF : 00;
1BD0 : 00;
1BD1 : 00;
1BD2 : 00;
1BD3 : 00;
1BD4 : 00;
1BD5 : 00;
1BD6 : 00;
1BD7 : 00;
1BD8 : 00;
1BD9 : 00;
1BDA : 00;
1BDB : 00;
1BDC : 00;
1BDD : 00;
1BDE : 00;
1BDF : 00;
1BE0 : 00;
1BE1 : 00;
1BE2 : 00;
1BE3 : 00;
1BE4 : 00;
1BE5 : 00;
1BE6 : 00;
1BE7 : 00;
1BE8 : 00;
1BE9 : 00;
1BEA : 00;
1BEB : 00;
1BEC : 00;
1BED : 00;
1BEE : 00;
1BEF : 00;
1BF0 : 00;
1BF1 : 00;
1BF2 : 00;
1BF3 : 00;
1BF4 : 00;
1BF5 : 00;
1BF6 : 00;
1BF7 : 00;
1BF8 : 00;
1BF9 : 00;
1BFA : 00;
1BFB : 00;
1BFC : 00;
1BFD : 00;
1BFE : 00;
1BFF : 00;
1C00 : 00;
1C01 : 00;
1C02 : 00;
1C03 : 00;
1C04 : 00;
1C05 : 00;
1C06 : 00;
1C07 : 00;
1C08 : 00;
1C09 : 00;
1C0A : 00;
1C0B : 00;
1C0C : 00;
1C0D : 00;
1C0E : 00;
1C0F : 00;
1C10 : 00;
1C11 : 00;
1C12 : 00;
1C13 : 00;
1C14 : 00;
1C15 : 00;
1C16 : 00;
1C17 : 00;
1C18 : 00;
1C19 : 00;
1C1A : 00;
1C1B : 00;
1C1C : 00;
1C1D : 00;
1C1E : 00;
1C1F : 00;
1C20 : 00;
1C21 : 00;
1C22 : 00;
1C23 : 00;
1C24 : 00;
1C25 : 00;
1C26 : 00;
1C27 : 00;
1C28 : 00;
1C29 : 00;
1C2A : 00;
1C2B : 00;
1C2C : 00;
1C2D : 00;
1C2E : 00;
1C2F : 00;
1C30 : 00;
1C31 : 00;
1C32 : 00;
1C33 : 00;
1C34 : 00;
1C35 : 00;
1C36 : 00;
1C37 : 00;
1C38 : 00;
1C39 : 00;
1C3A : 00;
1C3B : 00;
1C3C : 00;
1C3D : 00;
1C3E : 00;
1C3F : 00;
1C40 : 00;
1C41 : 00;
1C42 : 00;
1C43 : 00;
1C44 : 00;
1C45 : 00;
1C46 : 00;
1C47 : 00;
1C48 : 00;
1C49 : 00;
1C4A : 00;
1C4B : 00;
1C4C : 00;
1C4D : 00;
1C4E : 00;
1C4F : 00;
1C50 : 00;
1C51 : 00;
1C52 : 00;
1C53 : 00;
1C54 : 00;
1C55 : 00;
1C56 : 00;
1C57 : 00;
1C58 : 00;
1C59 : 00;
1C5A : 00;
1C5B : 00;
1C5C : 00;
1C5D : 00;
1C5E : 00;
1C5F : 00;
1C60 : 00;
1C61 : 00;
1C62 : 00;
1C63 : 00;
1C64 : 00;
1C65 : 00;
1C66 : 00;
1C67 : 00;
1C68 : 00;
1C69 : 00;
1C6A : 00;
1C6B : 00;
1C6C : 00;
1C6D : 00;
1C6E : 00;
1C6F : 00;
1C70 : 00;
1C71 : 00;
1C72 : 00;
1C73 : 00;
1C74 : 00;
1C75 : 00;
1C76 : 00;
1C77 : 00;
1C78 : 00;
1C79 : 00;
1C7A : 00;
1C7B : 00;
1C7C : 00;
1C7D : 00;
1C7E : 00;
1C7F : 00;
1C80 : 00;
1C81 : 00;
1C82 : 00;
1C83 : 00;
1C84 : 00;
1C85 : 00;
1C86 : 00;
1C87 : 00;
1C88 : 00;
1C89 : 00;
1C8A : 00;
1C8B : 00;
1C8C : 00;
1C8D : 00;
1C8E : 00;
1C8F : 00;
1C90 : 00;
1C91 : 00;
1C92 : 00;
1C93 : 00;
1C94 : 00;
1C95 : 00;
1C96 : 00;
1C97 : 00;
1C98 : 00;
1C99 : 00;
1C9A : 00;
1C9B : 00;
1C9C : 00;
1C9D : 00;
1C9E : 00;
1C9F : 00;
1CA0 : 00;
1CA1 : 00;
1CA2 : 00;
1CA3 : 00;
1CA4 : 00;
1CA5 : 00;
1CA6 : 00;
1CA7 : 00;
1CA8 : 00;
1CA9 : 00;
1CAA : 00;
1CAB : 00;
1CAC : 00;
1CAD : 00;
1CAE : 00;
1CAF : 00;
1CB0 : 00;
1CB1 : 00;
1CB2 : 00;
1CB3 : 00;
1CB4 : 00;
1CB5 : 00;
1CB6 : 00;
1CB7 : 00;
1CB8 : 00;
1CB9 : 00;
1CBA : 00;
1CBB : 00;
1CBC : 00;
1CBD : 00;
1CBE : 00;
1CBF : 00;
1CC0 : 00;
1CC1 : 00;
1CC2 : 00;
1CC3 : 00;
1CC4 : 00;
1CC5 : 00;
1CC6 : 00;
1CC7 : 00;
1CC8 : 00;
1CC9 : 00;
1CCA : 00;
1CCB : 00;
1CCC : 00;
1CCD : 00;
1CCE : 00;
1CCF : 00;
1CD0 : 00;
1CD1 : 00;
1CD2 : 00;
1CD3 : 00;
1CD4 : 00;
1CD5 : 00;
1CD6 : 00;
1CD7 : 00;
1CD8 : 00;
1CD9 : 00;
1CDA : 00;
1CDB : 00;
1CDC : 00;
1CDD : 00;
1CDE : 00;
1CDF : 00;
1CE0 : 00;
1CE1 : 00;
1CE2 : 00;
1CE3 : 00;
1CE4 : 00;
1CE5 : 00;
1CE6 : 00;
1CE7 : 00;
1CE8 : 00;
1CE9 : 00;
1CEA : 00;
1CEB : 00;
1CEC : 00;
1CED : 00;
1CEE : 00;
1CEF : 00;
1CF0 : 00;
1CF1 : 00;
1CF2 : 00;
1CF3 : 00;
1CF4 : 00;
1CF5 : 00;
1CF6 : 00;
1CF7 : 00;
1CF8 : 00;
1CF9 : 00;
1CFA : 00;
1CFB : 00;
1CFC : 00;
1CFD : 00;
1CFE : 00;
1CFF : 00;
1D00 : 00;
1D01 : 00;
1D02 : 00;
1D03 : 00;
1D04 : 00;
1D05 : 00;
1D06 : 00;
1D07 : 00;
1D08 : 00;
1D09 : 00;
1D0A : 00;
1D0B : 00;
1D0C : 00;
1D0D : 00;
1D0E : 00;
1D0F : 00;
1D10 : 00;
1D11 : 00;
1D12 : 00;
1D13 : 00;
1D14 : 00;
1D15 : 00;
1D16 : 00;
1D17 : 00;
1D18 : 00;
1D19 : 00;
1D1A : 00;
1D1B : 00;
1D1C : 00;
1D1D : 00;
1D1E : 00;
1D1F : 00;
1D20 : 00;
1D21 : 00;
1D22 : 00;
1D23 : 00;
1D24 : 00;
1D25 : 00;
1D26 : 00;
1D27 : 00;
1D28 : 00;
1D29 : 00;
1D2A : 00;
1D2B : 00;
1D2C : 00;
1D2D : 00;
1D2E : 00;
1D2F : 00;
1D30 : 00;
1D31 : 00;
1D32 : 00;
1D33 : 00;
1D34 : 00;
1D35 : 00;
1D36 : 00;
1D37 : 00;
1D38 : 00;
1D39 : 00;
1D3A : 00;
1D3B : 00;
1D3C : 00;
1D3D : 00;
1D3E : 00;
1D3F : 00;
1D40 : 00;
1D41 : 00;
1D42 : 00;
1D43 : 00;
1D44 : 00;
1D45 : 00;
1D46 : 00;
1D47 : 00;
1D48 : 00;
1D49 : 00;
1D4A : 00;
1D4B : 00;
1D4C : 00;
1D4D : 00;
1D4E : 00;
1D4F : 00;
1D50 : 00;
1D51 : 00;
1D52 : 00;
1D53 : 00;
1D54 : 00;
1D55 : 00;
1D56 : 00;
1D57 : 00;
1D58 : 00;
1D59 : 00;
1D5A : 00;
1D5B : 00;
1D5C : 00;
1D5D : 00;
1D5E : 00;
1D5F : 00;
1D60 : 00;
1D61 : 00;
1D62 : 00;
1D63 : 00;
1D64 : 00;
1D65 : 00;
1D66 : 00;
1D67 : 00;
1D68 : 00;
1D69 : 00;
1D6A : 00;
1D6B : 00;
1D6C : 00;
1D6D : 00;
1D6E : 00;
1D6F : 00;
1D70 : 00;
1D71 : 00;
1D72 : 00;
1D73 : 00;
1D74 : 00;
1D75 : 00;
1D76 : 00;
1D77 : 00;
1D78 : 00;
1D79 : 00;
1D7A : 00;
1D7B : 00;
1D7C : 00;
1D7D : 00;
1D7E : 00;
1D7F : 00;
1D80 : 00;
1D81 : 00;
1D82 : 00;
1D83 : 00;
1D84 : 00;
1D85 : 00;
1D86 : 00;
1D87 : 00;
1D88 : 00;
1D89 : 00;
1D8A : 00;
1D8B : 00;
1D8C : 00;
1D8D : 00;
1D8E : 00;
1D8F : 00;
1D90 : 00;
1D91 : 00;
1D92 : 00;
1D93 : 00;
1D94 : 00;
1D95 : 00;
1D96 : 00;
1D97 : 00;
1D98 : 00;
1D99 : 00;
1D9A : 00;
1D9B : 00;
1D9C : 00;
1D9D : 00;
1D9E : 00;
1D9F : 00;
1DA0 : 00;
1DA1 : 00;
1DA2 : 00;
1DA3 : 00;
1DA4 : 00;
1DA5 : 00;
1DA6 : 00;
1DA7 : 00;
1DA8 : 00;
1DA9 : 00;
1DAA : 00;
1DAB : 00;
1DAC : 00;
1DAD : 00;
1DAE : 00;
1DAF : 00;
1DB0 : 00;
1DB1 : 00;
1DB2 : 00;
1DB3 : 00;
1DB4 : 00;
1DB5 : 00;
1DB6 : 00;
1DB7 : 00;
1DB8 : 00;
1DB9 : 00;
1DBA : 00;
1DBB : 00;
1DBC : 00;
1DBD : 00;
1DBE : 00;
1DBF : 00;
1DC0 : 00;
1DC1 : 00;
1DC2 : 00;
1DC3 : 00;
1DC4 : 00;
1DC5 : 00;
1DC6 : 00;
1DC7 : 00;
1DC8 : 00;
1DC9 : 00;
1DCA : 00;
1DCB : 00;
1DCC : 00;
1DCD : 00;
1DCE : 00;
1DCF : 00;
1DD0 : 00;
1DD1 : 00;
1DD2 : 00;
1DD3 : 00;
1DD4 : 00;
1DD5 : 00;
1DD6 : 00;
1DD7 : 00;
1DD8 : 00;
1DD9 : 00;
1DDA : 00;
1DDB : 00;
1DDC : 00;
1DDD : 00;
1DDE : 00;
1DDF : 00;
1DE0 : 00;
1DE1 : 00;
1DE2 : 00;
1DE3 : 00;
1DE4 : 00;
1DE5 : 00;
1DE6 : 00;
1DE7 : 00;
1DE8 : 00;
1DE9 : 00;
1DEA : 00;
1DEB : 00;
1DEC : 00;
1DED : 00;
1DEE : 00;
1DEF : 00;
1DF0 : 00;
1DF1 : 00;
1DF2 : 00;
1DF3 : 00;
1DF4 : 00;
1DF5 : 00;
1DF6 : 00;
1DF7 : 00;
1DF8 : 00;
1DF9 : 00;
1DFA : 00;
1DFB : 00;
1DFC : 00;
1DFD : 00;
1DFE : 00;
1DFF : 00;
1E00 : 00;
1E01 : 00;
1E02 : 00;
1E03 : 00;
1E04 : 00;
1E05 : 00;
1E06 : 00;
1E07 : 00;
1E08 : 00;
1E09 : 00;
1E0A : 00;
1E0B : 00;
1E0C : 00;
1E0D : 00;
1E0E : 00;
1E0F : 00;
1E10 : 00;
1E11 : 00;
1E12 : 00;
1E13 : 00;
1E14 : 00;
1E15 : 00;
1E16 : 00;
1E17 : 00;
1E18 : 00;
1E19 : 00;
1E1A : 00;
1E1B : 00;
1E1C : 00;
1E1D : 00;
1E1E : 00;
1E1F : 00;
1E20 : 00;
1E21 : 00;
1E22 : 00;
1E23 : 00;
1E24 : 00;
1E25 : 00;
1E26 : 00;
1E27 : 00;
1E28 : 00;
1E29 : 00;
1E2A : 00;
1E2B : 00;
1E2C : 00;
1E2D : 00;
1E2E : 00;
1E2F : 00;
1E30 : 00;
1E31 : 00;
1E32 : 00;
1E33 : 00;
1E34 : 00;
1E35 : 00;
1E36 : 00;
1E37 : 00;
1E38 : 00;
1E39 : 00;
1E3A : 00;
1E3B : 00;
1E3C : 00;
1E3D : 00;
1E3E : 00;
1E3F : 00;
1E40 : 00;
1E41 : 00;
1E42 : 00;
1E43 : 00;
1E44 : 00;
1E45 : 00;
1E46 : 00;
1E47 : 00;
1E48 : 00;
1E49 : 00;
1E4A : 00;
1E4B : 00;
1E4C : 00;
1E4D : 00;
1E4E : 00;
1E4F : 00;
1E50 : 00;
1E51 : 00;
1E52 : 00;
1E53 : 00;
1E54 : 00;
1E55 : 00;
1E56 : 00;
1E57 : 00;
1E58 : 00;
1E59 : 00;
1E5A : 00;
1E5B : 00;
1E5C : 00;
1E5D : 00;
1E5E : 00;
1E5F : 00;
1E60 : 00;
1E61 : 00;
1E62 : 00;
1E63 : 00;
1E64 : 00;
1E65 : 00;
1E66 : 00;
1E67 : 00;
1E68 : 00;
1E69 : 00;
1E6A : 00;
1E6B : 00;
1E6C : 00;
1E6D : 00;
1E6E : 00;
1E6F : 00;
1E70 : 00;
1E71 : 00;
1E72 : 00;
1E73 : 00;
1E74 : 00;
1E75 : 00;
1E76 : 00;
1E77 : 00;
1E78 : 00;
1E79 : 00;
1E7A : 00;
1E7B : 00;
1E7C : 00;
1E7D : 00;
1E7E : 00;
1E7F : 00;
1E80 : 00;
1E81 : 00;
1E82 : 00;
1E83 : 00;
1E84 : 00;
1E85 : 00;
1E86 : 00;
1E87 : 00;
1E88 : 00;
1E89 : 00;
1E8A : 00;
1E8B : 00;
1E8C : 00;
1E8D : 00;
1E8E : 00;
1E8F : 00;
1E90 : 00;
1E91 : 00;
1E92 : 00;
1E93 : 00;
1E94 : 00;
1E95 : 00;
1E96 : 00;
1E97 : 00;
1E98 : 00;
1E99 : 00;
1E9A : 00;
1E9B : 00;
1E9C : 00;
1E9D : 00;
1E9E : 00;
1E9F : 00;
1EA0 : 00;
1EA1 : 00;
1EA2 : 00;
1EA3 : 00;
1EA4 : 00;
1EA5 : 00;
1EA6 : 00;
1EA7 : 00;
1EA8 : 00;
1EA9 : 00;
1EAA : 00;
1EAB : 00;
1EAC : 00;
1EAD : 00;
1EAE : 00;
1EAF : 00;
1EB0 : 00;
1EB1 : 00;
1EB2 : 00;
1EB3 : 00;
1EB4 : 00;
1EB5 : 00;
1EB6 : 00;
1EB7 : 00;
1EB8 : 00;
1EB9 : 00;
1EBA : 00;
1EBB : 00;
1EBC : 00;
1EBD : 00;
1EBE : 00;
1EBF : 00;
1EC0 : 00;
1EC1 : 00;
1EC2 : 00;
1EC3 : 00;
1EC4 : 00;
1EC5 : 00;
1EC6 : 00;
1EC7 : 00;
1EC8 : 00;
1EC9 : 00;
1ECA : 00;
1ECB : 00;
1ECC : 00;
1ECD : 00;
1ECE : 00;
1ECF : 00;
1ED0 : 00;
1ED1 : 00;
1ED2 : 00;
1ED3 : 00;
1ED4 : 00;
1ED5 : 00;
1ED6 : 00;
1ED7 : 00;
1ED8 : 00;
1ED9 : 00;
1EDA : 00;
1EDB : 00;
1EDC : 00;
1EDD : 00;
1EDE : 00;
1EDF : 00;
1EE0 : 00;
1EE1 : 00;
1EE2 : 00;
1EE3 : 00;
1EE4 : 00;
1EE5 : 00;
1EE6 : 00;
1EE7 : 00;
1EE8 : 00;
1EE9 : 00;
1EEA : 00;
1EEB : 00;
1EEC : 00;
1EED : 00;
1EEE : 00;
1EEF : 00;
1EF0 : 00;
1EF1 : 00;
1EF2 : 00;
1EF3 : 00;
1EF4 : 00;
1EF5 : 00;
1EF6 : 00;
1EF7 : 00;
1EF8 : 00;
1EF9 : 00;
1EFA : 00;
1EFB : 00;
1EFC : 00;
1EFD : 00;
1EFE : 00;
1EFF : 00;
1F00 : 00;
1F01 : 00;
1F02 : 00;
1F03 : 00;
1F04 : 00;
1F05 : 00;
1F06 : 00;
1F07 : 00;
1F08 : 00;
1F09 : 00;
1F0A : 00;
1F0B : 00;
1F0C : 00;
1F0D : 00;
1F0E : 00;
1F0F : 00;
1F10 : 00;
1F11 : 00;
1F12 : 00;
1F13 : 00;
1F14 : 00;
1F15 : 00;
1F16 : 00;
1F17 : 00;
1F18 : 00;
1F19 : 00;
1F1A : 00;
1F1B : 00;
1F1C : 00;
1F1D : 00;
1F1E : 00;
1F1F : 00;
1F20 : 00;
1F21 : 00;
1F22 : 00;
1F23 : 00;
1F24 : 00;
1F25 : 00;
1F26 : 00;
1F27 : 00;
1F28 : 00;
1F29 : 00;
1F2A : 00;
1F2B : 00;
1F2C : 00;
1F2D : 00;
1F2E : 00;
1F2F : 00;
1F30 : 00;
1F31 : 00;
1F32 : 00;
1F33 : 00;
1F34 : 00;
1F35 : 00;
1F36 : 00;
1F37 : 00;
1F38 : 00;
1F39 : 00;
1F3A : 00;
1F3B : 00;
1F3C : 00;
1F3D : 00;
1F3E : 00;
1F3F : 00;
1F40 : 00;
1F41 : 00;
1F42 : 00;
1F43 : 00;
1F44 : 00;
1F45 : 00;
1F46 : 00;
1F47 : 00;
1F48 : 00;
1F49 : 00;
1F4A : 00;
1F4B : 00;
1F4C : 00;
1F4D : 00;
1F4E : 00;
1F4F : 00;
1F50 : 00;
1F51 : 00;
1F52 : 00;
1F53 : 00;
1F54 : 00;
1F55 : 00;
1F56 : 00;
1F57 : 00;
1F58 : 00;
1F59 : 00;
1F5A : 00;
1F5B : 00;
1F5C : 00;
1F5D : 00;
1F5E : 00;
1F5F : 00;
1F60 : 00;
1F61 : 00;
1F62 : 00;
1F63 : 00;
1F64 : 00;
1F65 : 00;
1F66 : 00;
1F67 : 00;
1F68 : 00;
1F69 : 00;
1F6A : 00;
1F6B : 00;
1F6C : 00;
1F6D : 00;
1F6E : 00;
1F6F : 00;
1F70 : 00;
1F71 : 00;
1F72 : 00;
1F73 : 00;
1F74 : 00;
1F75 : 00;
1F76 : 00;
1F77 : 00;
1F78 : 00;
1F79 : 00;
1F7A : 00;
1F7B : 00;
1F7C : 00;
1F7D : 00;
1F7E : 00;
1F7F : 00;
1F80 : 00;
1F81 : 00;
1F82 : 00;
1F83 : 00;
1F84 : 00;
1F85 : 00;
1F86 : 00;
1F87 : 00;
1F88 : 00;
1F89 : 00;
1F8A : 00;
1F8B : 00;
1F8C : 00;
1F8D : 00;
1F8E : 00;
1F8F : 00;
1F90 : 00;
1F91 : 00;
1F92 : 00;
1F93 : 00;
1F94 : 00;
1F95 : 00;
1F96 : 00;
1F97 : 00;
1F98 : 00;
1F99 : 00;
1F9A : 00;
1F9B : 00;
1F9C : 00;
1F9D : 00;
1F9E : 00;
1F9F : 00;
1FA0 : 00;
1FA1 : 00;
1FA2 : 00;
1FA3 : 00;
1FA4 : 00;
1FA5 : 00;
1FA6 : 00;
1FA7 : 00;
1FA8 : 00;
1FA9 : 00;
1FAA : 00;
1FAB : 00;
1FAC : 00;
1FAD : 00;
1FAE : 00;
1FAF : 00;
1FB0 : 00;
1FB1 : 00;
1FB2 : 00;
1FB3 : 00;
1FB4 : 00;
1FB5 : 00;
1FB6 : 00;
1FB7 : 00;
1FB8 : 00;
1FB9 : 00;
1FBA : 00;
1FBB : 00;
1FBC : 00;
1FBD : 00;
1FBE : 00;
1FBF : 00;
1FC0 : 00;
1FC1 : 00;
1FC2 : 00;
1FC3 : 00;
1FC4 : 00;
1FC5 : 00;
1FC6 : 00;
1FC7 : 00;
1FC8 : 00;
1FC9 : 00;
1FCA : 00;
1FCB : 00;
1FCC : 00;
1FCD : 00;
1FCE : 00;
1FCF : 00;
1FD0 : 00;
1FD1 : 00;
1FD2 : 00;
1FD3 : 00;
1FD4 : 00;
1FD5 : 00;
1FD6 : 00;
1FD7 : 00;
1FD8 : 00;
1FD9 : 00;
1FDA : 00;
1FDB : 00;
1FDC : 00;
1FDD : 00;
1FDE : 00;
1FDF : 00;
1FE0 : 00;
1FE1 : 00;
1FE2 : 00;
1FE3 : 00;
1FE4 : 00;
1FE5 : 00;
1FE6 : 00;
1FE7 : 00;
1FE8 : 00;
1FE9 : 00;
1FEA : 00;
1FEB : 00;
1FEC : 00;
1FED : 00;
1FEE : 00;
1FEF : 00;
1FF0 : 00;
1FF1 : 00;
1FF2 : 00;
1FF3 : 00;
1FF4 : 00;
1FF5 : 00;
1FF6 : 00;
1FF7 : 00;
1FF8 : 00;
1FF9 : 00;
1FFA : 00;
1FFB : 00;
1FFC : 00;
1FFD : 00;
1FFE : 00;
1FFF : 00;
2000 : 00;
2001 : 00;
2002 : 00;
2003 : 00;
2004 : 00;
2005 : 00;
2006 : 00;
2007 : 00;
2008 : 00;
2009 : 00;
200A : 00;
200B : 00;
200C : 00;
200D : 00;
200E : 00;
200F : 00;
2010 : 00;
2011 : 00;
2012 : 00;
2013 : 00;
2014 : 00;
2015 : 00;
2016 : 00;
2017 : 00;
2018 : 00;
2019 : 00;
201A : 00;
201B : 00;
201C : 00;
201D : 00;
201E : 00;
201F : 00;
2020 : 00;
2021 : 00;
2022 : 00;
2023 : 00;
2024 : 00;
2025 : 00;
2026 : 00;
2027 : 00;
2028 : 00;
2029 : 00;
202A : 00;
202B : 00;
202C : 00;
202D : 00;
202E : 00;
202F : 00;
2030 : 00;
2031 : 00;
2032 : 00;
2033 : 00;
2034 : 00;
2035 : 00;
2036 : 00;
2037 : 00;
2038 : 00;
2039 : 00;
203A : 00;
203B : 00;
203C : 00;
203D : 00;
203E : 00;
203F : 00;
2040 : 00;
2041 : 00;
2042 : 00;
2043 : 00;
2044 : 00;
2045 : 00;
2046 : 00;
2047 : 00;
2048 : 00;
2049 : 00;
204A : 00;
204B : 00;
204C : 00;
204D : 00;
204E : 00;
204F : 00;
2050 : 00;
2051 : 00;
2052 : 00;
2053 : 00;
2054 : 00;
2055 : 00;
2056 : 00;
2057 : 00;
2058 : 00;
2059 : 00;
205A : 00;
205B : 00;
205C : 00;
205D : 00;
205E : 00;
205F : 00;
2060 : 00;
2061 : 00;
2062 : 00;
2063 : 00;
2064 : 00;
2065 : 00;
2066 : 00;
2067 : 00;
2068 : 00;
2069 : 00;
206A : 00;
206B : 00;
206C : 00;
206D : 00;
206E : 00;
206F : 00;
2070 : 00;
2071 : 00;
2072 : 00;
2073 : 00;
2074 : 00;
2075 : 00;
2076 : 00;
2077 : 00;
2078 : 00;
2079 : 00;
207A : 00;
207B : 00;
207C : 00;
207D : 00;
207E : 00;
207F : 00;
2080 : 00;
2081 : 00;
2082 : 00;
2083 : 00;
2084 : 00;
2085 : 00;
2086 : 00;
2087 : 00;
2088 : 00;
2089 : 00;
208A : 00;
208B : 00;
208C : 00;
208D : 00;
208E : 00;
208F : 00;
2090 : 00;
2091 : 00;
2092 : 00;
2093 : 00;
2094 : 00;
2095 : 00;
2096 : 00;
2097 : 00;
2098 : 00;
2099 : 00;
209A : 00;
209B : 00;
209C : 00;
209D : 00;
209E : 00;
209F : 00;
20A0 : 00;
20A1 : 00;
20A2 : 00;
20A3 : 00;
20A4 : 00;
20A5 : 00;
20A6 : 00;
20A7 : 00;
20A8 : 00;
20A9 : 00;
20AA : 00;
20AB : 00;
20AC : 00;
20AD : 00;
20AE : 00;
20AF : 00;
20B0 : 00;
20B1 : 00;
20B2 : 00;
20B3 : 00;
20B4 : 00;
20B5 : 00;
20B6 : 00;
20B7 : 00;
20B8 : 00;
20B9 : 00;
20BA : 00;
20BB : 00;
20BC : 00;
20BD : 00;
20BE : 00;
20BF : 00;
20C0 : 00;
20C1 : 00;
20C2 : 00;
20C3 : 00;
20C4 : 00;
20C5 : 00;
20C6 : 00;
20C7 : 00;
20C8 : 00;
20C9 : 00;
20CA : 00;
20CB : 00;
20CC : 00;
20CD : 00;
20CE : 00;
20CF : 00;
20D0 : 00;
20D1 : 00;
20D2 : 00;
20D3 : 00;
20D4 : 00;
20D5 : 00;
20D6 : 00;
20D7 : 00;
20D8 : 00;
20D9 : 00;
20DA : 00;
20DB : 00;
20DC : 00;
20DD : 00;
20DE : 00;
20DF : 00;
20E0 : 00;
20E1 : 00;
20E2 : 00;
20E3 : 00;
20E4 : 00;
20E5 : 00;
20E6 : 00;
20E7 : 00;
20E8 : 00;
20E9 : 00;
20EA : 00;
20EB : 00;
20EC : 00;
20ED : 00;
20EE : 00;
20EF : 00;
20F0 : 00;
20F1 : 00;
20F2 : 00;
20F3 : 00;
20F4 : 00;
20F5 : 00;
20F6 : 00;
20F7 : 00;
20F8 : 00;
20F9 : 00;
20FA : 00;
20FB : 00;
20FC : 00;
20FD : 00;
20FE : 00;
20FF : 00;
2100 : 00;
2101 : 00;
2102 : 00;
2103 : 00;
2104 : 00;
2105 : 00;
2106 : 00;
2107 : 00;
2108 : 00;
2109 : 00;
210A : 00;
210B : 00;
210C : 00;
210D : 00;
210E : 00;
210F : 00;
2110 : 00;
2111 : 00;
2112 : 00;
2113 : 00;
2114 : 00;
2115 : 00;
2116 : 00;
2117 : 00;
2118 : 00;
2119 : 00;
211A : 00;
211B : 00;
211C : 00;
211D : 00;
211E : 00;
211F : 00;
2120 : 00;
2121 : 00;
2122 : 00;
2123 : 00;
2124 : 00;
2125 : 00;
2126 : 00;
2127 : 00;
2128 : 00;
2129 : 00;
212A : 00;
212B : 00;
212C : 00;
212D : 00;
212E : 00;
212F : 00;
2130 : 00;
2131 : 00;
2132 : 00;
2133 : 00;
2134 : 00;
2135 : 00;
2136 : 00;
2137 : 00;
2138 : 00;
2139 : 00;
213A : 00;
213B : 00;
213C : 00;
213D : 00;
213E : 00;
213F : 00;
2140 : 00;
2141 : 00;
2142 : 00;
2143 : 00;
2144 : 00;
2145 : 00;
2146 : 00;
2147 : 00;
2148 : 00;
2149 : 00;
214A : 00;
214B : 00;
214C : 00;
214D : 00;
214E : 00;
214F : 00;
2150 : 00;
2151 : 00;
2152 : 00;
2153 : 00;
2154 : 00;
2155 : 00;
2156 : 00;
2157 : 00;
2158 : 00;
2159 : 00;
215A : 00;
215B : 00;
215C : 00;
215D : 00;
215E : 00;
215F : 00;
2160 : 00;
2161 : 00;
2162 : 00;
2163 : 00;
2164 : 00;
2165 : 00;
2166 : 00;
2167 : 00;
2168 : 00;
2169 : 00;
216A : 00;
216B : 00;
216C : 00;
216D : 00;
216E : 00;
216F : 00;
2170 : 00;
2171 : 00;
2172 : 00;
2173 : 00;
2174 : 00;
2175 : 00;
2176 : 00;
2177 : 00;
2178 : 00;
2179 : 00;
217A : 00;
217B : 00;
217C : 00;
217D : 00;
217E : 00;
217F : 00;
2180 : 00;
2181 : 00;
2182 : 00;
2183 : 00;
2184 : 00;
2185 : 00;
2186 : 00;
2187 : 00;
2188 : 00;
2189 : 00;
218A : 00;
218B : 00;
218C : 00;
218D : 00;
218E : 00;
218F : 00;
2190 : 00;
2191 : 00;
2192 : 00;
2193 : 00;
2194 : 00;
2195 : 00;
2196 : 00;
2197 : 00;
2198 : 00;
2199 : 00;
219A : 00;
219B : 00;
219C : 00;
219D : 00;
219E : 00;
219F : 00;
21A0 : 00;
21A1 : 00;
21A2 : 00;
21A3 : 00;
21A4 : 00;
21A5 : 00;
21A6 : 00;
21A7 : 00;
21A8 : 00;
21A9 : 00;
21AA : 00;
21AB : 00;
21AC : 00;
21AD : 00;
21AE : 00;
21AF : 00;
21B0 : 00;
21B1 : 00;
21B2 : 00;
21B3 : 00;
21B4 : 00;
21B5 : 00;
21B6 : 00;
21B7 : 00;
21B8 : 00;
21B9 : 00;
21BA : 00;
21BB : 00;
21BC : 00;
21BD : 00;
21BE : 00;
21BF : 00;
21C0 : 00;
21C1 : 00;
21C2 : 00;
21C3 : 00;
21C4 : 00;
21C5 : 00;
21C6 : 00;
21C7 : 00;
21C8 : 00;
21C9 : 00;
21CA : 00;
21CB : 00;
21CC : 00;
21CD : 00;
21CE : 00;
21CF : 00;
21D0 : 00;
21D1 : 00;
21D2 : 00;
21D3 : 00;
21D4 : 00;
21D5 : 00;
21D6 : 00;
21D7 : 00;
21D8 : 00;
21D9 : 00;
21DA : 00;
21DB : 00;
21DC : 00;
21DD : 00;
21DE : 00;
21DF : 00;
21E0 : 00;
21E1 : 00;
21E2 : 00;
21E3 : 00;
21E4 : 00;
21E5 : 00;
21E6 : 00;
21E7 : 00;
21E8 : 00;
21E9 : 00;
21EA : 00;
21EB : 00;
21EC : 00;
21ED : 00;
21EE : 00;
21EF : 00;
21F0 : 00;
21F1 : 00;
21F2 : 00;
21F3 : 00;
21F4 : 00;
21F5 : 00;
21F6 : 00;
21F7 : 00;
21F8 : 00;
21F9 : 00;
21FA : 00;
21FB : 00;
21FC : 00;
21FD : 00;
21FE : 00;
21FF : 00;
2200 : 00;
2201 : 00;
2202 : 00;
2203 : 00;
2204 : 00;
2205 : 00;
2206 : 00;
2207 : 00;
2208 : 00;
2209 : 00;
220A : 00;
220B : 00;
220C : 00;
220D : 00;
220E : 00;
220F : 00;
2210 : 00;
2211 : 00;
2212 : 00;
2213 : 00;
2214 : 00;
2215 : 00;
2216 : 00;
2217 : 00;
2218 : 00;
2219 : 00;
221A : 00;
221B : 00;
221C : 00;
221D : 00;
221E : 00;
221F : 00;
2220 : 00;
2221 : 00;
2222 : 00;
2223 : 00;
2224 : 00;
2225 : 00;
2226 : 00;
2227 : 00;
2228 : 00;
2229 : 00;
222A : 00;
222B : 00;
222C : 00;
222D : 00;
222E : 00;
222F : 00;
2230 : 00;
2231 : 00;
2232 : 00;
2233 : 00;
2234 : 00;
2235 : 00;
2236 : 00;
2237 : 00;
2238 : 00;
2239 : 00;
223A : 00;
223B : 00;
223C : 00;
223D : 00;
223E : 00;
223F : 00;
2240 : 00;
2241 : 00;
2242 : 00;
2243 : 00;
2244 : 00;
2245 : 00;
2246 : 00;
2247 : 00;
2248 : 00;
2249 : 00;
224A : 00;
224B : 00;
224C : 00;
224D : 00;
224E : 00;
224F : 00;
2250 : 00;
2251 : 00;
2252 : 00;
2253 : 00;
2254 : 00;
2255 : 00;
2256 : 00;
2257 : 00;
2258 : 00;
2259 : 00;
225A : 00;
225B : 00;
225C : 00;
225D : 00;
225E : 00;
225F : 00;
2260 : 00;
2261 : 00;
2262 : 00;
2263 : 00;
2264 : 00;
2265 : 00;
2266 : 00;
2267 : 00;
2268 : 00;
2269 : 00;
226A : 00;
226B : 00;
226C : 00;
226D : 00;
226E : 00;
226F : 00;
2270 : 00;
2271 : 00;
2272 : 00;
2273 : 00;
2274 : 00;
2275 : 00;
2276 : 00;
2277 : 00;
2278 : 00;
2279 : 00;
227A : 00;
227B : 00;
227C : 00;
227D : 00;
227E : 00;
227F : 00;
2280 : 00;
2281 : 00;
2282 : 00;
2283 : 00;
2284 : 00;
2285 : 00;
2286 : 00;
2287 : 00;
2288 : 00;
2289 : 00;
228A : 00;
228B : 00;
228C : 00;
228D : 00;
228E : 00;
228F : 00;
2290 : 00;
2291 : 00;
2292 : 00;
2293 : 00;
2294 : 00;
2295 : 00;
2296 : 00;
2297 : 00;
2298 : 00;
2299 : 00;
229A : 00;
229B : 00;
229C : 00;
229D : 00;
229E : 00;
229F : 00;
22A0 : 00;
22A1 : 00;
22A2 : 00;
22A3 : 00;
22A4 : 00;
22A5 : 00;
22A6 : 00;
22A7 : 00;
22A8 : 00;
22A9 : 00;
22AA : 00;
22AB : 00;
22AC : 00;
22AD : 00;
22AE : 00;
22AF : 00;
22B0 : 00;
22B1 : 00;
22B2 : 00;
22B3 : 00;
22B4 : 00;
22B5 : 00;
22B6 : 00;
22B7 : 00;
22B8 : 00;
22B9 : 00;
22BA : 00;
22BB : 00;
22BC : 00;
22BD : 00;
22BE : 00;
22BF : 00;
22C0 : 00;
22C1 : 00;
22C2 : 00;
22C3 : 00;
22C4 : 00;
22C5 : 00;
22C6 : 00;
22C7 : 00;
22C8 : 00;
22C9 : 00;
22CA : 00;
22CB : 00;
22CC : 00;
22CD : 00;
22CE : 00;
22CF : 00;
22D0 : 00;
22D1 : 00;
22D2 : 00;
22D3 : 00;
22D4 : 00;
22D5 : 00;
22D6 : 00;
22D7 : 00;
22D8 : 00;
22D9 : 00;
22DA : 00;
22DB : 00;
22DC : 00;
22DD : 00;
22DE : 00;
22DF : 00;
22E0 : 00;
22E1 : 00;
22E2 : 00;
22E3 : 00;
22E4 : 00;
22E5 : 00;
22E6 : 00;
22E7 : 00;
22E8 : 00;
22E9 : 00;
22EA : 00;
22EB : 00;
22EC : 00;
22ED : 00;
22EE : 00;
22EF : 00;
22F0 : 00;
22F1 : 00;
22F2 : 00;
22F3 : 00;
22F4 : 00;
22F5 : 00;
22F6 : 00;
22F7 : 00;
22F8 : 00;
22F9 : 00;
22FA : 00;
22FB : 00;
22FC : 00;
22FD : 00;
22FE : 00;
22FF : 00;
2300 : 00;
2301 : 00;
2302 : 00;
2303 : 00;
2304 : 00;
2305 : 00;
2306 : 00;
2307 : 00;
2308 : 00;
2309 : 00;
230A : 00;
230B : 00;
230C : 00;
230D : 00;
230E : 00;
230F : 00;
2310 : 00;
2311 : 00;
2312 : 00;
2313 : 00;
2314 : 00;
2315 : 00;
2316 : 00;
2317 : 00;
2318 : 00;
2319 : 00;
231A : 00;
231B : 00;
231C : 00;
231D : 00;
231E : 00;
231F : 00;
2320 : 00;
2321 : 00;
2322 : 00;
2323 : 00;
2324 : 00;
2325 : 00;
2326 : 00;
2327 : 00;
2328 : 00;
2329 : 00;
232A : 00;
232B : 00;
232C : 00;
232D : 00;
232E : 00;
232F : 00;
2330 : 00;
2331 : 00;
2332 : 00;
2333 : 00;
2334 : 00;
2335 : 00;
2336 : 00;
2337 : 00;
2338 : 00;
2339 : 00;
233A : 00;
233B : 00;
233C : 00;
233D : 00;
233E : 00;
233F : 00;
2340 : 00;
2341 : 00;
2342 : 00;
2343 : 00;
2344 : 00;
2345 : 00;
2346 : 00;
2347 : 00;
2348 : 00;
2349 : 00;
234A : 00;
234B : 00;
234C : 00;
234D : 00;
234E : 00;
234F : 00;
2350 : 00;
2351 : 00;
2352 : 00;
2353 : 00;
2354 : 00;
2355 : 00;
2356 : 00;
2357 : 00;
2358 : 00;
2359 : 00;
235A : 00;
235B : 00;
235C : 00;
235D : 00;
235E : 00;
235F : 00;
2360 : 00;
2361 : 00;
2362 : 00;
2363 : 00;
2364 : 00;
2365 : 00;
2366 : 00;
2367 : 00;
2368 : 00;
2369 : 00;
236A : 00;
236B : 00;
236C : 00;
236D : 00;
236E : 00;
236F : 00;
2370 : 00;
2371 : 00;
2372 : 00;
2373 : 00;
2374 : 00;
2375 : 00;
2376 : 00;
2377 : 00;
2378 : 00;
2379 : 00;
237A : 00;
237B : 00;
237C : 00;
237D : 00;
237E : 00;
237F : 00;
2380 : 00;
2381 : 00;
2382 : 00;
2383 : 00;
2384 : 00;
2385 : 00;
2386 : 00;
2387 : 00;
2388 : 00;
2389 : 00;
238A : 00;
238B : 00;
238C : 00;
238D : 00;
238E : 00;
238F : 00;
2390 : 00;
2391 : 00;
2392 : 00;
2393 : 00;
2394 : 00;
2395 : 00;
2396 : 00;
2397 : 00;
2398 : 00;
2399 : 00;
239A : 00;
239B : 00;
239C : 00;
239D : 00;
239E : 00;
239F : 00;
23A0 : 00;
23A1 : 00;
23A2 : 00;
23A3 : 00;
23A4 : 00;
23A5 : 00;
23A6 : 00;
23A7 : 00;
23A8 : 00;
23A9 : 00;
23AA : 00;
23AB : 00;
23AC : 00;
23AD : 00;
23AE : 00;
23AF : 00;
23B0 : 00;
23B1 : 00;
23B2 : 00;
23B3 : 00;
23B4 : 00;
23B5 : 00;
23B6 : 00;
23B7 : 00;
23B8 : 00;
23B9 : 00;
23BA : 00;
23BB : 00;
23BC : 00;
23BD : 00;
23BE : 00;
23BF : 00;
23C0 : 00;
23C1 : 00;
23C2 : 00;
23C3 : 00;
23C4 : 00;
23C5 : 00;
23C6 : 00;
23C7 : 00;
23C8 : 00;
23C9 : 00;
23CA : 00;
23CB : 00;
23CC : 00;
23CD : 00;
23CE : 00;
23CF : 00;
23D0 : 00;
23D1 : 00;
23D2 : 00;
23D3 : 00;
23D4 : 00;
23D5 : 00;
23D6 : 00;
23D7 : 00;
23D8 : 00;
23D9 : 00;
23DA : 00;
23DB : 00;
23DC : 00;
23DD : 00;
23DE : 00;
23DF : 00;
23E0 : 00;
23E1 : 00;
23E2 : 00;
23E3 : 00;
23E4 : 00;
23E5 : 00;
23E6 : 00;
23E7 : 00;
23E8 : 00;
23E9 : 00;
23EA : 00;
23EB : 00;
23EC : 00;
23ED : 00;
23EE : 00;
23EF : 00;
23F0 : 00;
23F1 : 00;
23F2 : 00;
23F3 : 00;
23F4 : 00;
23F5 : 00;
23F6 : 00;
23F7 : 00;
23F8 : 00;
23F9 : 00;
23FA : 00;
23FB : 00;
23FC : 00;
23FD : 00;
23FE : 00;
23FF : 00;
2400 : 00;
2401 : 00;
2402 : 00;
2403 : 00;
2404 : 00;
2405 : 00;
2406 : 00;
2407 : 00;
2408 : 00;
2409 : 00;
240A : 00;
240B : 00;
240C : 00;
240D : 00;
240E : 00;
240F : 00;
2410 : 00;
2411 : 00;
2412 : 00;
2413 : 00;
2414 : 00;
2415 : 00;
2416 : 00;
2417 : 00;
2418 : 00;
2419 : 00;
241A : 00;
241B : 00;
241C : 00;
241D : 00;
241E : 00;
241F : 00;
2420 : 00;
2421 : 00;
2422 : 00;
2423 : 00;
2424 : 00;
2425 : 00;
2426 : 00;
2427 : 00;
2428 : 00;
2429 : 00;
242A : 00;
242B : 00;
242C : 00;
242D : 00;
242E : 00;
242F : 00;
2430 : 00;
2431 : 00;
2432 : 00;
2433 : 00;
2434 : 00;
2435 : 00;
2436 : 00;
2437 : 00;
2438 : 00;
2439 : 00;
243A : 00;
243B : 00;
243C : 00;
243D : 00;
243E : 00;
243F : 00;
2440 : 00;
2441 : 00;
2442 : 00;
2443 : 00;
2444 : 00;
2445 : 00;
2446 : 00;
2447 : 00;
2448 : 00;
2449 : 00;
244A : 00;
244B : 00;
244C : 00;
244D : 00;
244E : 00;
244F : 00;
2450 : 00;
2451 : 00;
2452 : 00;
2453 : 00;
2454 : 00;
2455 : 00;
2456 : 00;
2457 : 00;
2458 : 00;
2459 : 00;
245A : 00;
245B : 00;
245C : 00;
245D : 00;
245E : 00;
245F : 00;
2460 : 00;
2461 : 00;
2462 : 00;
2463 : 00;
2464 : 00;
2465 : 00;
2466 : 00;
2467 : 00;
2468 : 00;
2469 : 00;
246A : 00;
246B : 00;
246C : 00;
246D : 00;
246E : 00;
246F : 00;
2470 : 00;
2471 : 00;
2472 : 00;
2473 : 00;
2474 : 00;
2475 : 00;
2476 : 00;
2477 : 00;
2478 : 00;
2479 : 00;
247A : 00;
247B : 00;
247C : 00;
247D : 00;
247E : 00;
247F : 00;
2480 : 00;
2481 : 00;
2482 : 00;
2483 : 00;
2484 : 00;
2485 : 00;
2486 : 00;
2487 : 00;
2488 : 00;
2489 : 00;
248A : 00;
248B : 00;
248C : 00;
248D : 00;
248E : 00;
248F : 00;
2490 : 00;
2491 : 00;
2492 : 00;
2493 : 00;
2494 : 00;
2495 : 00;
2496 : 00;
2497 : 00;
2498 : 00;
2499 : 00;
249A : 00;
249B : 00;
249C : 00;
249D : 00;
249E : 00;
249F : 00;
24A0 : 00;
24A1 : 00;
24A2 : 00;
24A3 : 00;
24A4 : 00;
24A5 : 00;
24A6 : 00;
24A7 : 00;
24A8 : 00;
24A9 : 00;
24AA : 00;
24AB : 00;
24AC : 00;
24AD : 00;
24AE : 00;
24AF : 00;
24B0 : 00;
24B1 : 00;
24B2 : 00;
24B3 : 00;
24B4 : 00;
24B5 : 00;
24B6 : 00;
24B7 : 00;
24B8 : 00;
24B9 : 00;
24BA : 00;
24BB : 00;
24BC : 00;
24BD : 00;
24BE : 00;
24BF : 00;
24C0 : 00;
24C1 : 00;
24C2 : 00;
24C3 : 00;
24C4 : 00;
24C5 : 00;
24C6 : 00;
24C7 : 00;
24C8 : 00;
24C9 : 00;
24CA : 00;
24CB : 00;
24CC : 00;
24CD : 00;
24CE : 00;
24CF : 00;
24D0 : 00;
24D1 : 00;
24D2 : 00;
24D3 : 00;
24D4 : 00;
24D5 : 00;
24D6 : 00;
24D7 : 00;
24D8 : 00;
24D9 : 00;
24DA : 00;
24DB : 00;
24DC : 00;
24DD : 00;
24DE : 00;
24DF : 00;
24E0 : 00;
24E1 : 00;
24E2 : 00;
24E3 : 00;
24E4 : 00;
24E5 : 00;
24E6 : 00;
24E7 : 00;
24E8 : 00;
24E9 : 00;
24EA : 00;
24EB : 00;
24EC : 00;
24ED : 00;
24EE : 00;
24EF : 00;
24F0 : 00;
24F1 : 00;
24F2 : 00;
24F3 : 00;
24F4 : 00;
24F5 : 00;
24F6 : 00;
24F7 : 00;
24F8 : 00;
24F9 : 00;
24FA : 00;
24FB : 00;
24FC : 00;
24FD : 00;
24FE : 00;
24FF : 00;
2500 : 00;
2501 : 00;
2502 : 00;
2503 : 00;
2504 : 00;
2505 : 00;
2506 : 00;
2507 : 00;
2508 : 00;
2509 : 00;
250A : 00;
250B : 00;
250C : 00;
250D : 00;
250E : 00;
250F : 00;
2510 : 00;
2511 : 00;
2512 : 00;
2513 : 00;
2514 : 00;
2515 : 00;
2516 : 00;
2517 : 00;
2518 : 00;
2519 : 00;
251A : 00;
251B : 00;
251C : 00;
251D : 00;
251E : 00;
251F : 00;
2520 : 00;
2521 : 00;
2522 : 00;
2523 : 00;
2524 : 00;
2525 : 00;
2526 : 00;
2527 : 00;
2528 : 00;
2529 : 00;
252A : 00;
252B : 00;
252C : 00;
252D : 00;
252E : 00;
252F : 00;
2530 : 00;
2531 : 00;
2532 : 00;
2533 : 00;
2534 : 00;
2535 : 00;
2536 : 00;
2537 : 00;
2538 : 00;
2539 : 00;
253A : 00;
253B : 00;
253C : 00;
253D : 00;
253E : 00;
253F : 00;
2540 : 00;
2541 : 00;
2542 : 00;
2543 : 00;
2544 : 00;
2545 : 00;
2546 : 00;
2547 : 00;
2548 : 00;
2549 : 00;
254A : 00;
254B : 00;
254C : 00;
254D : 00;
254E : 00;
254F : 00;
2550 : 00;
2551 : 00;
2552 : 00;
2553 : 00;
2554 : 00;
2555 : 00;
2556 : 00;
2557 : 00;
2558 : 00;
2559 : 00;
255A : 00;
255B : 00;
255C : 00;
255D : 00;
255E : 00;
255F : 00;
2560 : 00;
2561 : 00;
2562 : 00;
2563 : 00;
2564 : 00;
2565 : 00;
2566 : 00;
2567 : 00;
2568 : 00;
2569 : 00;
256A : 00;
256B : 00;
256C : 00;
256D : 00;
256E : 00;
256F : 00;
2570 : 00;
2571 : 00;
2572 : 00;
2573 : 00;
2574 : 00;
2575 : 00;
2576 : 00;
2577 : 00;
2578 : 00;
2579 : 00;
257A : 00;
257B : 00;
257C : 00;
257D : 00;
257E : 00;
257F : 00;
2580 : 00;
2581 : 00;
2582 : 00;
2583 : 00;
2584 : 00;
2585 : 00;
2586 : 00;
2587 : 00;
2588 : 00;
2589 : 00;
258A : 00;
258B : 00;
258C : 00;
258D : 00;
258E : 00;
258F : 00;
2590 : 00;
2591 : 00;
2592 : 00;
2593 : 00;
2594 : 00;
2595 : 00;
2596 : 00;
2597 : 00;
2598 : 00;
2599 : 00;
259A : 00;
259B : 00;
259C : 00;
259D : 00;
259E : 00;
259F : 00;
25A0 : 00;
25A1 : 00;
25A2 : 00;
25A3 : 00;
25A4 : 00;
25A5 : 00;
25A6 : 00;
25A7 : 00;
25A8 : 00;
25A9 : 00;
25AA : 00;
25AB : 00;
25AC : 00;
25AD : 00;
25AE : 00;
25AF : 00;
25B0 : 00;
25B1 : 00;
25B2 : 00;
25B3 : 00;
25B4 : 00;
25B5 : 00;
25B6 : 00;
25B7 : 00;
25B8 : 00;
25B9 : 00;
25BA : 00;
25BB : 00;
25BC : 00;
25BD : 00;
25BE : 00;
25BF : 00;
25C0 : 00;
25C1 : 00;
25C2 : 00;
25C3 : 00;
25C4 : 00;
25C5 : 00;
25C6 : 00;
25C7 : 00;
25C8 : 00;
25C9 : 00;
25CA : 00;
25CB : 00;
25CC : 00;
25CD : 00;
25CE : 00;
25CF : 00;
25D0 : 00;
25D1 : 00;
25D2 : 00;
25D3 : 00;
25D4 : 00;
25D5 : 00;
25D6 : 00;
25D7 : 00;
25D8 : 00;
25D9 : 00;
25DA : 00;
25DB : 00;
25DC : 00;
25DD : 00;
25DE : 00;
25DF : 00;
25E0 : 00;
25E1 : 00;
25E2 : 00;
25E3 : 00;
25E4 : 00;
25E5 : 00;
25E6 : 00;
25E7 : 00;
25E8 : 00;
25E9 : 00;
25EA : 00;
25EB : 00;
25EC : 00;
25ED : 00;
25EE : 00;
25EF : 00;
25F0 : 00;
25F1 : 00;
25F2 : 00;
25F3 : 00;
25F4 : 00;
25F5 : 00;
25F6 : 00;
25F7 : 00;
25F8 : 00;
25F9 : 00;
25FA : 00;
25FB : 00;
25FC : 00;
25FD : 00;
25FE : 00;
25FF : 00;
2600 : 00;
2601 : 00;
2602 : 00;
2603 : 00;
2604 : 00;
2605 : 00;
2606 : 00;
2607 : 00;
2608 : 00;
2609 : 00;
260A : 00;
260B : 00;
260C : 00;
260D : 00;
260E : 00;
260F : 00;
2610 : 00;
2611 : 00;
2612 : 00;
2613 : 00;
2614 : 00;
2615 : 00;
2616 : 00;
2617 : 00;
2618 : 00;
2619 : 00;
261A : 00;
261B : 00;
261C : 00;
261D : 00;
261E : 00;
261F : 00;
2620 : 00;
2621 : 00;
2622 : 00;
2623 : 00;
2624 : 00;
2625 : 00;
2626 : 00;
2627 : 00;
2628 : 00;
2629 : 00;
262A : 00;
262B : 00;
262C : 00;
262D : 00;
262E : 00;
262F : 00;
2630 : 00;
2631 : 00;
2632 : 00;
2633 : 00;
2634 : 00;
2635 : 00;
2636 : 00;
2637 : 00;
2638 : 00;
2639 : 00;
263A : 00;
263B : 00;
263C : 00;
263D : 00;
263E : 00;
263F : 00;
2640 : 00;
2641 : 00;
2642 : 00;
2643 : 00;
2644 : 00;
2645 : 00;
2646 : 00;
2647 : 00;
2648 : 00;
2649 : 00;
264A : 00;
264B : 00;
264C : 00;
264D : 00;
264E : 00;
264F : 00;
2650 : 00;
2651 : 00;
2652 : 00;
2653 : 00;
2654 : 00;
2655 : 00;
2656 : 00;
2657 : 00;
2658 : 00;
2659 : 00;
265A : 00;
265B : 00;
265C : 00;
265D : 00;
265E : 00;
265F : 00;
2660 : 00;
2661 : 00;
2662 : 00;
2663 : 00;
2664 : 00;
2665 : 00;
2666 : 00;
2667 : 00;
2668 : 00;
2669 : 00;
266A : 00;
266B : 00;
266C : 00;
266D : 00;
266E : 00;
266F : 00;
2670 : 00;
2671 : 00;
2672 : 00;
2673 : 00;
2674 : 00;
2675 : 00;
2676 : 00;
2677 : 00;
2678 : 00;
2679 : 00;
267A : 00;
267B : 00;
267C : 00;
267D : 00;
267E : 00;
267F : 00;
2680 : 00;
2681 : 00;
2682 : 00;
2683 : 00;
2684 : 00;
2685 : 00;
2686 : 00;
2687 : 00;
2688 : 00;
2689 : 00;
268A : 00;
268B : 00;
268C : 00;
268D : 00;
268E : 00;
268F : 00;
2690 : 00;
2691 : 00;
2692 : 00;
2693 : 00;
2694 : 00;
2695 : 00;
2696 : 00;
2697 : 00;
2698 : 00;
2699 : 00;
269A : 00;
269B : 00;
269C : 00;
269D : 00;
269E : 00;
269F : 00;
26A0 : 00;
26A1 : 00;
26A2 : 00;
26A3 : 00;
26A4 : 00;
26A5 : 00;
26A6 : 00;
26A7 : 00;
26A8 : 00;
26A9 : 00;
26AA : 00;
26AB : 00;
26AC : 00;
26AD : 00;
26AE : 00;
26AF : 00;
26B0 : 00;
26B1 : 00;
26B2 : 00;
26B3 : 00;
26B4 : 00;
26B5 : 00;
26B6 : 00;
26B7 : 00;
26B8 : 00;
26B9 : 00;
26BA : 00;
26BB : 00;
26BC : 00;
26BD : 00;
26BE : 00;
26BF : 00;
26C0 : 00;
26C1 : 00;
26C2 : 00;
26C3 : 00;
26C4 : 00;
26C5 : 00;
26C6 : 00;
26C7 : 00;
26C8 : 00;
26C9 : 00;
26CA : 00;
26CB : 00;
26CC : 00;
26CD : 00;
26CE : 00;
26CF : 00;
26D0 : 00;
26D1 : 00;
26D2 : 00;
26D3 : 00;
26D4 : 00;
26D5 : 00;
26D6 : 00;
26D7 : 00;
26D8 : 00;
26D9 : 00;
26DA : 00;
26DB : 00;
26DC : 00;
26DD : 00;
26DE : 00;
26DF : 00;
26E0 : 00;
26E1 : 00;
26E2 : 00;
26E3 : 00;
26E4 : 00;
26E5 : 00;
26E6 : 00;
26E7 : 00;
26E8 : 00;
26E9 : 00;
26EA : 00;
26EB : 00;
26EC : 00;
26ED : 00;
26EE : 00;
26EF : 00;
26F0 : 00;
26F1 : 00;
26F2 : 00;
26F3 : 00;
26F4 : 00;
26F5 : 00;
26F6 : 00;
26F7 : 00;
26F8 : 00;
26F9 : 00;
26FA : 00;
26FB : 00;
26FC : 00;
26FD : 00;
26FE : 00;
26FF : 00;
2700 : 00;
2701 : 00;
2702 : 00;
2703 : 00;
2704 : 00;
2705 : 00;
2706 : 00;
2707 : 00;
2708 : 00;
2709 : 00;
270A : 00;
270B : 00;
270C : 00;
270D : 00;
270E : 00;
270F : 00;
2710 : 00;
2711 : 00;
2712 : 00;
2713 : 00;
2714 : 00;
2715 : 00;
2716 : 00;
2717 : 00;
2718 : 00;
2719 : 00;
271A : 00;
271B : 00;
271C : 00;
271D : 00;
271E : 00;
271F : 00;
2720 : 00;
2721 : 00;
2722 : 00;
2723 : 00;
2724 : 00;
2725 : 00;
2726 : 00;
2727 : 00;
2728 : 00;
2729 : 00;
272A : 00;
272B : 00;
272C : 00;
272D : 00;
272E : 00;
272F : 00;
2730 : 00;
2731 : 00;
2732 : 00;
2733 : 00;
2734 : 00;
2735 : 00;
2736 : 00;
2737 : 00;
2738 : 00;
2739 : 00;
273A : 00;
273B : 00;
273C : 00;
273D : 00;
273E : 00;
273F : 00;
2740 : 00;
2741 : 00;
2742 : 00;
2743 : 00;
2744 : 00;
2745 : 00;
2746 : 00;
2747 : 00;
2748 : 00;
2749 : 00;
274A : 00;
274B : 00;
274C : 00;
274D : 00;
274E : 00;
274F : 00;
2750 : 00;
2751 : 00;
2752 : 00;
2753 : 00;
2754 : 00;
2755 : 00;
2756 : 00;
2757 : 00;
2758 : 00;
2759 : 00;
275A : 00;
275B : 00;
275C : 00;
275D : 00;
275E : 00;
275F : 00;
2760 : 00;
2761 : 00;
2762 : 00;
2763 : 00;
2764 : 00;
2765 : 00;
2766 : 00;
2767 : 00;
2768 : 00;
2769 : 00;
276A : 00;
276B : 00;
276C : 00;
276D : 00;
276E : 00;
276F : 00;
2770 : 00;
2771 : 00;
2772 : 00;
2773 : 00;
2774 : 00;
2775 : 00;
2776 : 00;
2777 : 00;
2778 : 00;
2779 : 00;
277A : 00;
277B : 00;
277C : 00;
277D : 00;
277E : 00;
277F : 00;
2780 : 00;
2781 : 00;
2782 : 00;
2783 : 00;
2784 : 00;
2785 : 00;
2786 : 00;
2787 : 00;
2788 : 00;
2789 : 00;
278A : 00;
278B : 00;
278C : 00;
278D : 00;
278E : 00;
278F : 00;
2790 : 00;
2791 : 00;
2792 : 00;
2793 : 00;
2794 : 00;
2795 : 00;
2796 : 00;
2797 : 00;
2798 : 00;
2799 : 00;
279A : 00;
279B : 00;
279C : 00;
279D : 00;
279E : 00;
279F : 00;
27A0 : 00;
27A1 : 00;
27A2 : 00;
27A3 : 00;
27A4 : 00;
27A5 : 00;
27A6 : 00;
27A7 : 00;
27A8 : 00;
27A9 : 00;
27AA : 00;
27AB : 00;
27AC : 00;
27AD : 00;
27AE : 00;
27AF : 00;
27B0 : 00;
27B1 : 00;
27B2 : 00;
27B3 : 00;
27B4 : 00;
27B5 : 00;
27B6 : 00;
27B7 : 00;
27B8 : 00;
27B9 : 00;
27BA : 00;
27BB : 00;
27BC : 00;
27BD : 00;
27BE : 00;
27BF : 00;
27C0 : 00;
27C1 : 00;
27C2 : 00;
27C3 : 00;
27C4 : 00;
27C5 : 00;
27C6 : 00;
27C7 : 00;
27C8 : 00;
27C9 : 00;
27CA : 00;
27CB : 00;
27CC : 00;
27CD : 00;
27CE : 00;
27CF : 00;
27D0 : 00;
27D1 : 00;
27D2 : 00;
27D3 : 00;
27D4 : 00;
27D5 : 00;
27D6 : 00;
27D7 : 00;
27D8 : 00;
27D9 : 00;
27DA : 00;
27DB : 00;
27DC : 00;
27DD : 00;
27DE : 00;
27DF : 00;
27E0 : 00;
27E1 : 00;
27E2 : 00;
27E3 : 00;
27E4 : 00;
27E5 : 00;
27E6 : 00;
27E7 : 00;
27E8 : 00;
27E9 : 00;
27EA : 00;
27EB : 00;
27EC : 00;
27ED : 00;
27EE : 00;
27EF : 00;
27F0 : 00;
27F1 : 00;
27F2 : 00;
27F3 : 00;
27F4 : 00;
27F5 : 00;
27F6 : 00;
27F7 : 00;
27F8 : 00;
27F9 : 00;
27FA : 00;
27FB : 00;
27FC : 00;
27FD : 00;
27FE : 00;
27FF : 00;
2800 : 00;
2801 : 00;
2802 : 00;
2803 : 00;
2804 : 00;
2805 : 00;
2806 : 00;
2807 : 00;
2808 : 00;
2809 : 00;
280A : 00;
280B : 00;
280C : 00;
280D : 00;
280E : 00;
280F : 00;
2810 : 00;
2811 : 00;
2812 : 00;
2813 : 00;
2814 : 00;
2815 : 00;
2816 : 00;
2817 : 00;
2818 : 00;
2819 : 00;
281A : 00;
281B : 00;
281C : 00;
281D : 00;
281E : 00;
281F : 00;
2820 : 00;
2821 : 00;
2822 : 00;
2823 : 00;
2824 : 00;
2825 : 00;
2826 : 00;
2827 : 00;
2828 : 00;
2829 : 00;
282A : 00;
282B : 00;
282C : 00;
282D : 00;
282E : 00;
282F : 00;
2830 : 00;
2831 : 00;
2832 : 00;
2833 : 00;
2834 : 00;
2835 : 00;
2836 : 00;
2837 : 00;
2838 : 00;
2839 : 00;
283A : 00;
283B : 00;
283C : 00;
283D : 00;
283E : 00;
283F : 00;
2840 : 00;
2841 : 00;
2842 : 00;
2843 : 00;
2844 : 00;
2845 : 00;
2846 : 00;
2847 : 00;
2848 : 00;
2849 : 00;
284A : 00;
284B : 00;
284C : 00;
284D : 00;
284E : 00;
284F : 00;
2850 : 00;
2851 : 00;
2852 : 00;
2853 : 00;
2854 : 00;
2855 : 00;
2856 : 00;
2857 : 00;
2858 : 00;
2859 : 00;
285A : 00;
285B : 00;
285C : 00;
285D : 00;
285E : 00;
285F : 00;
2860 : 00;
2861 : 00;
2862 : 00;
2863 : 00;
2864 : 00;
2865 : 00;
2866 : 00;
2867 : 00;
2868 : 00;
2869 : 00;
286A : 00;
286B : 00;
286C : 00;
286D : 00;
286E : 00;
286F : 00;
2870 : 00;
2871 : 00;
2872 : 00;
2873 : 00;
2874 : 00;
2875 : 00;
2876 : 00;
2877 : 00;
2878 : 00;
2879 : 00;
287A : 00;
287B : 00;
287C : 00;
287D : 00;
287E : 00;
287F : 00;
2880 : 00;
2881 : 00;
2882 : 00;
2883 : 00;
2884 : 00;
2885 : 00;
2886 : 00;
2887 : 00;
2888 : 00;
2889 : 00;
288A : 00;
288B : 00;
288C : 00;
288D : 00;
288E : 00;
288F : 00;
2890 : 00;
2891 : 00;
2892 : 00;
2893 : 00;
2894 : 00;
2895 : 00;
2896 : 00;
2897 : 00;
2898 : 00;
2899 : 00;
289A : 00;
289B : 00;
289C : 00;
289D : 00;
289E : 00;
289F : 00;
28A0 : 00;
28A1 : 00;
28A2 : 00;
28A3 : 00;
28A4 : 00;
28A5 : 00;
28A6 : 00;
28A7 : 00;
28A8 : 00;
28A9 : 00;
28AA : 00;
28AB : 00;
28AC : 00;
28AD : 00;
28AE : 00;
28AF : 00;
28B0 : 00;
28B1 : 00;
28B2 : 00;
28B3 : 00;
28B4 : 00;
28B5 : 00;
28B6 : 00;
28B7 : 00;
28B8 : 00;
28B9 : 00;
28BA : 00;
28BB : 00;
28BC : 00;
28BD : 00;
28BE : 00;
28BF : 00;
28C0 : 00;
28C1 : 00;
28C2 : 00;
28C3 : 00;
28C4 : 00;
28C5 : 00;
28C6 : 00;
28C7 : 00;
28C8 : 00;
28C9 : 00;
28CA : 00;
28CB : 00;
28CC : 00;
28CD : 00;
28CE : 00;
28CF : 00;
28D0 : 00;
28D1 : 00;
28D2 : 00;
28D3 : 00;
28D4 : 00;
28D5 : 00;
28D6 : 00;
28D7 : 00;
28D8 : 00;
28D9 : 00;
28DA : 00;
28DB : 00;
28DC : 00;
28DD : 00;
28DE : 00;
28DF : 00;
28E0 : 00;
28E1 : 00;
28E2 : 00;
28E3 : 00;
28E4 : 00;
28E5 : 00;
28E6 : 00;
28E7 : 00;
28E8 : 00;
28E9 : 00;
28EA : 00;
28EB : 00;
28EC : 00;
28ED : 00;
28EE : 00;
28EF : 00;
28F0 : 00;
28F1 : 00;
28F2 : 00;
28F3 : 00;
28F4 : 00;
28F5 : 00;
28F6 : 00;
28F7 : 00;
28F8 : 00;
28F9 : 00;
28FA : 00;
28FB : 00;
28FC : 00;
28FD : 00;
28FE : 00;
28FF : 00;
2900 : 00;
2901 : 00;
2902 : 00;
2903 : 00;
2904 : 00;
2905 : 00;
2906 : 00;
2907 : 00;
2908 : 00;
2909 : 00;
290A : 00;
290B : 00;
290C : 00;
290D : 00;
290E : 00;
290F : 00;
2910 : 00;
2911 : 00;
2912 : 00;
2913 : 00;
2914 : 00;
2915 : 00;
2916 : 00;
2917 : 00;
2918 : 00;
2919 : 00;
291A : 00;
291B : 00;
291C : 00;
291D : 00;
291E : 00;
291F : 00;
2920 : 00;
2921 : 00;
2922 : 00;
2923 : 00;
2924 : 00;
2925 : 00;
2926 : 00;
2927 : 00;
2928 : 00;
2929 : 00;
292A : 00;
292B : 00;
292C : 00;
292D : 00;
292E : 00;
292F : 00;
2930 : 00;
2931 : 00;
2932 : 00;
2933 : 00;
2934 : 00;
2935 : 00;
2936 : 00;
2937 : 00;
2938 : 00;
2939 : 00;
293A : 00;
293B : 00;
293C : 00;
293D : 00;
293E : 00;
293F : 00;
2940 : 00;
2941 : 00;
2942 : 00;
2943 : 00;
2944 : 00;
2945 : 00;
2946 : 00;
2947 : 00;
2948 : 00;
2949 : 00;
294A : 00;
294B : 00;
294C : 00;
294D : 00;
294E : 00;
294F : 00;
2950 : 00;
2951 : 00;
2952 : 00;
2953 : 00;
2954 : 00;
2955 : 00;
2956 : 00;
2957 : 00;
2958 : 00;
2959 : 00;
295A : 00;
295B : 00;
295C : 00;
295D : 00;
295E : 00;
295F : 00;
2960 : 00;
2961 : 00;
2962 : 00;
2963 : 00;
2964 : 00;
2965 : 00;
2966 : 00;
2967 : 00;
2968 : 00;
2969 : 00;
296A : 00;
296B : 00;
296C : 00;
296D : 00;
296E : 00;
296F : 00;
2970 : 00;
2971 : 00;
2972 : 00;
2973 : 00;
2974 : 00;
2975 : 00;
2976 : 00;
2977 : 00;
2978 : 00;
2979 : 00;
297A : 00;
297B : 00;
297C : 00;
297D : 00;
297E : 00;
297F : 00;
2980 : 00;
2981 : 00;
2982 : 00;
2983 : 00;
2984 : 00;
2985 : 00;
2986 : 00;
2987 : 00;
2988 : 00;
2989 : 00;
298A : 00;
298B : 00;
298C : 00;
298D : 00;
298E : 00;
298F : 00;
2990 : 00;
2991 : 00;
2992 : 00;
2993 : 00;
2994 : 00;
2995 : 00;
2996 : 00;
2997 : 00;
2998 : 00;
2999 : 00;
299A : 00;
299B : 00;
299C : 00;
299D : 00;
299E : 00;
299F : 00;
29A0 : 00;
29A1 : 00;
29A2 : 00;
29A3 : 00;
29A4 : 00;
29A5 : 00;
29A6 : 00;
29A7 : 00;
29A8 : 00;
29A9 : 00;
29AA : 00;
29AB : 00;
29AC : 00;
29AD : 00;
29AE : 00;
29AF : 00;
29B0 : 00;
29B1 : 00;
29B2 : 00;
29B3 : 00;
29B4 : 00;
29B5 : 00;
29B6 : 00;
29B7 : 00;
29B8 : 00;
29B9 : 00;
29BA : 00;
29BB : 00;
29BC : 00;
29BD : 00;
29BE : 00;
29BF : 00;
29C0 : 00;
29C1 : 00;
29C2 : 00;
29C3 : 00;
29C4 : 00;
29C5 : 00;
29C6 : 00;
29C7 : 00;
29C8 : 00;
29C9 : 00;
29CA : 00;
29CB : 00;
29CC : 00;
29CD : 00;
29CE : 00;
29CF : 00;
29D0 : 00;
29D1 : 00;
29D2 : 00;
29D3 : 00;
29D4 : 00;
29D5 : 00;
29D6 : 00;
29D7 : 00;
29D8 : 00;
29D9 : 00;
29DA : 00;
29DB : 00;
29DC : 00;
29DD : 00;
29DE : 00;
29DF : 00;
29E0 : 00;
29E1 : 00;
29E2 : 00;
29E3 : 00;
29E4 : 00;
29E5 : 00;
29E6 : 00;
29E7 : 00;
29E8 : 00;
29E9 : 00;
29EA : 00;
29EB : 00;
29EC : 00;
29ED : 00;
29EE : 00;
29EF : 00;
29F0 : 00;
29F1 : 00;
29F2 : 00;
29F3 : 00;
29F4 : 00;
29F5 : 00;
29F6 : 00;
29F7 : 00;
29F8 : 00;
29F9 : 00;
29FA : 00;
29FB : 00;
29FC : 00;
29FD : 00;
29FE : 00;
29FF : 00;
2A00 : 00;
2A01 : 00;
2A02 : 00;
2A03 : 00;
2A04 : 00;
2A05 : 00;
2A06 : 00;
2A07 : 00;
2A08 : 00;
2A09 : 00;
2A0A : 00;
2A0B : 00;
2A0C : 00;
2A0D : 00;
2A0E : 00;
2A0F : 00;
2A10 : 00;
2A11 : 00;
2A12 : 00;
2A13 : 00;
2A14 : 00;
2A15 : 00;
2A16 : 00;
2A17 : 00;
2A18 : 00;
2A19 : 00;
2A1A : 00;
2A1B : 00;
2A1C : 00;
2A1D : 00;
2A1E : 00;
2A1F : 00;
2A20 : 00;
2A21 : 00;
2A22 : 00;
2A23 : 00;
2A24 : 00;
2A25 : 00;
2A26 : 00;
2A27 : 00;
2A28 : 00;
2A29 : 00;
2A2A : 00;
2A2B : 00;
2A2C : 00;
2A2D : 00;
2A2E : 00;
2A2F : 00;
2A30 : 00;
2A31 : 00;
2A32 : 00;
2A33 : 00;
2A34 : 00;
2A35 : 00;
2A36 : 00;
2A37 : 00;
2A38 : 00;
2A39 : 00;
2A3A : 00;
2A3B : 00;
2A3C : 00;
2A3D : 00;
2A3E : 00;
2A3F : 00;
2A40 : 00;
2A41 : 00;
2A42 : 00;
2A43 : 00;
2A44 : 00;
2A45 : 00;
2A46 : 00;
2A47 : 00;
2A48 : 00;
2A49 : 00;
2A4A : 00;
2A4B : 00;
2A4C : 00;
2A4D : 00;
2A4E : 00;
2A4F : 00;
2A50 : 00;
2A51 : 00;
2A52 : 00;
2A53 : 00;
2A54 : 00;
2A55 : 00;
2A56 : 00;
2A57 : 00;
2A58 : 00;
2A59 : 00;
2A5A : 00;
2A5B : 00;
2A5C : 00;
2A5D : 00;
2A5E : 00;
2A5F : 00;
2A60 : 00;
2A61 : 00;
2A62 : 00;
2A63 : 00;
2A64 : 00;
2A65 : 00;
2A66 : 00;
2A67 : 00;
2A68 : 00;
2A69 : 00;
2A6A : 00;
2A6B : 00;
2A6C : 00;
2A6D : 00;
2A6E : 00;
2A6F : 00;
2A70 : 00;
2A71 : 00;
2A72 : 00;
2A73 : 00;
2A74 : 00;
2A75 : 00;
2A76 : 00;
2A77 : 00;
2A78 : 00;
2A79 : 00;
2A7A : 00;
2A7B : 00;
2A7C : 00;
2A7D : 00;
2A7E : 00;
2A7F : 00;
2A80 : 00;
2A81 : 00;
2A82 : 00;
2A83 : 00;
2A84 : 00;
2A85 : 00;
2A86 : 00;
2A87 : 00;
2A88 : 00;
2A89 : 00;
2A8A : 00;
2A8B : 00;
2A8C : 00;
2A8D : 00;
2A8E : 00;
2A8F : 00;
2A90 : 00;
2A91 : 00;
2A92 : 00;
2A93 : 00;
2A94 : 00;
2A95 : 00;
2A96 : 00;
2A97 : 00;
2A98 : 00;
2A99 : 00;
2A9A : 00;
2A9B : 00;
2A9C : 00;
2A9D : 00;
2A9E : 00;
2A9F : 00;
2AA0 : 00;
2AA1 : 00;
2AA2 : 00;
2AA3 : 00;
2AA4 : 00;
2AA5 : 00;
2AA6 : 00;
2AA7 : 00;
2AA8 : 00;
2AA9 : 00;
2AAA : 00;
2AAB : 00;
2AAC : 00;
2AAD : 00;
2AAE : 00;
2AAF : 00;
2AB0 : 00;
2AB1 : 00;
2AB2 : 00;
2AB3 : 00;
2AB4 : 00;
2AB5 : 00;
2AB6 : 00;
2AB7 : 00;
2AB8 : 00;
2AB9 : 00;
2ABA : 00;
2ABB : 00;
2ABC : 00;
2ABD : 00;
2ABE : 00;
2ABF : 00;
2AC0 : 00;
2AC1 : 00;
2AC2 : 00;
2AC3 : 00;
2AC4 : 00;
2AC5 : 00;
2AC6 : 00;
2AC7 : 00;
2AC8 : 00;
2AC9 : 00;
2ACA : 00;
2ACB : 00;
2ACC : 00;
2ACD : 00;
2ACE : 00;
2ACF : 00;
2AD0 : 00;
2AD1 : 00;
2AD2 : 00;
2AD3 : 00;
2AD4 : 00;
2AD5 : 00;
2AD6 : 00;
2AD7 : 00;
2AD8 : 00;
2AD9 : 00;
2ADA : 00;
2ADB : 00;
2ADC : 00;
2ADD : 00;
2ADE : 00;
2ADF : 00;
2AE0 : 00;
2AE1 : 00;
2AE2 : 00;
2AE3 : 00;
2AE4 : 00;
2AE5 : 00;
2AE6 : 00;
2AE7 : 00;
2AE8 : 00;
2AE9 : 00;
2AEA : 00;
2AEB : 00;
2AEC : 00;
2AED : 00;
2AEE : 00;
2AEF : 00;
2AF0 : 00;
2AF1 : 00;
2AF2 : 00;
2AF3 : 00;
2AF4 : 00;
2AF5 : 00;
2AF6 : 00;
2AF7 : 00;
2AF8 : 00;
2AF9 : 00;
2AFA : 00;
2AFB : 00;
2AFC : 00;
2AFD : 00;
2AFE : 00;
2AFF : 00;
2B00 : 00;
2B01 : 00;
2B02 : 00;
2B03 : 00;
2B04 : 00;
2B05 : 00;
2B06 : 00;
2B07 : 00;
2B08 : 00;
2B09 : 00;
2B0A : 00;
2B0B : 00;
2B0C : 00;
2B0D : 00;
2B0E : 00;
2B0F : 00;
2B10 : 00;
2B11 : 00;
2B12 : 00;
2B13 : 00;
2B14 : 00;
2B15 : 00;
2B16 : 00;
2B17 : 00;
2B18 : 00;
2B19 : 00;
2B1A : 00;
2B1B : 00;
2B1C : 00;
2B1D : 00;
2B1E : 00;
2B1F : 00;
2B20 : 00;
2B21 : 00;
2B22 : 00;
2B23 : 00;
2B24 : 00;
2B25 : 00;
2B26 : 00;
2B27 : 00;
2B28 : 00;
2B29 : 00;
2B2A : 00;
2B2B : 00;
2B2C : 00;
2B2D : 00;
2B2E : 00;
2B2F : 00;
2B30 : 00;
2B31 : 00;
2B32 : 00;
2B33 : 00;
2B34 : 00;
2B35 : 00;
2B36 : 00;
2B37 : 00;
2B38 : 00;
2B39 : 00;
2B3A : 00;
2B3B : 00;
2B3C : 00;
2B3D : 00;
2B3E : 00;
2B3F : 00;
2B40 : 00;
2B41 : 00;
2B42 : 00;
2B43 : 00;
2B44 : 00;
2B45 : 00;
2B46 : 00;
2B47 : 00;
2B48 : 00;
2B49 : 00;
2B4A : 00;
2B4B : 00;
2B4C : 00;
2B4D : 00;
2B4E : 00;
2B4F : 00;
2B50 : 00;
2B51 : 00;
2B52 : 00;
2B53 : 00;
2B54 : 00;
2B55 : 00;
2B56 : 00;
2B57 : 00;
2B58 : 00;
2B59 : 00;
2B5A : 00;
2B5B : 00;
2B5C : 00;
2B5D : 00;
2B5E : 00;
2B5F : 00;
2B60 : 00;
2B61 : 00;
2B62 : 00;
2B63 : 00;
2B64 : 00;
2B65 : 00;
2B66 : 00;
2B67 : 00;
2B68 : 00;
2B69 : 00;
2B6A : 00;
2B6B : 00;
2B6C : 00;
2B6D : 00;
2B6E : 00;
2B6F : 00;
2B70 : 00;
2B71 : 00;
2B72 : 00;
2B73 : 00;
2B74 : 00;
2B75 : 00;
2B76 : 00;
2B77 : 00;
2B78 : 00;
2B79 : 00;
2B7A : 00;
2B7B : 00;
2B7C : 00;
2B7D : 00;
2B7E : 00;
2B7F : 00;
2B80 : 00;
2B81 : 00;
2B82 : 00;
2B83 : 00;
2B84 : 00;
2B85 : 00;
2B86 : 00;
2B87 : 00;
2B88 : 00;
2B89 : 00;
2B8A : 00;
2B8B : 00;
2B8C : 00;
2B8D : 00;
2B8E : 00;
2B8F : 00;
2B90 : 00;
2B91 : 00;
2B92 : 00;
2B93 : 00;
2B94 : 00;
2B95 : 00;
2B96 : 00;
2B97 : 00;
2B98 : 00;
2B99 : 00;
2B9A : 00;
2B9B : 00;
2B9C : 00;
2B9D : 00;
2B9E : 00;
2B9F : 00;
2BA0 : 00;
2BA1 : 00;
2BA2 : 00;
2BA3 : 00;
2BA4 : 00;
2BA5 : 00;
2BA6 : 00;
2BA7 : 00;
2BA8 : 00;
2BA9 : 00;
2BAA : 00;
2BAB : 00;
2BAC : 00;
2BAD : 00;
2BAE : 00;
2BAF : 00;
2BB0 : 00;
2BB1 : 00;
2BB2 : 00;
2BB3 : 00;
2BB4 : 00;
2BB5 : 00;
2BB6 : 00;
2BB7 : 00;
2BB8 : 00;
2BB9 : 00;
2BBA : 00;
2BBB : 00;
2BBC : 00;
2BBD : 00;
2BBE : 00;
2BBF : 00;
2BC0 : 00;
2BC1 : 00;
2BC2 : 00;
2BC3 : 00;
2BC4 : 00;
2BC5 : 00;
2BC6 : 00;
2BC7 : 00;
2BC8 : 00;
2BC9 : 00;
2BCA : 00;
2BCB : 00;
2BCC : 00;
2BCD : 00;
2BCE : 00;
2BCF : 00;
2BD0 : 00;
2BD1 : 00;
2BD2 : 00;
2BD3 : 00;
2BD4 : 00;
2BD5 : 00;
2BD6 : 00;
2BD7 : 00;
2BD8 : 00;
2BD9 : 00;
2BDA : 00;
2BDB : 00;
2BDC : 00;
2BDD : 00;
2BDE : 00;
2BDF : 00;
2BE0 : 00;
2BE1 : 00;
2BE2 : 00;
2BE3 : 00;
2BE4 : 00;
2BE5 : 00;
2BE6 : 00;
2BE7 : 00;
2BE8 : 00;
2BE9 : 00;
2BEA : 00;
2BEB : 00;
2BEC : 00;
2BED : 00;
2BEE : 00;
2BEF : 00;
2BF0 : 00;
2BF1 : 00;
2BF2 : 00;
2BF3 : 00;
2BF4 : 00;
2BF5 : 00;
2BF6 : 00;
2BF7 : 00;
2BF8 : 00;
2BF9 : 00;
2BFA : 00;
2BFB : 00;
2BFC : 00;
2BFD : 00;
2BFE : 00;
2BFF : 00;
2C00 : 00;
2C01 : 00;
2C02 : 00;
2C03 : 00;
2C04 : 00;
2C05 : 00;
2C06 : 00;
2C07 : 00;
2C08 : 00;
2C09 : 00;
2C0A : 00;
2C0B : 00;
2C0C : 00;
2C0D : 00;
2C0E : 00;
2C0F : 00;
2C10 : 00;
2C11 : 00;
2C12 : 00;
2C13 : 00;
2C14 : 00;
2C15 : 00;
2C16 : 00;
2C17 : 00;
2C18 : 00;
2C19 : 00;
2C1A : 00;
2C1B : 00;
2C1C : 00;
2C1D : 00;
2C1E : 00;
2C1F : 00;
2C20 : 00;
2C21 : 00;
2C22 : 00;
2C23 : 00;
2C24 : 00;
2C25 : 00;
2C26 : 00;
2C27 : 00;
2C28 : 00;
2C29 : 00;
2C2A : 00;
2C2B : 00;
2C2C : 00;
2C2D : 00;
2C2E : 00;
2C2F : 00;
2C30 : 00;
2C31 : 00;
2C32 : 00;
2C33 : 00;
2C34 : 00;
2C35 : 00;
2C36 : 00;
2C37 : 00;
2C38 : 00;
2C39 : 00;
2C3A : 00;
2C3B : 00;
2C3C : 00;
2C3D : 00;
2C3E : 00;
2C3F : 00;
2C40 : 00;
2C41 : 00;
2C42 : 00;
2C43 : 00;
2C44 : 00;
2C45 : 00;
2C46 : 00;
2C47 : 00;
2C48 : 00;
2C49 : 00;
2C4A : 00;
2C4B : 00;
2C4C : 00;
2C4D : 00;
2C4E : 00;
2C4F : 00;
2C50 : 00;
2C51 : 00;
2C52 : 00;
2C53 : 00;
2C54 : 00;
2C55 : 00;
2C56 : 00;
2C57 : 00;
2C58 : 00;
2C59 : 00;
2C5A : 00;
2C5B : 00;
2C5C : 00;
2C5D : 00;
2C5E : 00;
2C5F : 00;
2C60 : 00;
2C61 : 00;
2C62 : 00;
2C63 : 00;
2C64 : 00;
2C65 : 00;
2C66 : 00;
2C67 : 00;
2C68 : 00;
2C69 : 00;
2C6A : 00;
2C6B : 00;
2C6C : 00;
2C6D : 00;
2C6E : 00;
2C6F : 00;
2C70 : 00;
2C71 : 00;
2C72 : 00;
2C73 : 00;
2C74 : 00;
2C75 : 00;
2C76 : 00;
2C77 : 00;
2C78 : 00;
2C79 : 00;
2C7A : 00;
2C7B : 00;
2C7C : 00;
2C7D : 00;
2C7E : 00;
2C7F : 00;
2C80 : 00;
2C81 : 00;
2C82 : 00;
2C83 : 00;
2C84 : 00;
2C85 : 00;
2C86 : 00;
2C87 : 00;
2C88 : 00;
2C89 : 00;
2C8A : 00;
2C8B : 00;
2C8C : 00;
2C8D : 00;
2C8E : 00;
2C8F : 00;
2C90 : 00;
2C91 : 00;
2C92 : 00;
2C93 : 00;
2C94 : 00;
2C95 : 00;
2C96 : 00;
2C97 : 00;
2C98 : 00;
2C99 : 00;
2C9A : 00;
2C9B : 00;
2C9C : 00;
2C9D : 00;
2C9E : 00;
2C9F : 00;
2CA0 : 00;
2CA1 : 00;
2CA2 : 00;
2CA3 : 00;
2CA4 : 00;
2CA5 : 00;
2CA6 : 00;
2CA7 : 00;
2CA8 : 00;
2CA9 : 00;
2CAA : 00;
2CAB : 00;
2CAC : 00;
2CAD : 00;
2CAE : 00;
2CAF : 00;
2CB0 : 00;
2CB1 : 00;
2CB2 : 00;
2CB3 : 00;
2CB4 : 00;
2CB5 : 00;
2CB6 : 00;
2CB7 : 00;
2CB8 : 00;
2CB9 : 00;
2CBA : 00;
2CBB : 00;
2CBC : 00;
2CBD : 00;
2CBE : 00;
2CBF : 00;
2CC0 : 00;
2CC1 : 00;
2CC2 : 00;
2CC3 : 00;
2CC4 : 00;
2CC5 : 00;
2CC6 : 00;
2CC7 : 00;
2CC8 : 00;
2CC9 : 00;
2CCA : 00;
2CCB : 00;
2CCC : 00;
2CCD : 00;
2CCE : 00;
2CCF : 00;
2CD0 : 00;
2CD1 : 00;
2CD2 : 00;
2CD3 : 00;
2CD4 : 00;
2CD5 : 00;
2CD6 : 00;
2CD7 : 00;
2CD8 : 00;
2CD9 : 00;
2CDA : 00;
2CDB : 00;
2CDC : 00;
2CDD : 00;
2CDE : 00;
2CDF : 00;
2CE0 : 00;
2CE1 : 00;
2CE2 : 00;
2CE3 : 00;
2CE4 : 00;
2CE5 : 00;
2CE6 : 00;
2CE7 : 00;
2CE8 : 00;
2CE9 : 00;
2CEA : 00;
2CEB : 00;
2CEC : 00;
2CED : 00;
2CEE : 00;
2CEF : 00;
2CF0 : 00;
2CF1 : 00;
2CF2 : 00;
2CF3 : 00;
2CF4 : 00;
2CF5 : 00;
2CF6 : 00;
2CF7 : 00;
2CF8 : 00;
2CF9 : 00;
2CFA : 00;
2CFB : 00;
2CFC : 00;
2CFD : 00;
2CFE : 00;
2CFF : 00;
2D00 : 00;
2D01 : 00;
2D02 : 00;
2D03 : 00;
2D04 : 00;
2D05 : 00;
2D06 : 00;
2D07 : 00;
2D08 : 00;
2D09 : 00;
2D0A : 00;
2D0B : 00;
2D0C : 00;
2D0D : 00;
2D0E : 00;
2D0F : 00;
2D10 : 00;
2D11 : 00;
2D12 : 00;
2D13 : 00;
2D14 : 00;
2D15 : 00;
2D16 : 00;
2D17 : 00;
2D18 : 00;
2D19 : 00;
2D1A : 00;
2D1B : 00;
2D1C : 00;
2D1D : 00;
2D1E : 00;
2D1F : 00;
2D20 : 00;
2D21 : 00;
2D22 : 00;
2D23 : 00;
2D24 : 00;
2D25 : 00;
2D26 : 00;
2D27 : 00;
2D28 : 00;
2D29 : 00;
2D2A : 00;
2D2B : 00;
2D2C : 00;
2D2D : 00;
2D2E : 00;
2D2F : 00;
2D30 : 00;
2D31 : 00;
2D32 : 00;
2D33 : 00;
2D34 : 00;
2D35 : 00;
2D36 : 00;
2D37 : 00;
2D38 : 00;
2D39 : 00;
2D3A : 00;
2D3B : 00;
2D3C : 00;
2D3D : 00;
2D3E : 00;
2D3F : 00;
2D40 : 00;
2D41 : 00;
2D42 : 00;
2D43 : 00;
2D44 : 00;
2D45 : 00;
2D46 : 00;
2D47 : 00;
2D48 : 00;
2D49 : 00;
2D4A : 00;
2D4B : 00;
2D4C : 00;
2D4D : 00;
2D4E : 00;
2D4F : 00;
2D50 : 00;
2D51 : 00;
2D52 : 00;
2D53 : 00;
2D54 : 00;
2D55 : 00;
2D56 : 00;
2D57 : 00;
2D58 : 00;
2D59 : 00;
2D5A : 00;
2D5B : 00;
2D5C : 00;
2D5D : 00;
2D5E : 00;
2D5F : 00;
2D60 : 00;
2D61 : 00;
2D62 : 00;
2D63 : 00;
2D64 : 00;
2D65 : 00;
2D66 : 00;
2D67 : 00;
2D68 : 00;
2D69 : 00;
2D6A : 00;
2D6B : 00;
2D6C : 00;
2D6D : 00;
2D6E : 00;
2D6F : 00;
2D70 : 00;
2D71 : 00;
2D72 : 00;
2D73 : 00;
2D74 : 00;
2D75 : 00;
2D76 : 00;
2D77 : 00;
2D78 : 00;
2D79 : 00;
2D7A : 00;
2D7B : 00;
2D7C : 00;
2D7D : 00;
2D7E : 00;
2D7F : 00;
2D80 : 00;
2D81 : 00;
2D82 : 00;
2D83 : 00;
2D84 : 00;
2D85 : 00;
2D86 : 00;
2D87 : 00;
2D88 : 00;
2D89 : 00;
2D8A : 00;
2D8B : 00;
2D8C : 00;
2D8D : 00;
2D8E : 00;
2D8F : 00;
2D90 : 00;
2D91 : 00;
2D92 : 00;
2D93 : 00;
2D94 : 00;
2D95 : 00;
2D96 : 00;
2D97 : 00;
2D98 : 00;
2D99 : 00;
2D9A : 00;
2D9B : 00;
2D9C : 00;
2D9D : 00;
2D9E : 00;
2D9F : 00;
2DA0 : 00;
2DA1 : 00;
2DA2 : 00;
2DA3 : 00;
2DA4 : 00;
2DA5 : 00;
2DA6 : 00;
2DA7 : 00;
2DA8 : 00;
2DA9 : 00;
2DAA : 00;
2DAB : 00;
2DAC : 00;
2DAD : 00;
2DAE : 00;
2DAF : 00;
2DB0 : 00;
2DB1 : 00;
2DB2 : 00;
2DB3 : 00;
2DB4 : 00;
2DB5 : 00;
2DB6 : 00;
2DB7 : 00;
2DB8 : 00;
2DB9 : 00;
2DBA : 00;
2DBB : 00;
2DBC : 00;
2DBD : 00;
2DBE : 00;
2DBF : 00;
2DC0 : 00;
2DC1 : 00;
2DC2 : 00;
2DC3 : 00;
2DC4 : 00;
2DC5 : 00;
2DC6 : 00;
2DC7 : 00;
2DC8 : 00;
2DC9 : 00;
2DCA : 00;
2DCB : 00;
2DCC : 00;
2DCD : 00;
2DCE : 00;
2DCF : 00;
2DD0 : 00;
2DD1 : 00;
2DD2 : 00;
2DD3 : 00;
2DD4 : 00;
2DD5 : 00;
2DD6 : 00;
2DD7 : 00;
2DD8 : 00;
2DD9 : 00;
2DDA : 00;
2DDB : 00;
2DDC : 00;
2DDD : 00;
2DDE : 00;
2DDF : 00;
2DE0 : 00;
2DE1 : 00;
2DE2 : 00;
2DE3 : 00;
2DE4 : 00;
2DE5 : 00;
2DE6 : 00;
2DE7 : 00;
2DE8 : 00;
2DE9 : 00;
2DEA : 00;
2DEB : 00;
2DEC : 00;
2DED : 00;
2DEE : 00;
2DEF : 00;
2DF0 : 00;
2DF1 : 00;
2DF2 : 00;
2DF3 : 00;
2DF4 : 00;
2DF5 : 00;
2DF6 : 00;
2DF7 : 00;
2DF8 : 00;
2DF9 : 00;
2DFA : 00;
2DFB : 00;
2DFC : 00;
2DFD : 00;
2DFE : 00;
2DFF : 00;
2E00 : 00;
2E01 : 00;
2E02 : 00;
2E03 : 00;
2E04 : 00;
2E05 : 00;
2E06 : 00;
2E07 : 00;
2E08 : 00;
2E09 : 00;
2E0A : 00;
2E0B : 00;
2E0C : 00;
2E0D : 00;
2E0E : 00;
2E0F : 00;
2E10 : 00;
2E11 : 00;
2E12 : 00;
2E13 : 00;
2E14 : 00;
2E15 : 00;
2E16 : 00;
2E17 : 00;
2E18 : 00;
2E19 : 00;
2E1A : 00;
2E1B : 00;
2E1C : 00;
2E1D : 00;
2E1E : 00;
2E1F : 00;
2E20 : 00;
2E21 : 00;
2E22 : 00;
2E23 : 00;
2E24 : 00;
2E25 : 00;
2E26 : 00;
2E27 : 00;
2E28 : 00;
2E29 : 00;
2E2A : 00;
2E2B : 00;
2E2C : 00;
2E2D : 00;
2E2E : 00;
2E2F : 00;
2E30 : 00;
2E31 : 00;
2E32 : 00;
2E33 : 00;
2E34 : 00;
2E35 : 00;
2E36 : 00;
2E37 : 00;
2E38 : 00;
2E39 : 00;
2E3A : 00;
2E3B : 00;
2E3C : 00;
2E3D : 00;
2E3E : 00;
2E3F : 00;
2E40 : 00;
2E41 : 00;
2E42 : 00;
2E43 : 00;
2E44 : 00;
2E45 : 00;
2E46 : 00;
2E47 : 00;
2E48 : 00;
2E49 : 00;
2E4A : 00;
2E4B : 00;
2E4C : 00;
2E4D : 00;
2E4E : 00;
2E4F : 00;
2E50 : 00;
2E51 : 00;
2E52 : 00;
2E53 : 00;
2E54 : 00;
2E55 : 00;
2E56 : 00;
2E57 : 00;
2E58 : 00;
2E59 : 00;
2E5A : 00;
2E5B : 00;
2E5C : 00;
2E5D : 00;
2E5E : 00;
2E5F : 00;
2E60 : 00;
2E61 : 00;
2E62 : 00;
2E63 : 00;
2E64 : 00;
2E65 : 00;
2E66 : 00;
2E67 : 00;
2E68 : 00;
2E69 : 00;
2E6A : 00;
2E6B : 00;
2E6C : 00;
2E6D : 00;
2E6E : 00;
2E6F : 00;
2E70 : 00;
2E71 : 00;
2E72 : 00;
2E73 : 00;
2E74 : 00;
2E75 : 00;
2E76 : 00;
2E77 : 00;
2E78 : 00;
2E79 : 00;
2E7A : 00;
2E7B : 00;
2E7C : 00;
2E7D : 00;
2E7E : 00;
2E7F : 00;
2E80 : 00;
2E81 : 00;
2E82 : 00;
2E83 : 00;
2E84 : 00;
2E85 : 00;
2E86 : 00;
2E87 : 00;
2E88 : 00;
2E89 : 00;
2E8A : 00;
2E8B : 00;
2E8C : 00;
2E8D : 00;
2E8E : 00;
2E8F : 00;
2E90 : 00;
2E91 : 00;
2E92 : 00;
2E93 : 00;
2E94 : 00;
2E95 : 00;
2E96 : 00;
2E97 : 00;
2E98 : 00;
2E99 : 00;
2E9A : 00;
2E9B : 00;
2E9C : 00;
2E9D : 00;
2E9E : 00;
2E9F : 00;
2EA0 : 00;
2EA1 : 00;
2EA2 : 00;
2EA3 : 00;
2EA4 : 00;
2EA5 : 00;
2EA6 : 00;
2EA7 : 00;
2EA8 : 00;
2EA9 : 00;
2EAA : 00;
2EAB : 00;
2EAC : 00;
2EAD : 00;
2EAE : 00;
2EAF : 00;
2EB0 : 00;
2EB1 : 00;
2EB2 : 00;
2EB3 : 00;
2EB4 : 00;
2EB5 : 00;
2EB6 : 00;
2EB7 : 00;
2EB8 : 00;
2EB9 : 00;
2EBA : 00;
2EBB : 00;
2EBC : 00;
2EBD : 00;
2EBE : 00;
2EBF : 00;
2EC0 : 00;
2EC1 : 00;
2EC2 : 00;
2EC3 : 00;
2EC4 : 00;
2EC5 : 00;
2EC6 : 00;
2EC7 : 00;
2EC8 : 00;
2EC9 : 00;
2ECA : 00;
2ECB : 00;
2ECC : 00;
2ECD : 00;
2ECE : 00;
2ECF : 00;
2ED0 : 00;
2ED1 : 00;
2ED2 : 00;
2ED3 : 00;
2ED4 : 00;
2ED5 : 00;
2ED6 : 00;
2ED7 : 00;
2ED8 : 00;
2ED9 : 00;
2EDA : 00;
2EDB : 00;
2EDC : 00;
2EDD : 00;
2EDE : 00;
2EDF : 00;
2EE0 : 00;
2EE1 : 00;
2EE2 : 00;
2EE3 : 00;
2EE4 : 00;
2EE5 : 00;
2EE6 : 00;
2EE7 : 00;
2EE8 : 00;
2EE9 : 00;
2EEA : 00;
2EEB : 00;
2EEC : 00;
2EED : 00;
2EEE : 00;
2EEF : 00;
2EF0 : 00;
2EF1 : 00;
2EF2 : 00;
2EF3 : 00;
2EF4 : 00;
2EF5 : 00;
2EF6 : 00;
2EF7 : 00;
2EF8 : 00;
2EF9 : 00;
2EFA : 00;
2EFB : 00;
2EFC : 00;
2EFD : 00;
2EFE : 00;
2EFF : 00;
2F00 : 00;
2F01 : 00;
2F02 : 00;
2F03 : 00;
2F04 : 00;
2F05 : 00;
2F06 : 00;
2F07 : 00;
2F08 : 00;
2F09 : 00;
2F0A : 00;
2F0B : 00;
2F0C : 00;
2F0D : 00;
2F0E : 00;
2F0F : 00;
2F10 : 00;
2F11 : 00;
2F12 : 00;
2F13 : 00;
2F14 : 00;
2F15 : 00;
2F16 : 00;
2F17 : 00;
2F18 : 00;
2F19 : 00;
2F1A : 00;
2F1B : 00;
2F1C : 00;
2F1D : 00;
2F1E : 00;
2F1F : 00;
2F20 : 00;
2F21 : 00;
2F22 : 00;
2F23 : 00;
2F24 : 00;
2F25 : 00;
2F26 : 00;
2F27 : 00;
2F28 : 00;
2F29 : 00;
2F2A : 00;
2F2B : 00;
2F2C : 00;
2F2D : 00;
2F2E : 00;
2F2F : 00;
2F30 : 00;
2F31 : 00;
2F32 : 00;
2F33 : 00;
2F34 : 00;
2F35 : 00;
2F36 : 00;
2F37 : 00;
2F38 : 00;
2F39 : 00;
2F3A : 00;
2F3B : 00;
2F3C : 00;
2F3D : 00;
2F3E : 00;
2F3F : 00;
2F40 : 00;
2F41 : 00;
2F42 : 00;
2F43 : 00;
2F44 : 00;
2F45 : 00;
2F46 : 00;
2F47 : 00;
2F48 : 00;
2F49 : 00;
2F4A : 00;
2F4B : 00;
2F4C : 00;
2F4D : 00;
2F4E : 00;
2F4F : 00;
2F50 : 00;
2F51 : 00;
2F52 : 00;
2F53 : 00;
2F54 : 00;
2F55 : 00;
2F56 : 00;
2F57 : 00;
2F58 : 00;
2F59 : 00;
2F5A : 00;
2F5B : 00;
2F5C : 00;
2F5D : 00;
2F5E : 00;
2F5F : 00;
2F60 : 00;
2F61 : 00;
2F62 : 00;
2F63 : 00;
2F64 : 00;
2F65 : 00;
2F66 : 00;
2F67 : 00;
2F68 : 00;
2F69 : 00;
2F6A : 00;
2F6B : 00;
2F6C : 00;
2F6D : 00;
2F6E : 00;
2F6F : 00;
2F70 : 00;
2F71 : 00;
2F72 : 00;
2F73 : 00;
2F74 : 00;
2F75 : 00;
2F76 : 00;
2F77 : 00;
2F78 : 00;
2F79 : 00;
2F7A : 00;
2F7B : 00;
2F7C : 00;
2F7D : 00;
2F7E : 00;
2F7F : 00;
2F80 : 00;
2F81 : 00;
2F82 : 00;
2F83 : 00;
2F84 : 00;
2F85 : 00;
2F86 : 00;
2F87 : 00;
2F88 : 00;
2F89 : 00;
2F8A : 00;
2F8B : 00;
2F8C : 00;
2F8D : 00;
2F8E : 00;
2F8F : 00;
2F90 : 00;
2F91 : 00;
2F92 : 00;
2F93 : 00;
2F94 : 00;
2F95 : 00;
2F96 : 00;
2F97 : 00;
2F98 : 00;
2F99 : 00;
2F9A : 00;
2F9B : 00;
2F9C : 00;
2F9D : 00;
2F9E : 00;
2F9F : 00;
2FA0 : 00;
2FA1 : 00;
2FA2 : 00;
2FA3 : 00;
2FA4 : 00;
2FA5 : 00;
2FA6 : 00;
2FA7 : 00;
2FA8 : 00;
2FA9 : 00;
2FAA : 00;
2FAB : 00;
2FAC : 00;
2FAD : 00;
2FAE : 00;
2FAF : 00;
2FB0 : 00;
2FB1 : 00;
2FB2 : 00;
2FB3 : 00;
2FB4 : 00;
2FB5 : 00;
2FB6 : 00;
2FB7 : 00;
2FB8 : 00;
2FB9 : 00;
2FBA : 00;
2FBB : 00;
2FBC : 00;
2FBD : 00;
2FBE : 00;
2FBF : 00;
2FC0 : 00;
2FC1 : 00;
2FC2 : 00;
2FC3 : 00;
2FC4 : 00;
2FC5 : 00;
2FC6 : 00;
2FC7 : 00;
2FC8 : 00;
2FC9 : 00;
2FCA : 00;
2FCB : 00;
2FCC : 00;
2FCD : 00;
2FCE : 00;
2FCF : 00;
2FD0 : 00;
2FD1 : 00;
2FD2 : 00;
2FD3 : 00;
2FD4 : 00;
2FD5 : 00;
2FD6 : 00;
2FD7 : 00;
2FD8 : 00;
2FD9 : 00;
2FDA : 00;
2FDB : 00;
2FDC : 00;
2FDD : 00;
2FDE : 00;
2FDF : 00;
2FE0 : 00;
2FE1 : 00;
2FE2 : 00;
2FE3 : 00;
2FE4 : 00;
2FE5 : 00;
2FE6 : 00;
2FE7 : 00;
2FE8 : 00;
2FE9 : 00;
2FEA : 00;
2FEB : 00;
2FEC : 00;
2FED : 00;
2FEE : 00;
2FEF : 00;
2FF0 : 00;
2FF1 : 00;
2FF2 : 00;
2FF3 : 00;
2FF4 : 00;
2FF5 : 00;
2FF6 : 00;
2FF7 : 00;
2FF8 : 00;
2FF9 : 00;
2FFA : 00;
2FFB : 00;
2FFC : 00;
2FFD : 00;
2FFE : 00;
2FFF : 00;
3000 : 00;
3001 : 00;
3002 : 00;
3003 : 00;
3004 : 00;
3005 : 00;
3006 : 00;
3007 : 00;
3008 : 00;
3009 : 00;
300A : 00;
300B : 00;
300C : 00;
300D : 00;
300E : 00;
300F : 00;
3010 : 00;
3011 : 00;
3012 : 00;
3013 : 00;
3014 : 00;
3015 : 00;
3016 : 00;
3017 : 00;
3018 : 00;
3019 : 00;
301A : 00;
301B : 00;
301C : 00;
301D : 00;
301E : 00;
301F : 00;
3020 : 00;
3021 : 00;
3022 : 00;
3023 : 00;
3024 : 00;
3025 : 00;
3026 : 00;
3027 : 00;
3028 : 00;
3029 : 00;
302A : 00;
302B : 00;
302C : 00;
302D : 00;
302E : 00;
302F : 00;
3030 : 00;
3031 : 00;
3032 : 00;
3033 : 00;
3034 : 00;
3035 : 00;
3036 : 00;
3037 : 00;
3038 : 00;
3039 : 00;
303A : 00;
303B : 00;
303C : 00;
303D : 00;
303E : 00;
303F : 00;
3040 : 00;
3041 : 00;
3042 : 00;
3043 : 00;
3044 : 00;
3045 : 00;
3046 : 00;
3047 : 00;
3048 : 00;
3049 : 00;
304A : 00;
304B : 00;
304C : 00;
304D : 00;
304E : 00;
304F : 00;
3050 : 00;
3051 : 00;
3052 : 00;
3053 : 00;
3054 : 00;
3055 : 00;
3056 : 00;
3057 : 00;
3058 : 00;
3059 : 00;
305A : 00;
305B : 00;
305C : 00;
305D : 00;
305E : 00;
305F : 00;
3060 : 00;
3061 : 00;
3062 : 00;
3063 : 00;
3064 : 00;
3065 : 00;
3066 : 00;
3067 : 00;
3068 : 00;
3069 : 00;
306A : 00;
306B : 00;
306C : 00;
306D : 00;
306E : 00;
306F : 00;
3070 : 00;
3071 : 00;
3072 : 00;
3073 : 00;
3074 : 00;
3075 : 00;
3076 : 00;
3077 : 00;
3078 : 00;
3079 : 00;
307A : 00;
307B : 00;
307C : 00;
307D : 00;
307E : 00;
307F : 00;
3080 : 00;
3081 : 00;
3082 : 00;
3083 : 00;
3084 : 00;
3085 : 00;
3086 : 00;
3087 : 00;
3088 : 00;
3089 : 00;
308A : 00;
308B : 00;
308C : 00;
308D : 00;
308E : 00;
308F : 00;
3090 : 00;
3091 : 00;
3092 : 00;
3093 : 00;
3094 : 00;
3095 : 00;
3096 : 00;
3097 : 00;
3098 : 00;
3099 : 00;
309A : 00;
309B : 00;
309C : 00;
309D : 00;
309E : 00;
309F : 00;
30A0 : 00;
30A1 : 00;
30A2 : 00;
30A3 : 00;
30A4 : 00;
30A5 : 00;
30A6 : 00;
30A7 : 00;
30A8 : 00;
30A9 : 00;
30AA : 00;
30AB : 00;
30AC : 00;
30AD : 00;
30AE : 00;
30AF : 00;
30B0 : 00;
30B1 : 00;
30B2 : 00;
30B3 : 00;
30B4 : 00;
30B5 : 00;
30B6 : 00;
30B7 : 00;
30B8 : 00;
30B9 : 00;
30BA : 00;
30BB : 00;
30BC : 00;
30BD : 00;
30BE : 00;
30BF : 00;
30C0 : 00;
30C1 : 00;
30C2 : 00;
30C3 : 00;
30C4 : 00;
30C5 : 00;
30C6 : 00;
30C7 : 00;
30C8 : 00;
30C9 : 00;
30CA : 00;
30CB : 00;
30CC : 00;
30CD : 00;
30CE : 00;
30CF : 00;
30D0 : 00;
30D1 : 00;
30D2 : 00;
30D3 : 00;
30D4 : 00;
30D5 : 00;
30D6 : 00;
30D7 : 00;
30D8 : 00;
30D9 : 00;
30DA : 00;
30DB : 00;
30DC : 00;
30DD : 00;
30DE : 00;
30DF : 00;
30E0 : 00;
30E1 : 00;
30E2 : 00;
30E3 : 00;
30E4 : 00;
30E5 : 00;
30E6 : 00;
30E7 : 00;
30E8 : 00;
30E9 : 00;
30EA : 00;
30EB : 00;
30EC : 00;
30ED : 00;
30EE : 00;
30EF : 00;
30F0 : 00;
30F1 : 00;
30F2 : 00;
30F3 : 00;
30F4 : 00;
30F5 : 00;
30F6 : 00;
30F7 : 00;
30F8 : 00;
30F9 : 00;
30FA : 00;
30FB : 00;
30FC : 00;
30FD : 00;
30FE : 00;
30FF : 00;
3100 : 00;
3101 : 00;
3102 : 00;
3103 : 00;
3104 : 00;
3105 : 00;
3106 : 00;
3107 : 00;
3108 : 00;
3109 : 00;
310A : 00;
310B : 00;
310C : 00;
310D : 00;
310E : 00;
310F : 00;
3110 : 00;
3111 : 00;
3112 : 00;
3113 : 00;
3114 : 00;
3115 : 00;
3116 : 00;
3117 : 00;
3118 : 00;
3119 : 00;
311A : 00;
311B : 00;
311C : 00;
311D : 00;
311E : 00;
311F : 00;
3120 : 00;
3121 : 00;
3122 : 00;
3123 : 00;
3124 : 00;
3125 : 00;
3126 : 00;
3127 : 00;
3128 : 00;
3129 : 00;
312A : 00;
312B : 00;
312C : 00;
312D : 00;
312E : 00;
312F : 00;
3130 : 00;
3131 : 00;
3132 : 00;
3133 : 00;
3134 : 00;
3135 : 00;
3136 : 00;
3137 : 00;
3138 : 00;
3139 : 00;
313A : 00;
313B : 00;
313C : 00;
313D : 00;
313E : 00;
313F : 00;
3140 : 00;
3141 : 00;
3142 : 00;
3143 : 00;
3144 : 00;
3145 : 00;
3146 : 00;
3147 : 00;
3148 : 00;
3149 : 00;
314A : 00;
314B : 00;
314C : 00;
314D : 00;
314E : 00;
314F : 00;
3150 : 00;
3151 : 00;
3152 : 00;
3153 : 00;
3154 : 00;
3155 : 00;
3156 : 00;
3157 : 00;
3158 : 00;
3159 : 00;
315A : 00;
315B : 00;
315C : 00;
315D : 00;
315E : 00;
315F : 00;
3160 : 00;
3161 : 00;
3162 : 00;
3163 : 00;
3164 : 00;
3165 : 00;
3166 : 00;
3167 : 00;
3168 : 00;
3169 : 00;
316A : 00;
316B : 00;
316C : 00;
316D : 00;
316E : 00;
316F : 00;
3170 : 00;
3171 : 00;
3172 : 00;
3173 : 00;
3174 : 00;
3175 : 00;
3176 : 00;
3177 : 00;
3178 : 00;
3179 : 00;
317A : 00;
317B : 00;
317C : 00;
317D : 00;
317E : 00;
317F : 00;
3180 : 00;
3181 : 00;
3182 : 00;
3183 : 00;
3184 : 00;
3185 : 00;
3186 : 00;
3187 : 00;
3188 : 00;
3189 : 00;
318A : 00;
318B : 00;
318C : 00;
318D : 00;
318E : 00;
318F : 00;
3190 : 00;
3191 : 00;
3192 : 00;
3193 : 00;
3194 : 00;
3195 : 00;
3196 : 00;
3197 : 00;
3198 : 00;
3199 : 00;
319A : 00;
319B : 00;
319C : 00;
319D : 00;
319E : 00;
319F : 00;
31A0 : 00;
31A1 : 00;
31A2 : 00;
31A3 : 00;
31A4 : 00;
31A5 : 00;
31A6 : 00;
31A7 : 00;
31A8 : 00;
31A9 : 00;
31AA : 00;
31AB : 00;
31AC : 00;
31AD : 00;
31AE : 00;
31AF : 00;
31B0 : 00;
31B1 : 00;
31B2 : 00;
31B3 : 00;
31B4 : 00;
31B5 : 00;
31B6 : 00;
31B7 : 00;
31B8 : 00;
31B9 : 00;
31BA : 00;
31BB : 00;
31BC : 00;
31BD : 00;
31BE : 00;
31BF : 00;
31C0 : 00;
31C1 : 00;
31C2 : 00;
31C3 : 00;
31C4 : 00;
31C5 : 00;
31C6 : 00;
31C7 : 00;
31C8 : 00;
31C9 : 00;
31CA : 00;
31CB : 00;
31CC : 00;
31CD : 00;
31CE : 00;
31CF : 00;
31D0 : 00;
31D1 : 00;
31D2 : 00;
31D3 : 00;
31D4 : 00;
31D5 : 00;
31D6 : 00;
31D7 : 00;
31D8 : 00;
31D9 : 00;
31DA : 00;
31DB : 00;
31DC : 00;
31DD : 00;
31DE : 00;
31DF : 00;
31E0 : 00;
31E1 : 00;
31E2 : 00;
31E3 : 00;
31E4 : 00;
31E5 : 00;
31E6 : 00;
31E7 : 00;
31E8 : 00;
31E9 : 00;
31EA : 00;
31EB : 00;
31EC : 00;
31ED : 00;
31EE : 00;
31EF : 00;
31F0 : 00;
31F1 : 00;
31F2 : 00;
31F3 : 00;
31F4 : 00;
31F5 : 00;
31F6 : 00;
31F7 : 00;
31F8 : 00;
31F9 : 00;
31FA : 00;
31FB : 00;
31FC : 00;
31FD : 00;
31FE : 00;
31FF : 00;
3200 : 00;
3201 : 00;
3202 : 00;
3203 : 00;
3204 : 00;
3205 : 00;
3206 : 00;
3207 : 00;
3208 : 00;
3209 : 00;
320A : 00;
320B : 00;
320C : 00;
320D : 00;
320E : 00;
320F : 00;
3210 : 00;
3211 : 00;
3212 : 00;
3213 : 00;
3214 : 00;
3215 : 00;
3216 : 00;
3217 : 00;
3218 : 00;
3219 : 00;
321A : 00;
321B : 00;
321C : 00;
321D : 00;
321E : 00;
321F : 00;
3220 : 00;
3221 : 00;
3222 : 00;
3223 : 00;
3224 : 00;
3225 : 00;
3226 : 00;
3227 : 00;
3228 : 00;
3229 : 00;
322A : 00;
322B : 00;
322C : 00;
322D : 00;
322E : 00;
322F : 00;
3230 : 00;
3231 : 00;
3232 : 00;
3233 : 00;
3234 : 00;
3235 : 00;
3236 : 00;
3237 : 00;
3238 : 00;
3239 : 00;
323A : 00;
323B : 00;
323C : 00;
323D : 00;
323E : 00;
323F : 00;
3240 : 00;
3241 : 00;
3242 : 00;
3243 : 00;
3244 : 00;
3245 : 00;
3246 : 00;
3247 : 00;
3248 : 00;
3249 : 00;
324A : 00;
324B : 00;
324C : 00;
324D : 00;
324E : 00;
324F : 00;
3250 : 00;
3251 : 00;
3252 : 00;
3253 : 00;
3254 : 00;
3255 : 00;
3256 : 00;
3257 : 00;
3258 : 00;
3259 : 00;
325A : 00;
325B : 00;
325C : 00;
325D : 00;
325E : 00;
325F : 00;
3260 : 00;
3261 : 00;
3262 : 00;
3263 : 00;
3264 : 00;
3265 : 00;
3266 : 00;
3267 : 00;
3268 : 00;
3269 : 00;
326A : 00;
326B : 00;
326C : 00;
326D : 00;
326E : 00;
326F : 00;
3270 : 00;
3271 : 00;
3272 : 00;
3273 : 00;
3274 : 00;
3275 : 00;
3276 : 00;
3277 : 00;
3278 : 00;
3279 : 00;
327A : 00;
327B : 00;
327C : 00;
327D : 00;
327E : 00;
327F : 00;
3280 : 00;
3281 : 00;
3282 : 00;
3283 : 00;
3284 : 00;
3285 : 00;
3286 : 00;
3287 : 00;
3288 : 00;
3289 : 00;
328A : 00;
328B : 00;
328C : 00;
328D : 00;
328E : 00;
328F : 00;
3290 : 00;
3291 : 00;
3292 : 00;
3293 : 00;
3294 : 00;
3295 : 00;
3296 : 00;
3297 : 00;
3298 : 00;
3299 : 00;
329A : 00;
329B : 00;
329C : 00;
329D : 00;
329E : 00;
329F : 00;
32A0 : 00;
32A1 : 00;
32A2 : 00;
32A3 : 00;
32A4 : 00;
32A5 : 00;
32A6 : 00;
32A7 : 00;
32A8 : 00;
32A9 : 00;
32AA : 00;
32AB : 00;
32AC : 00;
32AD : 00;
32AE : 00;
32AF : 00;
32B0 : 00;
32B1 : 00;
32B2 : 00;
32B3 : 00;
32B4 : 00;
32B5 : 00;
32B6 : 00;
32B7 : 00;
32B8 : 00;
32B9 : 00;
32BA : 00;
32BB : 00;
32BC : 00;
32BD : 00;
32BE : 00;
32BF : 00;
32C0 : 00;
32C1 : 00;
32C2 : 00;
32C3 : 00;
32C4 : 00;
32C5 : 00;
32C6 : 00;
32C7 : 00;
32C8 : 00;
32C9 : 00;
32CA : 00;
32CB : 00;
32CC : 00;
32CD : 00;
32CE : 00;
32CF : 00;
32D0 : 00;
32D1 : 00;
32D2 : 00;
32D3 : 00;
32D4 : 00;
32D5 : 00;
32D6 : 00;
32D7 : 00;
32D8 : 00;
32D9 : 00;
32DA : 00;
32DB : 00;
32DC : 00;
32DD : 00;
32DE : 00;
32DF : 00;
32E0 : 00;
32E1 : 00;
32E2 : 00;
32E3 : 00;
32E4 : 00;
32E5 : 00;
32E6 : 00;
32E7 : 00;
32E8 : 00;
32E9 : 00;
32EA : 00;
32EB : 00;
32EC : 00;
32ED : 00;
32EE : 00;
32EF : 00;
32F0 : 00;
32F1 : 00;
32F2 : 00;
32F3 : 00;
32F4 : 00;
32F5 : 00;
32F6 : 00;
32F7 : 00;
32F8 : 00;
32F9 : 00;
32FA : 00;
32FB : 00;
32FC : 00;
32FD : 00;
32FE : 00;
32FF : 00;
3300 : 00;
3301 : 00;
3302 : 00;
3303 : 00;
3304 : 00;
3305 : 00;
3306 : 00;
3307 : 00;
3308 : 00;
3309 : 00;
330A : 00;
330B : 00;
330C : 00;
330D : 00;
330E : 00;
330F : 00;
3310 : 00;
3311 : 00;
3312 : 00;
3313 : 00;
3314 : 00;
3315 : 00;
3316 : 00;
3317 : 00;
3318 : 00;
3319 : 00;
331A : 00;
331B : 00;
331C : 00;
331D : 00;
331E : 00;
331F : 00;
3320 : 00;
3321 : 00;
3322 : 00;
3323 : 00;
3324 : 00;
3325 : 00;
3326 : 00;
3327 : 00;
3328 : 00;
3329 : 00;
332A : 00;
332B : 00;
332C : 00;
332D : 00;
332E : 00;
332F : 00;
3330 : 00;
3331 : 00;
3332 : 00;
3333 : 00;
3334 : 00;
3335 : 00;
3336 : 00;
3337 : 00;
3338 : 00;
3339 : 00;
333A : 00;
333B : 00;
333C : 00;
333D : 00;
333E : 00;
333F : 00;
3340 : 00;
3341 : 00;
3342 : 00;
3343 : 00;
3344 : 00;
3345 : 00;
3346 : 00;
3347 : 00;
3348 : 00;
3349 : 00;
334A : 00;
334B : 00;
334C : 00;
334D : 00;
334E : 00;
334F : 00;
3350 : 00;
3351 : 00;
3352 : 00;
3353 : 00;
3354 : 00;
3355 : 00;
3356 : 00;
3357 : 00;
3358 : 00;
3359 : 00;
335A : 00;
335B : 00;
335C : 00;
335D : 00;
335E : 00;
335F : 00;
3360 : 00;
3361 : 00;
3362 : 00;
3363 : 00;
3364 : 00;
3365 : 00;
3366 : 00;
3367 : 00;
3368 : 00;
3369 : 00;
336A : 00;
336B : 00;
336C : 00;
336D : 00;
336E : 00;
336F : 00;
3370 : 00;
3371 : 00;
3372 : 00;
3373 : 00;
3374 : 00;
3375 : 00;
3376 : 00;
3377 : 00;
3378 : 00;
3379 : 00;
337A : 00;
337B : 00;
337C : 00;
337D : 00;
337E : 00;
337F : 00;
3380 : 00;
3381 : 00;
3382 : 00;
3383 : 00;
3384 : 00;
3385 : 00;
3386 : 00;
3387 : 00;
3388 : 00;
3389 : 00;
338A : 00;
338B : 00;
338C : 00;
338D : 00;
338E : 00;
338F : 00;
3390 : 00;
3391 : 00;
3392 : 00;
3393 : 00;
3394 : 00;
3395 : 00;
3396 : 00;
3397 : 00;
3398 : 00;
3399 : 00;
339A : 00;
339B : 00;
339C : 00;
339D : 00;
339E : 00;
339F : 00;
33A0 : 00;
33A1 : 00;
33A2 : 00;
33A3 : 00;
33A4 : 00;
33A5 : 00;
33A6 : 00;
33A7 : 00;
33A8 : 00;
33A9 : 00;
33AA : 00;
33AB : 00;
33AC : 00;
33AD : 00;
33AE : 00;
33AF : 00;
33B0 : 00;
33B1 : 00;
33B2 : 00;
33B3 : 00;
33B4 : 00;
33B5 : 00;
33B6 : 00;
33B7 : 00;
33B8 : 00;
33B9 : 00;
33BA : 00;
33BB : 00;
33BC : 00;
33BD : 00;
33BE : 00;
33BF : 00;
33C0 : 00;
33C1 : 00;
33C2 : 00;
33C3 : 00;
33C4 : 00;
33C5 : 00;
33C6 : 00;
33C7 : 00;
33C8 : 00;
33C9 : 00;
33CA : 00;
33CB : 00;
33CC : 00;
33CD : 00;
33CE : 00;
33CF : 00;
33D0 : 00;
33D1 : 00;
33D2 : 00;
33D3 : 00;
33D4 : 00;
33D5 : 00;
33D6 : 00;
33D7 : 00;
33D8 : 00;
33D9 : 00;
33DA : 00;
33DB : 00;
33DC : 00;
33DD : 00;
33DE : 00;
33DF : 00;
33E0 : 00;
33E1 : 00;
33E2 : 00;
33E3 : 00;
33E4 : 00;
33E5 : 00;
33E6 : 00;
33E7 : 00;
33E8 : 00;
33E9 : 00;
33EA : 00;
33EB : 00;
33EC : 00;
33ED : 00;
33EE : 00;
33EF : 00;
33F0 : 00;
33F1 : 00;
33F2 : 00;
33F3 : 00;
33F4 : 00;
33F5 : 00;
33F6 : 00;
33F7 : 00;
33F8 : 00;
33F9 : 00;
33FA : 00;
33FB : 00;
33FC : 00;
33FD : 00;
33FE : 00;
33FF : 00;
3400 : 00;
3401 : 00;
3402 : 00;
3403 : 00;
3404 : 00;
3405 : 00;
3406 : 00;
3407 : 00;
3408 : 00;
3409 : 00;
340A : 00;
340B : 00;
340C : 00;
340D : 00;
340E : 00;
340F : 00;
3410 : 00;
3411 : 00;
3412 : 00;
3413 : 00;
3414 : 00;
3415 : 00;
3416 : 00;
3417 : 00;
3418 : 00;
3419 : 00;
341A : 00;
341B : 00;
341C : 00;
341D : 00;
341E : 00;
341F : 00;
3420 : 00;
3421 : 00;
3422 : 00;
3423 : 00;
3424 : 00;
3425 : 00;
3426 : 00;
3427 : 00;
3428 : 00;
3429 : 00;
342A : 00;
342B : 00;
342C : 00;
342D : 00;
342E : 00;
342F : 00;
3430 : 00;
3431 : 00;
3432 : 00;
3433 : 00;
3434 : 00;
3435 : 00;
3436 : 00;
3437 : 00;
3438 : 00;
3439 : 00;
343A : 00;
343B : 00;
343C : 00;
343D : 00;
343E : 00;
343F : 00;
3440 : 00;
3441 : 00;
3442 : 00;
3443 : 00;
3444 : 00;
3445 : 00;
3446 : 00;
3447 : 00;
3448 : 00;
3449 : 00;
344A : 00;
344B : 00;
344C : 00;
344D : 00;
344E : 00;
344F : 00;
3450 : 00;
3451 : 00;
3452 : 00;
3453 : 00;
3454 : 00;
3455 : 00;
3456 : 00;
3457 : 00;
3458 : 00;
3459 : 00;
345A : 00;
345B : 00;
345C : 00;
345D : 00;
345E : 00;
345F : 00;
3460 : 00;
3461 : 00;
3462 : 00;
3463 : 00;
3464 : 00;
3465 : 00;
3466 : 00;
3467 : 00;
3468 : 00;
3469 : 00;
346A : 00;
346B : 00;
346C : 00;
346D : 00;
346E : 00;
346F : 00;
3470 : 00;
3471 : 00;
3472 : 00;
3473 : 00;
3474 : 00;
3475 : 00;
3476 : 00;
3477 : 00;
3478 : 00;
3479 : 00;
347A : 00;
347B : 00;
347C : 00;
347D : 00;
347E : 00;
347F : 00;
3480 : 00;
3481 : 00;
3482 : 00;
3483 : 00;
3484 : 00;
3485 : 00;
3486 : 00;
3487 : 00;
3488 : 00;
3489 : 00;
348A : 00;
348B : 00;
348C : 00;
348D : 00;
348E : 00;
348F : 00;
3490 : 00;
3491 : 00;
3492 : 00;
3493 : 00;
3494 : 00;
3495 : 00;
3496 : 00;
3497 : 00;
3498 : 00;
3499 : 00;
349A : 00;
349B : 00;
349C : 00;
349D : 00;
349E : 00;
349F : 00;
34A0 : 00;
34A1 : 00;
34A2 : 00;
34A3 : 00;
34A4 : 00;
34A5 : 00;
34A6 : 00;
34A7 : 00;
34A8 : 00;
34A9 : 00;
34AA : 00;
34AB : 00;
34AC : 00;
34AD : 00;
34AE : 00;
34AF : 00;
34B0 : 00;
34B1 : 00;
34B2 : 00;
34B3 : 00;
34B4 : 00;
34B5 : 00;
34B6 : 00;
34B7 : 00;
34B8 : 00;
34B9 : 00;
34BA : 00;
34BB : 00;
34BC : 00;
34BD : 00;
34BE : 00;
34BF : 00;
34C0 : 00;
34C1 : 00;
34C2 : 00;
34C3 : 00;
34C4 : 00;
34C5 : 00;
34C6 : 00;
34C7 : 00;
34C8 : 00;
34C9 : 00;
34CA : 00;
34CB : 00;
34CC : 00;
34CD : 00;
34CE : 00;
34CF : 00;
34D0 : 00;
34D1 : 00;
34D2 : 00;
34D3 : 00;
34D4 : 00;
34D5 : 00;
34D6 : 00;
34D7 : 00;
34D8 : 00;
34D9 : 00;
34DA : 00;
34DB : 00;
34DC : 00;
34DD : 00;
34DE : 00;
34DF : 00;
34E0 : 00;
34E1 : 00;
34E2 : 00;
34E3 : 00;
34E4 : 00;
34E5 : 00;
34E6 : 00;
34E7 : 00;
34E8 : 00;
34E9 : 00;
34EA : 00;
34EB : 00;
34EC : 00;
34ED : 00;
34EE : 00;
34EF : 00;
34F0 : 00;
34F1 : 00;
34F2 : 00;
34F3 : 00;
34F4 : 00;
34F5 : 00;
34F6 : 00;
34F7 : 00;
34F8 : 00;
34F9 : 00;
34FA : 00;
34FB : 00;
34FC : 00;
34FD : 00;
34FE : 00;
34FF : 00;
3500 : 00;
3501 : 00;
3502 : 00;
3503 : 00;
3504 : 00;
3505 : 00;
3506 : 00;
3507 : 00;
3508 : 00;
3509 : 00;
350A : 00;
350B : 00;
350C : 00;
350D : 00;
350E : 00;
350F : 00;
3510 : 00;
3511 : 00;
3512 : 00;
3513 : 00;
3514 : 00;
3515 : 00;
3516 : 00;
3517 : 00;
3518 : 00;
3519 : 00;
351A : 00;
351B : 00;
351C : 00;
351D : 00;
351E : 00;
351F : 00;
3520 : 00;
3521 : 00;
3522 : 00;
3523 : 00;
3524 : 00;
3525 : 00;
3526 : 00;
3527 : 00;
3528 : 00;
3529 : 00;
352A : 00;
352B : 00;
352C : 00;
352D : 00;
352E : 00;
352F : 00;
3530 : 00;
3531 : 00;
3532 : 00;
3533 : 00;
3534 : 00;
3535 : 00;
3536 : 00;
3537 : 00;
3538 : 00;
3539 : 00;
353A : 00;
353B : 00;
353C : 00;
353D : 00;
353E : 00;
353F : 00;
3540 : 00;
3541 : 00;
3542 : 00;
3543 : 00;
3544 : 00;
3545 : 00;
3546 : 00;
3547 : 00;
3548 : 00;
3549 : 00;
354A : 00;
354B : 00;
354C : 00;
354D : 00;
354E : 00;
354F : 00;
3550 : 00;
3551 : 00;
3552 : 00;
3553 : 00;
3554 : 00;
3555 : 00;
3556 : 00;
3557 : 00;
3558 : 00;
3559 : 00;
355A : 00;
355B : 00;
355C : 00;
355D : 00;
355E : 00;
355F : 00;
3560 : 00;
3561 : 00;
3562 : 00;
3563 : 00;
3564 : 00;
3565 : 00;
3566 : 00;
3567 : 00;
3568 : 00;
3569 : 00;
356A : 00;
356B : 00;
356C : 00;
356D : 00;
356E : 00;
356F : 00;
3570 : 00;
3571 : 00;
3572 : 00;
3573 : 00;
3574 : 00;
3575 : 00;
3576 : 00;
3577 : 00;
3578 : 00;
3579 : 00;
357A : 00;
357B : 00;
357C : 00;
357D : 00;
357E : 00;
357F : 00;
3580 : 00;
3581 : 00;
3582 : 00;
3583 : 00;
3584 : 00;
3585 : 00;
3586 : 00;
3587 : 00;
3588 : 00;
3589 : 00;
358A : 00;
358B : 00;
358C : 00;
358D : 00;
358E : 00;
358F : 00;
3590 : 00;
3591 : 00;
3592 : 00;
3593 : 00;
3594 : 00;
3595 : 00;
3596 : 00;
3597 : 00;
3598 : 00;
3599 : 00;
359A : 00;
359B : 00;
359C : 00;
359D : 00;
359E : 00;
359F : 00;
35A0 : 00;
35A1 : 00;
35A2 : 00;
35A3 : 00;
35A4 : 00;
35A5 : 00;
35A6 : 00;
35A7 : 00;
35A8 : 00;
35A9 : 00;
35AA : 00;
35AB : 00;
35AC : 00;
35AD : 00;
35AE : 00;
35AF : 00;
35B0 : 00;
35B1 : 00;
35B2 : 00;
35B3 : 00;
35B4 : 00;
35B5 : 00;
35B6 : 00;
35B7 : 00;
35B8 : 00;
35B9 : 00;
35BA : 00;
35BB : 00;
35BC : 00;
35BD : 00;
35BE : 00;
35BF : 00;
35C0 : 00;
35C1 : 00;
35C2 : 00;
35C3 : 00;
35C4 : 00;
35C5 : 00;
35C6 : 00;
35C7 : 00;
35C8 : 00;
35C9 : 00;
35CA : 00;
35CB : 00;
35CC : 00;
35CD : 00;
35CE : 00;
35CF : 00;
35D0 : 00;
35D1 : 00;
35D2 : 00;
35D3 : 00;
35D4 : 00;
35D5 : 00;
35D6 : 00;
35D7 : 00;
35D8 : 00;
35D9 : 00;
35DA : 00;
35DB : 00;
35DC : 00;
35DD : 00;
35DE : 00;
35DF : 00;
35E0 : 00;
35E1 : 00;
35E2 : 00;
35E3 : 00;
35E4 : 00;
35E5 : 00;
35E6 : 00;
35E7 : 00;
35E8 : 00;
35E9 : 00;
35EA : 00;
35EB : 00;
35EC : 00;
35ED : 00;
35EE : 00;
35EF : 00;
35F0 : 00;
35F1 : 00;
35F2 : 00;
35F3 : 00;
35F4 : 00;
35F5 : 00;
35F6 : 00;
35F7 : 00;
35F8 : 00;
35F9 : 00;
35FA : 00;
35FB : 00;
35FC : 00;
35FD : 00;
35FE : 00;
35FF : 00;
3600 : 00;
3601 : 00;
3602 : 00;
3603 : 00;
3604 : 00;
3605 : 00;
3606 : 00;
3607 : 00;
3608 : 00;
3609 : 00;
360A : 00;
360B : 00;
360C : 00;
360D : 00;
360E : 00;
360F : 00;
3610 : 00;
3611 : 00;
3612 : 00;
3613 : 00;
3614 : 00;
3615 : 00;
3616 : 00;
3617 : 00;
3618 : 00;
3619 : 00;
361A : 00;
361B : 00;
361C : 00;
361D : 00;
361E : 00;
361F : 00;
3620 : 00;
3621 : 00;
3622 : 00;
3623 : 00;
3624 : 00;
3625 : 00;
3626 : 00;
3627 : 00;
3628 : 00;
3629 : 00;
362A : 00;
362B : 00;
362C : 00;
362D : 00;
362E : 00;
362F : 00;
3630 : 00;
3631 : 00;
3632 : 00;
3633 : 00;
3634 : 00;
3635 : 00;
3636 : 00;
3637 : 00;
3638 : 00;
3639 : 00;
363A : 00;
363B : 00;
363C : 00;
363D : 00;
363E : 00;
363F : 00;
3640 : 00;
3641 : 00;
3642 : 00;
3643 : 00;
3644 : 00;
3645 : 00;
3646 : 00;
3647 : 00;
3648 : 00;
3649 : 00;
364A : 00;
364B : 00;
364C : 00;
364D : 00;
364E : 00;
364F : 00;
3650 : 00;
3651 : 00;
3652 : 00;
3653 : 00;
3654 : 00;
3655 : 00;
3656 : 00;
3657 : 00;
3658 : 00;
3659 : 00;
365A : 00;
365B : 00;
365C : 00;
365D : 00;
365E : 00;
365F : 00;
3660 : 00;
3661 : 00;
3662 : 00;
3663 : 00;
3664 : 00;
3665 : 00;
3666 : 00;
3667 : 00;
3668 : 00;
3669 : 00;
366A : 00;
366B : 00;
366C : 00;
366D : 00;
366E : 00;
366F : 00;
3670 : 00;
3671 : 00;
3672 : 00;
3673 : 00;
3674 : 00;
3675 : 00;
3676 : 00;
3677 : 00;
3678 : 00;
3679 : 00;
367A : 00;
367B : 00;
367C : 00;
367D : 00;
367E : 00;
367F : 00;
3680 : 00;
3681 : 00;
3682 : 00;
3683 : 00;
3684 : 00;
3685 : 00;
3686 : 00;
3687 : 00;
3688 : 00;
3689 : 00;
368A : 00;
368B : 00;
368C : 00;
368D : 00;
368E : 00;
368F : 00;
3690 : 00;
3691 : 00;
3692 : 00;
3693 : 00;
3694 : 00;
3695 : 00;
3696 : 00;
3697 : 00;
3698 : 00;
3699 : 00;
369A : 00;
369B : 00;
369C : 00;
369D : 00;
369E : 00;
369F : 00;
36A0 : 00;
36A1 : 00;
36A2 : 00;
36A3 : 00;
36A4 : 00;
36A5 : 00;
36A6 : 00;
36A7 : 00;
36A8 : 00;
36A9 : 00;
36AA : 00;
36AB : 00;
36AC : 00;
36AD : 00;
36AE : 00;
36AF : 00;
36B0 : 00;
36B1 : 00;
36B2 : 00;
36B3 : 00;
36B4 : 00;
36B5 : 00;
36B6 : 00;
36B7 : 00;
36B8 : 00;
36B9 : 00;
36BA : 00;
36BB : 00;
36BC : 00;
36BD : 00;
36BE : 00;
36BF : 00;
36C0 : 00;
36C1 : 00;
36C2 : 00;
36C3 : 00;
36C4 : 00;
36C5 : 00;
36C6 : 00;
36C7 : 00;
36C8 : 00;
36C9 : 00;
36CA : 00;
36CB : 00;
36CC : 00;
36CD : 00;
36CE : 00;
36CF : 00;
36D0 : 00;
36D1 : 00;
36D2 : 00;
36D3 : 00;
36D4 : 00;
36D5 : 00;
36D6 : 00;
36D7 : 00;
36D8 : 00;
36D9 : 00;
36DA : 00;
36DB : 00;
36DC : 00;
36DD : 00;
36DE : 00;
36DF : 00;
36E0 : 00;
36E1 : 00;
36E2 : 00;
36E3 : 00;
36E4 : 00;
36E5 : 00;
36E6 : 00;
36E7 : 00;
36E8 : 00;
36E9 : 00;
36EA : 00;
36EB : 00;
36EC : 00;
36ED : 00;
36EE : 00;
36EF : 00;
36F0 : 00;
36F1 : 00;
36F2 : 00;
36F3 : 00;
36F4 : 00;
36F5 : 00;
36F6 : 00;
36F7 : 00;
36F8 : 00;
36F9 : 00;
36FA : 00;
36FB : 00;
36FC : 00;
36FD : 00;
36FE : 00;
36FF : 00;
3700 : 00;
3701 : 00;
3702 : 00;
3703 : 00;
3704 : 00;
3705 : 00;
3706 : 00;
3707 : 00;
3708 : 00;
3709 : 00;
370A : 00;
370B : 00;
370C : 00;
370D : 00;
370E : 00;
370F : 00;
3710 : 00;
3711 : 00;
3712 : 00;
3713 : 00;
3714 : 00;
3715 : 00;
3716 : 00;
3717 : 00;
3718 : 00;
3719 : 00;
371A : 00;
371B : 00;
371C : 00;
371D : 00;
371E : 00;
371F : 00;
3720 : 00;
3721 : 00;
3722 : 00;
3723 : 00;
3724 : 00;
3725 : 00;
3726 : 00;
3727 : 00;
3728 : 00;
3729 : 00;
372A : 00;
372B : 00;
372C : 00;
372D : 00;
372E : 00;
372F : 00;
3730 : 00;
3731 : 00;
3732 : 00;
3733 : 00;
3734 : 00;
3735 : 00;
3736 : 00;
3737 : 00;
3738 : 00;
3739 : 00;
373A : 00;
373B : 00;
373C : 00;
373D : 00;
373E : 00;
373F : 00;
3740 : 00;
3741 : 00;
3742 : 00;
3743 : 00;
3744 : 00;
3745 : 00;
3746 : 00;
3747 : 00;
3748 : 00;
3749 : 00;
374A : 00;
374B : 00;
374C : 00;
374D : 00;
374E : 00;
374F : 00;
3750 : 00;
3751 : 00;
3752 : 00;
3753 : 00;
3754 : 00;
3755 : 00;
3756 : 00;
3757 : 00;
3758 : 00;
3759 : 00;
375A : 00;
375B : 00;
375C : 00;
375D : 00;
375E : 00;
375F : 00;
3760 : 00;
3761 : 00;
3762 : 00;
3763 : 00;
3764 : 00;
3765 : 00;
3766 : 00;
3767 : 00;
3768 : 00;
3769 : 00;
376A : 00;
376B : 00;
376C : 00;
376D : 00;
376E : 00;
376F : 00;
3770 : 00;
3771 : 00;
3772 : 00;
3773 : 00;
3774 : 00;
3775 : 00;
3776 : 00;
3777 : 00;
3778 : 00;
3779 : 00;
377A : 00;
377B : 00;
377C : 00;
377D : 00;
377E : 00;
377F : 00;
3780 : 00;
3781 : 00;
3782 : 00;
3783 : 00;
3784 : 00;
3785 : 00;
3786 : 00;
3787 : 00;
3788 : 00;
3789 : 00;
378A : 00;
378B : 00;
378C : 00;
378D : 00;
378E : 00;
378F : 00;
3790 : 00;
3791 : 00;
3792 : 00;
3793 : 00;
3794 : 00;
3795 : 00;
3796 : 00;
3797 : 00;
3798 : 00;
3799 : 00;
379A : 00;
379B : 00;
379C : 00;
379D : 00;
379E : 00;
379F : 00;
37A0 : 00;
37A1 : 00;
37A2 : 00;
37A3 : 00;
37A4 : 00;
37A5 : 00;
37A6 : 00;
37A7 : 00;
37A8 : 00;
37A9 : 00;
37AA : 00;
37AB : 00;
37AC : 00;
37AD : 00;
37AE : 00;
37AF : 00;
37B0 : 00;
37B1 : 00;
37B2 : 00;
37B3 : 00;
37B4 : 00;
37B5 : 00;
37B6 : 00;
37B7 : 00;
37B8 : 00;
37B9 : 00;
37BA : 00;
37BB : 00;
37BC : 00;
37BD : 00;
37BE : 00;
37BF : 00;
37C0 : 00;
37C1 : 00;
37C2 : 00;
37C3 : 00;
37C4 : 00;
37C5 : 00;
37C6 : 00;
37C7 : 00;
37C8 : 00;
37C9 : 00;
37CA : 00;
37CB : 00;
37CC : 00;
37CD : 00;
37CE : 00;
37CF : 00;
37D0 : 00;
37D1 : 00;
37D2 : 00;
37D3 : 00;
37D4 : 00;
37D5 : 00;
37D6 : 00;
37D7 : 00;
37D8 : 00;
37D9 : 00;
37DA : 00;
37DB : 00;
37DC : 00;
37DD : 00;
37DE : 00;
37DF : 00;
37E0 : 00;
37E1 : 00;
37E2 : 00;
37E3 : 00;
37E4 : 00;
37E5 : 00;
37E6 : 00;
37E7 : 00;
37E8 : 00;
37E9 : 00;
37EA : 00;
37EB : 00;
37EC : 00;
37ED : 00;
37EE : 00;
37EF : 00;
37F0 : 00;
37F1 : 00;
37F2 : 00;
37F3 : 00;
37F4 : 00;
37F5 : 00;
37F6 : 00;
37F7 : 00;
37F8 : 00;
37F9 : 00;
37FA : 00;
37FB : 00;
37FC : 00;
37FD : 00;
37FE : 00;
37FF : 00;
3800 : 00;
3801 : 00;
3802 : 00;
3803 : 00;
3804 : 00;
3805 : 00;
3806 : 00;
3807 : 00;
3808 : 00;
3809 : 00;
380A : 00;
380B : 00;
380C : 00;
380D : 00;
380E : 00;
380F : 00;
3810 : 00;
3811 : 00;
3812 : 00;
3813 : 00;
3814 : 00;
3815 : 00;
3816 : 00;
3817 : 00;
3818 : 00;
3819 : 00;
381A : 00;
381B : 00;
381C : 00;
381D : 00;
381E : 00;
381F : 00;
3820 : 00;
3821 : 00;
3822 : 00;
3823 : 00;
3824 : 00;
3825 : 00;
3826 : 00;
3827 : 00;
3828 : 00;
3829 : 00;
382A : 00;
382B : 00;
382C : 00;
382D : 00;
382E : 00;
382F : 00;
3830 : 00;
3831 : 00;
3832 : 00;
3833 : 00;
3834 : 00;
3835 : 00;
3836 : 00;
3837 : 00;
3838 : 00;
3839 : 00;
383A : 00;
383B : 00;
383C : 00;
383D : 00;
383E : 00;
383F : 00;
3840 : 00;
3841 : 00;
3842 : 00;
3843 : 00;
3844 : 00;
3845 : 00;
3846 : 00;
3847 : 00;
3848 : 00;
3849 : 00;
384A : 00;
384B : 00;
384C : 00;
384D : 00;
384E : 00;
384F : 00;
3850 : 00;
3851 : 00;
3852 : 00;
3853 : 00;
3854 : 00;
3855 : 00;
3856 : 00;
3857 : 00;
3858 : 00;
3859 : 00;
385A : 00;
385B : 00;
385C : 00;
385D : 00;
385E : 00;
385F : 00;
3860 : 00;
3861 : 00;
3862 : 00;
3863 : 00;
3864 : 00;
3865 : 00;
3866 : 00;
3867 : 00;
3868 : 00;
3869 : 00;
386A : 00;
386B : 00;
386C : 00;
386D : 00;
386E : 00;
386F : 00;
3870 : 00;
3871 : 00;
3872 : 00;
3873 : 00;
3874 : 00;
3875 : 00;
3876 : 00;
3877 : 00;
3878 : 00;
3879 : 00;
387A : 00;
387B : 00;
387C : 00;
387D : 00;
387E : 00;
387F : 00;
3880 : 00;
3881 : 00;
3882 : 00;
3883 : 00;
3884 : 00;
3885 : 00;
3886 : 00;
3887 : 00;
3888 : 00;
3889 : 00;
388A : 00;
388B : 00;
388C : 00;
388D : 00;
388E : 00;
388F : 00;
3890 : 00;
3891 : 00;
3892 : 00;
3893 : 00;
3894 : 00;
3895 : 00;
3896 : 00;
3897 : 00;
3898 : 00;
3899 : 00;
389A : 00;
389B : 00;
389C : 00;
389D : 00;
389E : 00;
389F : 00;
38A0 : 00;
38A1 : 00;
38A2 : 00;
38A3 : 00;
38A4 : 00;
38A5 : 00;
38A6 : 00;
38A7 : 00;
38A8 : 00;
38A9 : 00;
38AA : 00;
38AB : 00;
38AC : 00;
38AD : 00;
38AE : 00;
38AF : 00;
38B0 : 00;
38B1 : 00;
38B2 : 00;
38B3 : 00;
38B4 : 00;
38B5 : 00;
38B6 : 00;
38B7 : 00;
38B8 : 00;
38B9 : 00;
38BA : 00;
38BB : 00;
38BC : 00;
38BD : 00;
38BE : 00;
38BF : 00;
38C0 : 00;
38C1 : 00;
38C2 : 00;
38C3 : 00;
38C4 : 00;
38C5 : 00;
38C6 : 00;
38C7 : 00;
38C8 : 00;
38C9 : 00;
38CA : 00;
38CB : 00;
38CC : 00;
38CD : 00;
38CE : 00;
38CF : 00;
38D0 : 00;
38D1 : 00;
38D2 : 00;
38D3 : 00;
38D4 : 00;
38D5 : 00;
38D6 : 00;
38D7 : 00;
38D8 : 00;
38D9 : 00;
38DA : 00;
38DB : 00;
38DC : 00;
38DD : 00;
38DE : 00;
38DF : 00;
38E0 : 00;
38E1 : 00;
38E2 : 00;
38E3 : 00;
38E4 : 00;
38E5 : 00;
38E6 : 00;
38E7 : 00;
38E8 : 00;
38E9 : 00;
38EA : 00;
38EB : 00;
38EC : 00;
38ED : 00;
38EE : 00;
38EF : 00;
38F0 : 00;
38F1 : 00;
38F2 : 00;
38F3 : 00;
38F4 : 00;
38F5 : 00;
38F6 : 00;
38F7 : 00;
38F8 : 00;
38F9 : 00;
38FA : 00;
38FB : 00;
38FC : 00;
38FD : 00;
38FE : 00;
38FF : 00;
3900 : 00;
3901 : 00;
3902 : 00;
3903 : 00;
3904 : 00;
3905 : 00;
3906 : 00;
3907 : 00;
3908 : 00;
3909 : 00;
390A : 00;
390B : 00;
390C : 00;
390D : 00;
390E : 00;
390F : 00;
3910 : 00;
3911 : 00;
3912 : 00;
3913 : 00;
3914 : 00;
3915 : 00;
3916 : 00;
3917 : 00;
3918 : 00;
3919 : 00;
391A : 00;
391B : 00;
391C : 00;
391D : 00;
391E : 00;
391F : 00;
3920 : 00;
3921 : 00;
3922 : 00;
3923 : 00;
3924 : 00;
3925 : 00;
3926 : 00;
3927 : 00;
3928 : 00;
3929 : 00;
392A : 00;
392B : 00;
392C : 00;
392D : 00;
392E : 00;
392F : 00;
3930 : 00;
3931 : 00;
3932 : 00;
3933 : 00;
3934 : 00;
3935 : 00;
3936 : 00;
3937 : 00;
3938 : 00;
3939 : 00;
393A : 00;
393B : 00;
393C : 00;
393D : 00;
393E : 00;
393F : 00;
3940 : 00;
3941 : 00;
3942 : 00;
3943 : 00;
3944 : 00;
3945 : 00;
3946 : 00;
3947 : 00;
3948 : 00;
3949 : 00;
394A : 00;
394B : 00;
394C : 00;
394D : 00;
394E : 00;
394F : 00;
3950 : 00;
3951 : 00;
3952 : 00;
3953 : 00;
3954 : 00;
3955 : 00;
3956 : 00;
3957 : 00;
3958 : 00;
3959 : 00;
395A : 00;
395B : 00;
395C : 00;
395D : 00;
395E : 00;
395F : 00;
3960 : 00;
3961 : 00;
3962 : 00;
3963 : 00;
3964 : 00;
3965 : 00;
3966 : 00;
3967 : 00;
3968 : 00;
3969 : 00;
396A : 00;
396B : 00;
396C : 00;
396D : 00;
396E : 00;
396F : 00;
3970 : 00;
3971 : 00;
3972 : 00;
3973 : 00;
3974 : 00;
3975 : 00;
3976 : 00;
3977 : 00;
3978 : 00;
3979 : 00;
397A : 00;
397B : 00;
397C : 00;
397D : 00;
397E : 00;
397F : 00;
3980 : 00;
3981 : 00;
3982 : 00;
3983 : 00;
3984 : 00;
3985 : 00;
3986 : 00;
3987 : 00;
3988 : 00;
3989 : 00;
398A : 00;
398B : 00;
398C : 00;
398D : 00;
398E : 00;
398F : 00;
3990 : 00;
3991 : 00;
3992 : 00;
3993 : 00;
3994 : 00;
3995 : 00;
3996 : 00;
3997 : 00;
3998 : 00;
3999 : 00;
399A : 00;
399B : 00;
399C : 00;
399D : 00;
399E : 00;
399F : 00;
39A0 : 00;
39A1 : 00;
39A2 : 00;
39A3 : 00;
39A4 : 00;
39A5 : 00;
39A6 : 00;
39A7 : 00;
39A8 : 00;
39A9 : 00;
39AA : 00;
39AB : 00;
39AC : 00;
39AD : 00;
39AE : 00;
39AF : 00;
39B0 : 00;
39B1 : 00;
39B2 : 00;
39B3 : 00;
39B4 : 00;
39B5 : 00;
39B6 : 00;
39B7 : 00;
39B8 : 00;
39B9 : 00;
39BA : 00;
39BB : 00;
39BC : 00;
39BD : 00;
39BE : 00;
39BF : 00;
39C0 : 00;
39C1 : 00;
39C2 : 00;
39C3 : 00;
39C4 : 00;
39C5 : 00;
39C6 : 00;
39C7 : 00;
39C8 : 00;
39C9 : 00;
39CA : 00;
39CB : 00;
39CC : 00;
39CD : 00;
39CE : 00;
39CF : 00;
39D0 : 00;
39D1 : 00;
39D2 : 00;
39D3 : 00;
39D4 : 00;
39D5 : 00;
39D6 : 00;
39D7 : 00;
39D8 : 00;
39D9 : 00;
39DA : 00;
39DB : 00;
39DC : 00;
39DD : 00;
39DE : 00;
39DF : 00;
39E0 : 00;
39E1 : 00;
39E2 : 00;
39E3 : 00;
39E4 : 00;
39E5 : 00;
39E6 : 00;
39E7 : 00;
39E8 : 00;
39E9 : 00;
39EA : 00;
39EB : 00;
39EC : 00;
39ED : 00;
39EE : 00;
39EF : 00;
39F0 : 00;
39F1 : 00;
39F2 : 00;
39F3 : 00;
39F4 : 00;
39F5 : 00;
39F6 : 00;
39F7 : 00;
39F8 : 00;
39F9 : 00;
39FA : 00;
39FB : 00;
39FC : 00;
39FD : 00;
39FE : 00;
39FF : 00;
3A00 : 00;
3A01 : 00;
3A02 : 00;
3A03 : 00;
3A04 : 00;
3A05 : 00;
3A06 : 00;
3A07 : 00;
3A08 : 00;
3A09 : 00;
3A0A : 00;
3A0B : 00;
3A0C : 00;
3A0D : 00;
3A0E : 00;
3A0F : 00;
3A10 : 00;
3A11 : 00;
3A12 : 00;
3A13 : 00;
3A14 : 00;
3A15 : 00;
3A16 : 00;
3A17 : 00;
3A18 : 00;
3A19 : 00;
3A1A : 00;
3A1B : 00;
3A1C : 00;
3A1D : 00;
3A1E : 00;
3A1F : 00;
3A20 : 00;
3A21 : 00;
3A22 : 00;
3A23 : 00;
3A24 : 00;
3A25 : 00;
3A26 : 00;
3A27 : 00;
3A28 : 00;
3A29 : 00;
3A2A : 00;
3A2B : 00;
3A2C : 00;
3A2D : 00;
3A2E : 00;
3A2F : 00;
3A30 : 00;
3A31 : 00;
3A32 : 00;
3A33 : 00;
3A34 : 00;
3A35 : 00;
3A36 : 00;
3A37 : 00;
3A38 : 00;
3A39 : 00;
3A3A : 00;
3A3B : 00;
3A3C : 00;
3A3D : 00;
3A3E : 00;
3A3F : 00;
3A40 : 00;
3A41 : 00;
3A42 : 00;
3A43 : 00;
3A44 : 00;
3A45 : 00;
3A46 : 00;
3A47 : 00;
3A48 : 00;
3A49 : 00;
3A4A : 00;
3A4B : 00;
3A4C : 00;
3A4D : 00;
3A4E : 00;
3A4F : 00;
3A50 : 00;
3A51 : 00;
3A52 : 00;
3A53 : 00;
3A54 : 00;
3A55 : 00;
3A56 : 00;
3A57 : 00;
3A58 : 00;
3A59 : 00;
3A5A : 00;
3A5B : 00;
3A5C : 00;
3A5D : 00;
3A5E : 00;
3A5F : 00;
3A60 : 00;
3A61 : 00;
3A62 : 00;
3A63 : 00;
3A64 : 00;
3A65 : 00;
3A66 : 00;
3A67 : 00;
3A68 : 00;
3A69 : 00;
3A6A : 00;
3A6B : 00;
3A6C : 00;
3A6D : 00;
3A6E : 00;
3A6F : 00;
3A70 : 00;
3A71 : 00;
3A72 : 00;
3A73 : 00;
3A74 : 00;
3A75 : 00;
3A76 : 00;
3A77 : 00;
3A78 : 00;
3A79 : 00;
3A7A : 00;
3A7B : 00;
3A7C : 00;
3A7D : 00;
3A7E : 00;
3A7F : 00;
3A80 : 00;
3A81 : 00;
3A82 : 00;
3A83 : 00;
3A84 : 00;
3A85 : 00;
3A86 : 00;
3A87 : 00;
3A88 : 00;
3A89 : 00;
3A8A : 00;
3A8B : 00;
3A8C : 00;
3A8D : 00;
3A8E : 00;
3A8F : 00;
3A90 : 00;
3A91 : 00;
3A92 : 00;
3A93 : 00;
3A94 : 00;
3A95 : 00;
3A96 : 00;
3A97 : 00;
3A98 : 00;
3A99 : 00;
3A9A : 00;
3A9B : 00;
3A9C : 00;
3A9D : 00;
3A9E : 00;
3A9F : 00;
3AA0 : 00;
3AA1 : 00;
3AA2 : 00;
3AA3 : 00;
3AA4 : 00;
3AA5 : 00;
3AA6 : 00;
3AA7 : 00;
3AA8 : 00;
3AA9 : 00;
3AAA : 00;
3AAB : 00;
3AAC : 00;
3AAD : 00;
3AAE : 00;
3AAF : 00;
3AB0 : 00;
3AB1 : 00;
3AB2 : 00;
3AB3 : 00;
3AB4 : 00;
3AB5 : 00;
3AB6 : 00;
3AB7 : 00;
3AB8 : 00;
3AB9 : 00;
3ABA : 00;
3ABB : 00;
3ABC : 00;
3ABD : 00;
3ABE : 00;
3ABF : 00;
3AC0 : 00;
3AC1 : 00;
3AC2 : 00;
3AC3 : 00;
3AC4 : 00;
3AC5 : 00;
3AC6 : 00;
3AC7 : 00;
3AC8 : 00;
3AC9 : 00;
3ACA : 00;
3ACB : 00;
3ACC : 00;
3ACD : 00;
3ACE : 00;
3ACF : 00;
3AD0 : 00;
3AD1 : 00;
3AD2 : 00;
3AD3 : 00;
3AD4 : 00;
3AD5 : 00;
3AD6 : 00;
3AD7 : 00;
3AD8 : 00;
3AD9 : 00;
3ADA : 00;
3ADB : 00;
3ADC : 00;
3ADD : 00;
3ADE : 00;
3ADF : 00;
3AE0 : 00;
3AE1 : 00;
3AE2 : 00;
3AE3 : 00;
3AE4 : 00;
3AE5 : 00;
3AE6 : 00;
3AE7 : 00;
3AE8 : 00;
3AE9 : 00;
3AEA : 00;
3AEB : 00;
3AEC : 00;
3AED : 00;
3AEE : 00;
3AEF : 00;
3AF0 : 00;
3AF1 : 00;
3AF2 : 00;
3AF3 : 00;
3AF4 : 00;
3AF5 : 00;
3AF6 : 00;
3AF7 : 00;
3AF8 : 00;
3AF9 : 00;
3AFA : 00;
3AFB : 00;
3AFC : 00;
3AFD : 00;
3AFE : 00;
3AFF : 00;
3B00 : 00;
3B01 : 00;
3B02 : 00;
3B03 : 00;
3B04 : 00;
3B05 : 00;
3B06 : 00;
3B07 : 00;
3B08 : 00;
3B09 : 00;
3B0A : 00;
3B0B : 00;
3B0C : 00;
3B0D : 00;
3B0E : 00;
3B0F : 00;
3B10 : 00;
3B11 : 00;
3B12 : 00;
3B13 : 00;
3B14 : 00;
3B15 : 00;
3B16 : 00;
3B17 : 00;
3B18 : 00;
3B19 : 00;
3B1A : 00;
3B1B : 00;
3B1C : 00;
3B1D : 00;
3B1E : 00;
3B1F : 00;
3B20 : 00;
3B21 : 00;
3B22 : 00;
3B23 : 00;
3B24 : 00;
3B25 : 00;
3B26 : 00;
3B27 : 00;
3B28 : 00;
3B29 : 00;
3B2A : 00;
3B2B : 00;
3B2C : 00;
3B2D : 00;
3B2E : 00;
3B2F : 00;
3B30 : 00;
3B31 : 00;
3B32 : 00;
3B33 : 00;
3B34 : 00;
3B35 : 00;
3B36 : 00;
3B37 : 00;
3B38 : 00;
3B39 : 00;
3B3A : 00;
3B3B : 00;
3B3C : 00;
3B3D : 00;
3B3E : 00;
3B3F : 00;
3B40 : 00;
3B41 : 00;
3B42 : 00;
3B43 : 00;
3B44 : 00;
3B45 : 00;
3B46 : 00;
3B47 : 00;
3B48 : 00;
3B49 : 00;
3B4A : 00;
3B4B : 00;
3B4C : 00;
3B4D : 00;
3B4E : 00;
3B4F : 00;
3B50 : 00;
3B51 : 00;
3B52 : 00;
3B53 : 00;
3B54 : 00;
3B55 : 00;
3B56 : 00;
3B57 : 00;
3B58 : 00;
3B59 : 00;
3B5A : 00;
3B5B : 00;
3B5C : 00;
3B5D : 00;
3B5E : 00;
3B5F : 00;
3B60 : 00;
3B61 : 00;
3B62 : 00;
3B63 : 00;
3B64 : 00;
3B65 : 00;
3B66 : 00;
3B67 : 00;
3B68 : 00;
3B69 : 00;
3B6A : 00;
3B6B : 00;
3B6C : 00;
3B6D : 00;
3B6E : 00;
3B6F : 00;
3B70 : 00;
3B71 : 00;
3B72 : 00;
3B73 : 00;
3B74 : 00;
3B75 : 00;
3B76 : 00;
3B77 : 00;
3B78 : 00;
3B79 : 00;
3B7A : 00;
3B7B : 00;
3B7C : 00;
3B7D : 00;
3B7E : 00;
3B7F : 00;
3B80 : 00;
3B81 : 00;
3B82 : 00;
3B83 : 00;
3B84 : 00;
3B85 : 00;
3B86 : 00;
3B87 : 00;
3B88 : 00;
3B89 : 00;
3B8A : 00;
3B8B : 00;
3B8C : 00;
3B8D : 00;
3B8E : 00;
3B8F : 00;
3B90 : 00;
3B91 : 00;
3B92 : 00;
3B93 : 00;
3B94 : 00;
3B95 : 00;
3B96 : 00;
3B97 : 00;
3B98 : 00;
3B99 : 00;
3B9A : 00;
3B9B : 00;
3B9C : 00;
3B9D : 00;
3B9E : 00;
3B9F : 00;
3BA0 : 00;
3BA1 : 00;
3BA2 : 00;
3BA3 : 00;
3BA4 : 00;
3BA5 : 00;
3BA6 : 00;
3BA7 : 00;
3BA8 : 00;
3BA9 : 00;
3BAA : 00;
3BAB : 00;
3BAC : 00;
3BAD : 00;
3BAE : 00;
3BAF : 00;
3BB0 : 00;
3BB1 : 00;
3BB2 : 00;
3BB3 : 00;
3BB4 : 00;
3BB5 : 00;
3BB6 : 00;
3BB7 : 00;
3BB8 : 00;
3BB9 : 00;
3BBA : 00;
3BBB : 00;
3BBC : 00;
3BBD : 00;
3BBE : 00;
3BBF : 00;
3BC0 : 00;
3BC1 : 00;
3BC2 : 00;
3BC3 : 00;
3BC4 : 00;
3BC5 : 00;
3BC6 : 00;
3BC7 : 00;
3BC8 : 00;
3BC9 : 00;
3BCA : 00;
3BCB : 00;
3BCC : 00;
3BCD : 00;
3BCE : 00;
3BCF : 00;
3BD0 : 00;
3BD1 : 00;
3BD2 : 00;
3BD3 : 00;
3BD4 : 00;
3BD5 : 00;
3BD6 : 00;
3BD7 : 00;
3BD8 : 00;
3BD9 : 00;
3BDA : 00;
3BDB : 00;
3BDC : 00;
3BDD : 00;
3BDE : 00;
3BDF : 00;
3BE0 : 00;
3BE1 : 00;
3BE2 : 00;
3BE3 : 00;
3BE4 : 00;
3BE5 : 00;
3BE6 : 00;
3BE7 : 00;
3BE8 : 00;
3BE9 : 00;
3BEA : 00;
3BEB : 00;
3BEC : 00;
3BED : 00;
3BEE : 00;
3BEF : 00;
3BF0 : 00;
3BF1 : 00;
3BF2 : 00;
3BF3 : 00;
3BF4 : 00;
3BF5 : 00;
3BF6 : 00;
3BF7 : 00;
3BF8 : 00;
3BF9 : 00;
3BFA : 00;
3BFB : 00;
3BFC : 00;
3BFD : 00;
3BFE : 00;
3BFF : 00;
3C00 : 00;
3C01 : 00;
3C02 : 00;
3C03 : 00;
3C04 : 00;
3C05 : 00;
3C06 : 00;
3C07 : 00;
3C08 : 00;
3C09 : 00;
3C0A : 00;
3C0B : 00;
3C0C : 00;
3C0D : 00;
3C0E : 00;
3C0F : 00;
3C10 : 00;
3C11 : 00;
3C12 : 00;
3C13 : 00;
3C14 : 00;
3C15 : 00;
3C16 : 00;
3C17 : 00;
3C18 : 00;
3C19 : 00;
3C1A : 00;
3C1B : 00;
3C1C : 00;
3C1D : 00;
3C1E : 00;
3C1F : 00;
3C20 : 00;
3C21 : 00;
3C22 : 00;
3C23 : 00;
3C24 : 00;
3C25 : 00;
3C26 : 00;
3C27 : 00;
3C28 : 00;
3C29 : 00;
3C2A : 00;
3C2B : 00;
3C2C : 00;
3C2D : 00;
3C2E : 00;
3C2F : 00;
3C30 : 00;
3C31 : 00;
3C32 : 00;
3C33 : 00;
3C34 : 00;
3C35 : 00;
3C36 : 00;
3C37 : 00;
3C38 : 00;
3C39 : 00;
3C3A : 00;
3C3B : 00;
3C3C : 00;
3C3D : 00;
3C3E : 00;
3C3F : 00;
3C40 : 00;
3C41 : 00;
3C42 : 00;
3C43 : 00;
3C44 : 00;
3C45 : 00;
3C46 : 00;
3C47 : 00;
3C48 : 00;
3C49 : 00;
3C4A : 00;
3C4B : 00;
3C4C : 00;
3C4D : 00;
3C4E : 00;
3C4F : 00;
3C50 : 00;
3C51 : 00;
3C52 : 00;
3C53 : 00;
3C54 : 00;
3C55 : 00;
3C56 : 00;
3C57 : 00;
3C58 : 00;
3C59 : 00;
3C5A : 00;
3C5B : 00;
3C5C : 00;
3C5D : 00;
3C5E : 00;
3C5F : 00;
3C60 : 00;
3C61 : 00;
3C62 : 00;
3C63 : 00;
3C64 : 00;
3C65 : 00;
3C66 : 00;
3C67 : 00;
3C68 : 00;
3C69 : 00;
3C6A : 00;
3C6B : 00;
3C6C : 00;
3C6D : 00;
3C6E : 00;
3C6F : 00;
3C70 : 00;
3C71 : 00;
3C72 : 00;
3C73 : 00;
3C74 : 00;
3C75 : 00;
3C76 : 00;
3C77 : 00;
3C78 : 00;
3C79 : 00;
3C7A : 00;
3C7B : 00;
3C7C : 00;
3C7D : 00;
3C7E : 00;
3C7F : 00;
3C80 : 00;
3C81 : 00;
3C82 : 00;
3C83 : 00;
3C84 : 00;
3C85 : 00;
3C86 : 00;
3C87 : 00;
3C88 : 00;
3C89 : 00;
3C8A : 00;
3C8B : 00;
3C8C : 00;
3C8D : 00;
3C8E : 00;
3C8F : 00;
3C90 : 00;
3C91 : 00;
3C92 : 00;
3C93 : 00;
3C94 : 00;
3C95 : 00;
3C96 : 00;
3C97 : 00;
3C98 : 00;
3C99 : 00;
3C9A : 00;
3C9B : 00;
3C9C : 00;
3C9D : 00;
3C9E : 00;
3C9F : 00;
3CA0 : 00;
3CA1 : 00;
3CA2 : 00;
3CA3 : 00;
3CA4 : 00;
3CA5 : 00;
3CA6 : 00;
3CA7 : 00;
3CA8 : 00;
3CA9 : 00;
3CAA : 00;
3CAB : 00;
3CAC : 00;
3CAD : 00;
3CAE : 00;
3CAF : 00;
3CB0 : 00;
3CB1 : 00;
3CB2 : 00;
3CB3 : 00;
3CB4 : 00;
3CB5 : 00;
3CB6 : 00;
3CB7 : 00;
3CB8 : 00;
3CB9 : 00;
3CBA : 00;
3CBB : 00;
3CBC : 00;
3CBD : 00;
3CBE : 00;
3CBF : 00;
3CC0 : 00;
3CC1 : 00;
3CC2 : 00;
3CC3 : 00;
3CC4 : 00;
3CC5 : 00;
3CC6 : 00;
3CC7 : 00;
3CC8 : 00;
3CC9 : 00;
3CCA : 00;
3CCB : 00;
3CCC : 00;
3CCD : 00;
3CCE : 00;
3CCF : 00;
3CD0 : 00;
3CD1 : 00;
3CD2 : 00;
3CD3 : 00;
3CD4 : 00;
3CD5 : 00;
3CD6 : 00;
3CD7 : 00;
3CD8 : 00;
3CD9 : 00;
3CDA : 00;
3CDB : 00;
3CDC : 00;
3CDD : 00;
3CDE : 00;
3CDF : 00;
3CE0 : 00;
3CE1 : 00;
3CE2 : 00;
3CE3 : 00;
3CE4 : 00;
3CE5 : 00;
3CE6 : 00;
3CE7 : 00;
3CE8 : 00;
3CE9 : 00;
3CEA : 00;
3CEB : 00;
3CEC : 00;
3CED : 00;
3CEE : 00;
3CEF : 00;
3CF0 : 00;
3CF1 : 00;
3CF2 : 00;
3CF3 : 00;
3CF4 : 00;
3CF5 : 00;
3CF6 : 00;
3CF7 : 00;
3CF8 : 00;
3CF9 : 00;
3CFA : 00;
3CFB : 00;
3CFC : 00;
3CFD : 00;
3CFE : 00;
3CFF : 00;
3D00 : 00;
3D01 : 00;
3D02 : 00;
3D03 : 00;
3D04 : 00;
3D05 : 00;
3D06 : 00;
3D07 : 00;
3D08 : 00;
3D09 : 00;
3D0A : 00;
3D0B : 00;
3D0C : 00;
3D0D : 00;
3D0E : 00;
3D0F : 00;
3D10 : 00;
3D11 : 00;
3D12 : 00;
3D13 : 00;
3D14 : 00;
3D15 : 00;
3D16 : 00;
3D17 : 00;
3D18 : 00;
3D19 : 00;
3D1A : 00;
3D1B : 00;
3D1C : 00;
3D1D : 00;
3D1E : 00;
3D1F : 00;
3D20 : 00;
3D21 : 00;
3D22 : 00;
3D23 : 00;
3D24 : 00;
3D25 : 00;
3D26 : 00;
3D27 : 00;
3D28 : 00;
3D29 : 00;
3D2A : 00;
3D2B : 00;
3D2C : 00;
3D2D : 00;
3D2E : 00;
3D2F : 00;
3D30 : 00;
3D31 : 00;
3D32 : 00;
3D33 : 00;
3D34 : 00;
3D35 : 00;
3D36 : 00;
3D37 : 00;
3D38 : 00;
3D39 : 00;
3D3A : 00;
3D3B : 00;
3D3C : 00;
3D3D : 00;
3D3E : 00;
3D3F : 00;
3D40 : 00;
3D41 : 00;
3D42 : 00;
3D43 : 00;
3D44 : 00;
3D45 : 00;
3D46 : 00;
3D47 : 00;
3D48 : 00;
3D49 : 00;
3D4A : 00;
3D4B : 00;
3D4C : 00;
3D4D : 00;
3D4E : 00;
3D4F : 00;
3D50 : 00;
3D51 : 00;
3D52 : 00;
3D53 : 00;
3D54 : 00;
3D55 : 00;
3D56 : 00;
3D57 : 00;
3D58 : 00;
3D59 : 00;
3D5A : 00;
3D5B : 00;
3D5C : 00;
3D5D : 00;
3D5E : 00;
3D5F : 00;
3D60 : 00;
3D61 : 00;
3D62 : 00;
3D63 : 00;
3D64 : 00;
3D65 : 00;
3D66 : 00;
3D67 : 00;
3D68 : 00;
3D69 : 00;
3D6A : 00;
3D6B : 00;
3D6C : 00;
3D6D : 00;
3D6E : 00;
3D6F : 00;
3D70 : 00;
3D71 : 00;
3D72 : 00;
3D73 : 00;
3D74 : 00;
3D75 : 00;
3D76 : 00;
3D77 : 00;
3D78 : 00;
3D79 : 00;
3D7A : 00;
3D7B : 00;
3D7C : 00;
3D7D : 00;
3D7E : 00;
3D7F : 00;
3D80 : 00;
3D81 : 00;
3D82 : 00;
3D83 : 00;
3D84 : 00;
3D85 : 00;
3D86 : 00;
3D87 : 00;
3D88 : 00;
3D89 : 00;
3D8A : 00;
3D8B : 00;
3D8C : 00;
3D8D : 00;
3D8E : 00;
3D8F : 00;
3D90 : 00;
3D91 : 00;
3D92 : 00;
3D93 : 00;
3D94 : 00;
3D95 : 00;
3D96 : 00;
3D97 : 00;
3D98 : 00;
3D99 : 00;
3D9A : 00;
3D9B : 00;
3D9C : 00;
3D9D : 00;
3D9E : 00;
3D9F : 00;
3DA0 : 00;
3DA1 : 00;
3DA2 : 00;
3DA3 : 00;
3DA4 : 00;
3DA5 : 00;
3DA6 : 00;
3DA7 : 00;
3DA8 : 00;
3DA9 : 00;
3DAA : 00;
3DAB : 00;
3DAC : 00;
3DAD : 00;
3DAE : 00;
3DAF : 00;
3DB0 : 00;
3DB1 : 00;
3DB2 : 00;
3DB3 : 00;
3DB4 : 00;
3DB5 : 00;
3DB6 : 00;
3DB7 : 00;
3DB8 : 00;
3DB9 : 00;
3DBA : 00;
3DBB : 00;
3DBC : 00;
3DBD : 00;
3DBE : 00;
3DBF : 00;
3DC0 : 00;
3DC1 : 00;
3DC2 : 00;
3DC3 : 00;
3DC4 : 00;
3DC5 : 00;
3DC6 : 00;
3DC7 : 00;
3DC8 : 00;
3DC9 : 00;
3DCA : 00;
3DCB : 00;
3DCC : 00;
3DCD : 00;
3DCE : 00;
3DCF : 00;
3DD0 : 00;
3DD1 : 00;
3DD2 : 00;
3DD3 : 00;
3DD4 : 00;
3DD5 : 00;
3DD6 : 00;
3DD7 : 00;
3DD8 : 00;
3DD9 : 00;
3DDA : 00;
3DDB : 00;
3DDC : 00;
3DDD : 00;
3DDE : 00;
3DDF : 00;
3DE0 : 00;
3DE1 : 00;
3DE2 : 00;
3DE3 : 00;
3DE4 : 00;
3DE5 : 00;
3DE6 : 00;
3DE7 : 00;
3DE8 : 00;
3DE9 : 00;
3DEA : 00;
3DEB : 00;
3DEC : 00;
3DED : 00;
3DEE : 00;
3DEF : 00;
3DF0 : 00;
3DF1 : 00;
3DF2 : 00;
3DF3 : 00;
3DF4 : 00;
3DF5 : 00;
3DF6 : 00;
3DF7 : 00;
3DF8 : 00;
3DF9 : 00;
3DFA : 00;
3DFB : 00;
3DFC : 00;
3DFD : 00;
3DFE : 00;
3DFF : 00;
3E00 : 00;
3E01 : 00;
3E02 : 00;
3E03 : 00;
3E04 : 00;
3E05 : 00;
3E06 : 00;
3E07 : 00;
3E08 : 00;
3E09 : 00;
3E0A : 00;
3E0B : 00;
3E0C : 00;
3E0D : 00;
3E0E : 00;
3E0F : 00;
3E10 : 00;
3E11 : 00;
3E12 : 00;
3E13 : 00;
3E14 : 00;
3E15 : 00;
3E16 : 00;
3E17 : 00;
3E18 : 00;
3E19 : 00;
3E1A : 00;
3E1B : 00;
3E1C : 00;
3E1D : 00;
3E1E : 00;
3E1F : 00;
3E20 : 00;
3E21 : 00;
3E22 : 00;
3E23 : 00;
3E24 : 00;
3E25 : 00;
3E26 : 00;
3E27 : 00;
3E28 : 00;
3E29 : 00;
3E2A : 00;
3E2B : 00;
3E2C : 00;
3E2D : 00;
3E2E : 00;
3E2F : 00;
3E30 : 00;
3E31 : 00;
3E32 : 00;
3E33 : 00;
3E34 : 00;
3E35 : 00;
3E36 : 00;
3E37 : 00;
3E38 : 00;
3E39 : 00;
3E3A : 00;
3E3B : 00;
3E3C : 00;
3E3D : 00;
3E3E : 00;
3E3F : 00;
3E40 : 00;
3E41 : 00;
3E42 : 00;
3E43 : 00;
3E44 : 00;
3E45 : 00;
3E46 : 00;
3E47 : 00;
3E48 : 00;
3E49 : 00;
3E4A : 00;
3E4B : 00;
3E4C : 00;
3E4D : 00;
3E4E : 00;
3E4F : 00;
3E50 : 00;
3E51 : 00;
3E52 : 00;
3E53 : 00;
3E54 : 00;
3E55 : 00;
3E56 : 00;
3E57 : 00;
3E58 : 00;
3E59 : 00;
3E5A : 00;
3E5B : 00;
3E5C : 00;
3E5D : 00;
3E5E : 00;
3E5F : 00;
3E60 : 00;
3E61 : 00;
3E62 : 00;
3E63 : 00;
3E64 : 00;
3E65 : 00;
3E66 : 00;
3E67 : 00;
3E68 : 00;
3E69 : 00;
3E6A : 00;
3E6B : 00;
3E6C : 00;
3E6D : 00;
3E6E : 00;
3E6F : 00;
3E70 : 00;
3E71 : 00;
3E72 : 00;
3E73 : 00;
3E74 : 00;
3E75 : 00;
3E76 : 00;
3E77 : 00;
3E78 : 00;
3E79 : 00;
3E7A : 00;
3E7B : 00;
3E7C : 00;
3E7D : 00;
3E7E : 00;
3E7F : 00;
3E80 : 00;
3E81 : 00;
3E82 : 00;
3E83 : 00;
3E84 : 00;
3E85 : 00;
3E86 : 00;
3E87 : 00;
3E88 : 00;
3E89 : 00;
3E8A : 00;
3E8B : 00;
3E8C : 00;
3E8D : 00;
3E8E : 00;
3E8F : 00;
3E90 : 00;
3E91 : 00;
3E92 : 00;
3E93 : 00;
3E94 : 00;
3E95 : 00;
3E96 : 00;
3E97 : 00;
3E98 : 00;
3E99 : 00;
3E9A : 00;
3E9B : 00;
3E9C : 00;
3E9D : 00;
3E9E : 00;
3E9F : 00;
3EA0 : 00;
3EA1 : 00;
3EA2 : 00;
3EA3 : 00;
3EA4 : 00;
3EA5 : 00;
3EA6 : 00;
3EA7 : 00;
3EA8 : 00;
3EA9 : 00;
3EAA : 00;
3EAB : 00;
3EAC : 00;
3EAD : 00;
3EAE : 00;
3EAF : 00;
3EB0 : 00;
3EB1 : 00;
3EB2 : 00;
3EB3 : 00;
3EB4 : 00;
3EB5 : 00;
3EB6 : 00;
3EB7 : 00;
3EB8 : 00;
3EB9 : 00;
3EBA : 00;
3EBB : 00;
3EBC : 00;
3EBD : 00;
3EBE : 00;
3EBF : 00;
3EC0 : 00;
3EC1 : 00;
3EC2 : 00;
3EC3 : 00;
3EC4 : 00;
3EC5 : 00;
3EC6 : 00;
3EC7 : 00;
3EC8 : 00;
3EC9 : 00;
3ECA : 00;
3ECB : 00;
3ECC : 00;
3ECD : 00;
3ECE : 00;
3ECF : 00;
3ED0 : 00;
3ED1 : 00;
3ED2 : 00;
3ED3 : 00;
3ED4 : 00;
3ED5 : 00;
3ED6 : 00;
3ED7 : 00;
3ED8 : 00;
3ED9 : 00;
3EDA : 00;
3EDB : 00;
3EDC : 00;
3EDD : 00;
3EDE : 00;
3EDF : 00;
3EE0 : 00;
3EE1 : 00;
3EE2 : 00;
3EE3 : 00;
3EE4 : 00;
3EE5 : 00;
3EE6 : 00;
3EE7 : 00;
3EE8 : 00;
3EE9 : 00;
3EEA : 00;
3EEB : 00;
3EEC : 00;
3EED : 00;
3EEE : 00;
3EEF : 00;
3EF0 : 00;
3EF1 : 00;
3EF2 : 00;
3EF3 : 00;
3EF4 : 00;
3EF5 : 00;
3EF6 : 00;
3EF7 : 00;
3EF8 : 00;
3EF9 : 00;
3EFA : 00;
3EFB : 00;
3EFC : 00;
3EFD : 00;
3EFE : 00;
3EFF : 00;
3F00 : 00;
3F01 : 00;
3F02 : 00;
3F03 : 00;
3F04 : 00;
3F05 : 00;
3F06 : 00;
3F07 : 00;
3F08 : 00;
3F09 : 00;
3F0A : 00;
3F0B : 00;
3F0C : 00;
3F0D : 00;
3F0E : 00;
3F0F : 00;
3F10 : 00;
3F11 : 00;
3F12 : 00;
3F13 : 00;
3F14 : 00;
3F15 : 00;
3F16 : 00;
3F17 : 00;
3F18 : 00;
3F19 : 00;
3F1A : 00;
3F1B : 00;
3F1C : 00;
3F1D : 00;
3F1E : 00;
3F1F : 00;
3F20 : 00;
3F21 : 00;
3F22 : 00;
3F23 : 00;
3F24 : 00;
3F25 : 00;
3F26 : 00;
3F27 : 00;
3F28 : 00;
3F29 : 00;
3F2A : 00;
3F2B : 00;
3F2C : 00;
3F2D : 00;
3F2E : 00;
3F2F : 00;
3F30 : 00;
3F31 : 00;
3F32 : 00;
3F33 : 00;
3F34 : 00;
3F35 : 00;
3F36 : 00;
3F37 : 00;
3F38 : 00;
3F39 : 00;
3F3A : 00;
3F3B : 00;
3F3C : 00;
3F3D : 00;
3F3E : 00;
3F3F : 00;
3F40 : 00;
3F41 : 00;
3F42 : 00;
3F43 : 00;
3F44 : 00;
3F45 : 00;
3F46 : 00;
3F47 : 00;
3F48 : 00;
3F49 : 00;
3F4A : 00;
3F4B : 00;
3F4C : 00;
3F4D : 00;
3F4E : 00;
3F4F : 00;
3F50 : 00;
3F51 : 00;
3F52 : 00;
3F53 : 00;
3F54 : 00;
3F55 : 00;
3F56 : 00;
3F57 : 00;
3F58 : 00;
3F59 : 00;
3F5A : 00;
3F5B : 00;
3F5C : 00;
3F5D : 00;
3F5E : 00;
3F5F : 00;
3F60 : 00;
3F61 : 00;
3F62 : 00;
3F63 : 00;
3F64 : 00;
3F65 : 00;
3F66 : 00;
3F67 : 00;
3F68 : 00;
3F69 : 00;
3F6A : 00;
3F6B : 00;
3F6C : 00;
3F6D : 00;
3F6E : 00;
3F6F : 00;
3F70 : 00;
3F71 : 00;
3F72 : 00;
3F73 : 00;
3F74 : 00;
3F75 : 00;
3F76 : 00;
3F77 : 00;
3F78 : 00;
3F79 : 00;
3F7A : 00;
3F7B : 00;
3F7C : 00;
3F7D : 00;
3F7E : 00;
3F7F : 00;
3F80 : 00;
3F81 : 00;
3F82 : 00;
3F83 : 00;
3F84 : 00;
3F85 : 00;
3F86 : 00;
3F87 : 00;
3F88 : 00;
3F89 : 00;
3F8A : 00;
3F8B : 00;
3F8C : 00;
3F8D : 00;
3F8E : 00;
3F8F : 00;
3F90 : 00;
3F91 : 00;
3F92 : 00;
3F93 : 00;
3F94 : 00;
3F95 : 00;
3F96 : 00;
3F97 : 00;
3F98 : 00;
3F99 : 00;
3F9A : 00;
3F9B : 00;
3F9C : 00;
3F9D : 00;
3F9E : 00;
3F9F : 00;
3FA0 : 00;
3FA1 : 00;
3FA2 : 00;
3FA3 : 00;
3FA4 : 00;
3FA5 : 00;
3FA6 : 00;
3FA7 : 00;
3FA8 : 00;
3FA9 : 00;
3FAA : 00;
3FAB : 00;
3FAC : 00;
3FAD : 00;
3FAE : 00;
3FAF : 00;
3FB0 : 00;
3FB1 : 00;
3FB2 : 00;
3FB3 : 00;
3FB4 : 00;
3FB5 : 00;
3FB6 : 00;
3FB7 : 00;
3FB8 : 00;
3FB9 : 00;
3FBA : 00;
3FBB : 00;
3FBC : 00;
3FBD : 00;
3FBE : 00;
3FBF : 00;
3FC0 : 00;
3FC1 : 00;
3FC2 : 00;
3FC3 : 00;
3FC4 : 00;
3FC5 : 00;
3FC6 : 00;
3FC7 : 00;
3FC8 : 00;
3FC9 : 00;
3FCA : 00;
3FCB : 00;
3FCC : 00;
3FCD : 00;
3FCE : 00;
3FCF : 00;
3FD0 : 00;
3FD1 : 00;
3FD2 : 00;
3FD3 : 00;
3FD4 : 00;
3FD5 : 00;
3FD6 : 00;
3FD7 : 00;
3FD8 : 00;
3FD9 : 00;
3FDA : 00;
3FDB : 00;
3FDC : 00;
3FDD : 00;
3FDE : 00;
3FDF : 00;
3FE0 : 00;
3FE1 : 00;
3FE2 : 00;
3FE3 : 00;
3FE4 : 00;
3FE5 : 00;
3FE6 : 00;
3FE7 : 00;
3FE8 : 00;
3FE9 : 00;
3FEA : 00;
3FEB : 00;
3FEC : 00;
3FED : 00;
3FEE : 00;
3FEF : 00;
3FF0 : 00;
3FF1 : 00;
3FF2 : 00;
3FF3 : 00;
3FF4 : 00;
3FF5 : 00;
3FF6 : 00;
3FF7 : 00;
3FF8 : 00;
3FF9 : 00;
3FFA : 00;
3FFB : 00;
3FFC : 00;
3FFD : 00;
3FFE : 00;
3FFF : 00;
END;
